[     272ms] [LOG] [Fast Refresh] rebuilding @ http://localhost:3000/_next/static/chunks/node_modules_next_dist_115brz8._.js:2477
[     624ms] [LOG] [Fast Refresh] done in 455ms @ http://localhost:3000/_next/static/chunks/node_modules_next_dist_115brz8._.js:2477
[    1275ms] [INFO] %cDownload the React DevTools for a better development experience: https://react.dev/link/react-devtools font-weight:bold @ http://localhost:3000/_next/static/chunks/node_modules_next_dist_115brz8._.js:2477
[    1317ms] [LOG] [HMR] connected @ http://localhost:3000/_next/static/chunks/node_modules_next_dist_115brz8._.js:2477
[   25846ms] [LOG] [Fast Refresh] rebuilding @ http://localhost:3000/_next/static/chunks/node_modules_next_dist_115brz8._.js:2477
[   25871ms] [LOG] [Fast Refresh] done in 129ms @ http://localhost:3000/_next/static/chunks/node_modules_next_dist_115brz8._.js:2477
[   72734ms] [LOG] [Fast Refresh] rebuilding @ http://localhost:3000/_next/static/chunks/node_modules_next_dist_115brz8._.js:2477
[   74292ms] [LOG] [Fast Refresh] done in 1674ms @ http://localhost:3000/_next/static/chunks/node_modules_next_dist_115brz8._.js:2477
[   74310ms] [LOG] [Fast Refresh] rebuilding @ http://localhost:3000/_next/static/chunks/node_modules_next_dist_115brz8._.js:2477
[   74376ms] [LOG] [Fast Refresh] done in 43ms @ http://localhost:3000/_next/static/chunks/node_modules_next_dist_115brz8._.js:2477
[   74633ms] [LOG] [Fast Refresh] rebuilding @ http://localhost:3000/_next/static/chunks/node_modules_next_dist_115brz8._.js:2477
[   74833ms] [LOG] [Fast Refresh] done in 313ms @ http://localhost:3000/_next/static/chunks/node_modules_next_dist_115brz8._.js:2477
[  118920ms] [LOG] [Fast Refresh] rebuilding @ http://localhost:3000/_next/static/chunks/node_modules_next_dist_115brz8._.js:2477
[  120479ms] [LOG] [Fast Refresh] done in 1670ms @ http://localhost:3000/_next/static/chunks/node_modules_next_dist_115brz8._.js:2477
[  120627ms] [LOG] [Fast Refresh] rebuilding @ http://localhost:3000/_next/static/chunks/node_modules_next_dist_115brz8._.js:2477
[  120699ms] [LOG] [Fast Refresh] done in 68ms @ http://localhost:3000/_next/static/chunks/node_modules_next_dist_115brz8._.js:2477
[  121016ms] [LOG] [Fast Refresh] rebuilding @ http://localhost:3000/_next/static/chunks/node_modules_next_dist_115brz8._.js:2477
[  121285ms] [LOG] [Fast Refresh] done in 372ms @ http://localhost:3000/_next/static/chunks/node_modules_next_dist_115brz8._.js:2477
[  121507ms] [LOG] [Fast Refresh] rebuilding @ http://localhost:3000/_next/static/chunks/node_modules_next_dist_115brz8._.js:2477
[  121513ms] [LOG] [Fast Refresh] done in 113ms @ http://localhost:3000/_next/static/chunks/node_modules_next_dist_115brz8._.js:2477
[  318266ms] [LOG] [Fast Refresh] rebuilding @ http://localhost:3000/_next/static/chunks/node_modules_next_dist_115brz8._.js:2477
[  320787ms] [LOG] [Fast Refresh] done in 2609ms @ http://localhost:3000/_next/static/chunks/node_modules_next_dist_115brz8._.js:2477
[  321528ms] [LOG] [Fast Refresh] rebuilding @ http://localhost:3000/_next/static/chunks/node_modules_next_dist_115brz8._.js:2477
[  321760ms] [LOG] [Fast Refresh] done in 331ms @ http://localhost:3000/_next/static/chunks/node_modules_next_dist_115brz8._.js:2477
[  452822ms] [LOG] [Fast Refresh] rebuilding @ http://localhost:3000/_next/static/chunks/node_modules_next_dist_115brz8._.js:2477
[  454553ms] [LOG] [Fast Refresh] done in 1846ms @ http://localhost:3000/_next/static/chunks/node_modules_next_dist_115brz8._.js:2477
[  466964ms] [LOG] [Fast Refresh] rebuilding @ http://localhost:3000/_next/static/chunks/node_modules_next_dist_115brz8._.js:2477
[  467017ms] [LOG] [Fast Refresh] done in 67ms @ http://localhost:3000/_next/static/chunks/node_modules_next_dist_115brz8._.js:2477
[  467436ms] [LOG] [Fast Refresh] rebuilding @ http://localhost:3000/_next/static/chunks/node_modules_next_dist_115brz8._.js:2477
[  467671ms] [LOG] [Fast Refresh] done in 337ms @ http://localhost:3000/_next/static/chunks/node_modules_next_dist_115brz8._.js:2477
[  551307ms] [LOG] [Fast Refresh] rebuilding @ http://localhost:3000/_next/static/chunks/node_modules_next_dist_115brz8._.js:2477
[  551639ms] [LOG] [Fast Refresh] done in 445ms @ http://localhost:3000/_next/static/chunks/node_modules_next_dist_115brz8._.js:2477
[  577654ms] [LOG] [Fast Refresh] rebuilding @ http://localhost:3000/_next/static/chunks/node_modules_next_dist_115brz8._.js:2477
[  578074ms] [LOG] [Fast Refresh] done in 535ms @ http://localhost:3000/_next/static/chunks/node_modules_next_dist_115brz8._.js:2477
[ 1074140ms] [LOG] [Fast Refresh] rebuilding @ http://localhost:3000/_next/static/chunks/node_modules_next_dist_115brz8._.js:2477
[ 1076000ms] [LOG] [Fast Refresh] done in 1832ms @ http://localhost:3000/_next/static/chunks/node_modules_next_dist_115brz8._.js:2477
[ 1076679ms] [LOG] [Fast Refresh] rebuilding @ http://localhost:3000/_next/static/chunks/node_modules_next_dist_115brz8._.js:2477
[ 1076893ms] [LOG] [Fast Refresh] done in 318ms @ http://localhost:3000/_next/static/chunks/node_modules_next_dist_115brz8._.js:2477
[ 1087454ms] [LOG] [Fast Refresh] rebuilding @ http://localhost:3000/_next/static/chunks/node_modules_next_dist_115brz8._.js:2477
[ 1087506ms] [LOG] [Fast Refresh] done in 66ms @ http://localhost:3000/_next/static/chunks/node_modules_next_dist_115brz8._.js:2477
[ 1087755ms] [LOG] [Fast Refresh] rebuilding @ http://localhost:3000/_next/static/chunks/node_modules_next_dist_115brz8._.js:2477
[ 1087956ms] [LOG] [Fast Refresh] done in 306ms @ http://localhost:3000/_next/static/chunks/node_modules_next_dist_115brz8._.js:2477
[ 1096123ms] [LOG] [Fast Refresh] rebuilding @ http://localhost:3000/_next/static/chunks/node_modules_next_dist_115brz8._.js:2477
[ 1097244ms] [ERROR] ./app/settings/VenueForm.tsx:108:6
Unterminated regexp literal
  106 |         </button>
  107 |       </form>
> 108 |     </section>
      |      ^^^^^^^^^
  109 |   );
  110 | }
  111 |

Parsing ecmascript source code failed

Import trace:
  Server Component:
    ./app/settings/VenueForm.tsx
    ./app/settings/page.tsx @ http://localhost:3000/_next/static/chunks/node_modules_next_dist_115brz8._.js:3318
[ 1097305ms] [ERROR] ./app/settings/VenueForm.tsx:108:6
Unterminated regexp literal
  106 |         </button>
  107 |       </form>
> 108 |     </section>
      |      ^^^^^^^^^
  109 |   );
  110 | }
  111 |

Parsing ecmascript source code failed

Import trace:
  Server Component:
    ./app/settings/VenueForm.tsx
    ./app/settings/page.tsx @ http://localhost:3000/_next/static/chunks/node_modules_next_dist_115brz8._.js:3318
[ 1097367ms] [ERROR] ./app/settings/VenueForm.tsx:108:6
Unterminated regexp literal
  106 |         </button>
  107 |       </form>
> 108 |     </section>
      |      ^^^^^^^^^
  109 |   );
  110 | }
  111 |

Parsing ecmascript source code failed

Import trace:
  Server Component:
    ./app/settings/VenueForm.tsx
    ./app/settings/page.tsx @ http://localhost:3000/_next/static/chunks/node_modules_next_dist_115brz8._.js:3318
[ 1097429ms] [ERROR] ./app/settings/VenueForm.tsx:108:6
Unterminated regexp literal
  106 |         </button>
  107 |       </form>
> 108 |     </section>
      |      ^^^^^^^^^
  109 |   );
  110 | }
  111 |

Parsing ecmascript source code failed

Import trace:
  Server Component:
    ./app/settings/VenueForm.tsx
    ./app/settings/page.tsx @ http://localhost:3000/_next/static/chunks/node_modules_next_dist_115brz8._.js:3318
[ 1097491ms] [ERROR] ./app/settings/VenueForm.tsx:108:6
Unterminated regexp literal
  106 |         </button>
  107 |       </form>
> 108 |     </section>
      |      ^^^^^^^^^
  109 |   );
  110 | }
  111 |

Parsing ecmascript source code failed

Import trace:
  Server Component:
    ./app/settings/VenueForm.tsx
    ./app/settings/page.tsx @ http://localhost:3000/_next/static/chunks/node_modules_next_dist_115brz8._.js:3318
[ 1097608ms] [ERROR] ./app/settings/VenueForm.tsx:108:6
Unterminated regexp literal
  106 |         </button>
  107 |       </form>
> 108 |     </section>
      |      ^^^^^^^^^
  109 |   );
  110 | }
  111 |

Parsing ecmascript source code failed

Import trace:
  Server Component:
    ./app/settings/VenueForm.tsx
    ./app/settings/page.tsx @ http://localhost:3000/_next/static/chunks/node_modules_next_dist_115brz8._.js:3318
[ 1097610ms] [ERROR] Failed to load resource: the server responded with a status of 500 (Internal Server Error) @ http://localhost:3000/settings?_rsc=fhiwusTLZatTrcft:0
[ 1097624ms] [LOG] [Fast Refresh] rebuilding @ http://localhost:3000/_next/static/chunks/node_modules_next_dist_115brz8._.js:2477
[ 1097680ms] [ERROR] ./app/settings/VenueForm.tsx:108:6
Unterminated regexp literal
  106 |         </button>
  107 |       </form>
> 108 |     </section>
      |      ^^^^^^^^^
  109 |   );
  110 | }
  111 |

Parsing ecmascript source code failed

Import trace:
  Server Component:
    ./app/settings/VenueForm.tsx
    ./app/settings/page.tsx @ http://localhost:3000/_next/static/chunks/node_modules_next_dist_115brz8._.js:3318
[ 1097741ms] [ERROR] ./app/settings/VenueForm.tsx:108:6
Unterminated regexp literal
  106 |         </button>
  107 |       </form>
> 108 |     </section>
      |      ^^^^^^^^^
  109 |   );
  110 | }
  111 |

Parsing ecmascript source code failed

Import trace:
  Server Component:
    ./app/settings/VenueForm.tsx
    ./app/settings/page.tsx @ http://localhost:3000/_next/static/chunks/node_modules_next_dist_115brz8._.js:3318
[ 1097767ms] [ERROR] Failed to load resource: the server responded with a status of 500 (Internal Server Error) @ http://localhost:3000/settings?_rsc=fhiwusTLZatTrcft:0
[ 1097812ms] [ERROR] Failed to load resource: the server responded with a status of 500 (Internal Server Error) @ http://localhost:3000/settings:0
[ 1097895ms] [INFO] %cDownload the React DevTools for a better development experience: https://react.dev/link/react-devtools font-weight:bold @ http://localhost:3000/_next/static/chunks/node_modules_react-dom_0bruynb._.js:15305
[ 1097968ms] Error: ./app/settings/VenueForm.tsx:108:6
Unterminated regexp literal
  106 |         </button>
  107 |       </form>
> 108 |     </section>
      |      ^^^^^^^^^
  109 |   );
  110 | }
  111 |

Parsing ecmascript source code failed

Import trace:
  Server Component:
    ./app/settings/VenueForm.tsx
    ./app/settings/page.tsx


    at <unknown> (Error: ./app/settings/VenueForm.tsx:108:6)
    at Object.getCompilationErrors (file://D:\קלוד קוד\פרויקט ניהול אירוח חכם\node_modules\next\dist\server\dev\hot-reloader-turbopack.js:1186:59)
    at DevBundlerService.getCompilationError (file://D:\קלוד קוד\פרויקט ניהול אירוח חכם\node_modules\next\dist\server\lib\dev-bundler-service.js:44:55)
    at DevServer.getCompilationError (file://D:\קלוד קוד\פרויקט ניהול אירוח חכם\node_modules\next\dist\server\dev\next-dev-server.js:720:42)
    at DevServer.findPageComponents (file://D:\קלוד קוד\פרויקט ניהול אירוח חכם\node_modules\next\dist\server\dev\next-dev-server.js:690:43)
    at async DevServer.renderErrorToResponseImpl (file://D:\קלוד קוד\פרויקט ניהול אירוח חכם\node_modules\next\dist\server\base-server.js:1753:26)
[ 1097967ms] [LOG] [HMR] connected @ http://localhost:3000/_next/static/chunks/node_modules_next_dist_0u_w_5s._.js:1226
[ 1097970ms] [ERROR] ./app/settings/VenueForm.tsx:108:6
Unterminated regexp literal
  106 |         </button>
  107 |       </form>
> 108 |     </section>
      |      ^^^^^^^^^
  109 |   );
  110 | }
  111 |

Parsing ecmascript source code failed

Import trace:
  Server Component:
    ./app/settings/VenueForm.tsx
    ./app/settings/page.tsx @ http://localhost:3000/_next/static/chunks/node_modules_next_dist_0u_w_5s._.js:1945
[ 1098084ms] [LOG] [Fast Refresh] rebuilding @ http://localhost:3000/_next/static/chunks/node_modules_next_dist_0u_w_5s._.js:1226
[ 1098155ms] [ERROR] ./app/settings/VenueForm.tsx:108:6
Unterminated regexp literal
  106 |         </button>
  107 |       </form>
> 108 |     </section>
      |      ^^^^^^^^^
  109 |   );
  110 | }
  111 |

Parsing ecmascript source code failed

Import trace:
  Server Component:
    ./app/settings/VenueForm.tsx
    ./app/settings/page.tsx @ http://localhost:3000/_next/static/chunks/node_modules_next_dist_0u_w_5s._.js:1945
[ 1098234ms] [ERROR] ./app/settings/VenueForm.tsx:108:6
Unterminated regexp literal
  106 |         </button>
  107 |       </form>
> 108 |     </section>
      |      ^^^^^^^^^
  109 |   );
  110 | }
  111 |

Parsing ecmascript source code failed

Import trace:
  Server Component:
    ./app/settings/VenueForm.tsx
    ./app/settings/page.tsx @ http://localhost:3000/_next/static/chunks/node_modules_next_dist_0u_w_5s._.js:1945
[ 1098309ms] [ERROR] ./app/settings/VenueForm.tsx:108:6
Unterminated regexp literal
  106 |         </button>
  107 |       </form>
> 108 |     </section>
      |      ^^^^^^^^^
  109 |   );
  110 | }
  111 |

Parsing ecmascript source code failed

Import trace:
  Server Component:
    ./app/settings/VenueForm.tsx
    ./app/settings/page.tsx @ http://localhost:3000/_next/static/chunks/node_modules_next_dist_0u_w_5s._.js:1945
[ 1098369ms] [ERROR] ./app/settings/VenueForm.tsx:108:6
Unterminated regexp literal
  106 |         </button>
  107 |       </form>
> 108 |     </section>
      |      ^^^^^^^^^
  109 |   );
  110 | }
  111 |

Parsing ecmascript source code failed

Import trace:
  Server Component:
    ./app/settings/VenueForm.tsx
    ./app/settings/page.tsx @ http://localhost:3000/_next/static/chunks/node_modules_next_dist_0u_w_5s._.js:1945
[ 1098439ms] [ERROR] ./app/settings/VenueForm.tsx:108:6
Unterminated regexp literal
  106 |         </button>
  107 |       </form>
> 108 |     </section>
      |      ^^^^^^^^^
  109 |   );
  110 | }
  111 |

Parsing ecmascript source code failed

Import trace:
  Server Component:
    ./app/settings/VenueForm.tsx
    ./app/settings/page.tsx @ http://localhost:3000/_next/static/chunks/node_modules_next_dist_0u_w_5s._.js:1945
[ 1098501ms] [ERROR] ./app/settings/VenueForm.tsx:108:6
Unterminated regexp literal
  106 |         </button>
  107 |       </form>
> 108 |     </section>
      |      ^^^^^^^^^
  109 |   );
  110 | }
  111 |

Parsing ecmascript source code failed

Import trace:
  Server Component:
    ./app/settings/VenueForm.tsx
    ./app/settings/page.tsx @ http://localhost:3000/_next/static/chunks/node_modules_next_dist_0u_w_5s._.js:1945
[ 1098558ms] [ERROR] ./app/settings/VenueForm.tsx:108:6
Unterminated regexp literal
  106 |         </button>
  107 |       </form>
> 108 |     </section>
      |      ^^^^^^^^^
  109 |   );
  110 | }
  111 |

Parsing ecmascript source code failed

Import trace:
  Server Component:
    ./app/settings/VenueForm.tsx
    ./app/settings/page.tsx @ http://localhost:3000/_next/static/chunks/node_modules_next_dist_0u_w_5s._.js:1945
[ 1098621ms] [ERROR] ./app/settings/VenueForm.tsx:108:6
Unterminated regexp literal
  106 |         </button>
  107 |       </form>
> 108 |     </section>
      |      ^^^^^^^^^
  109 |   );
  110 | }
  111 |

Parsing ecmascript source code failed

Import trace:
  Server Component:
    ./app/settings/VenueForm.tsx
    ./app/settings/page.tsx @ http://localhost:3000/_next/static/chunks/node_modules_next_dist_0u_w_5s._.js:1945
[ 1098684ms] [ERROR] ./app/settings/VenueForm.tsx:108:6
Unterminated regexp literal
  106 |         </button>
  107 |       </form>
> 108 |     </section>
      |      ^^^^^^^^^
  109 |   );
  110 | }
  111 |

Parsing ecmascript source code failed

Import trace:
  Server Component:
    ./app/settings/VenueForm.tsx
    ./app/settings/page.tsx @ http://localhost:3000/_next/static/chunks/node_modules_next_dist_0u_w_5s._.js:1945
[ 1098747ms] [ERROR] ./app/settings/VenueForm.tsx:108:6
Unterminated regexp literal
  106 |         </button>
  107 |       </form>
> 108 |     </section>
      |      ^^^^^^^^^
  109 |   );
  110 | }
  111 |

Parsing ecmascript source code failed

Import trace:
  Server Component:
    ./app/settings/VenueForm.tsx
    ./app/settings/page.tsx @ http://localhost:3000/_next/static/chunks/node_modules_next_dist_0u_w_5s._.js:1945
[ 1098811ms] [ERROR] ./app/settings/VenueForm.tsx:108:6
Unterminated regexp literal
  106 |         </button>
  107 |       </form>
> 108 |     </section>
      |      ^^^^^^^^^
  109 |   );
  110 | }
  111 |

Parsing ecmascript source code failed

Import trace:
  Server Component:
    ./app/settings/VenueForm.tsx
    ./app/settings/page.tsx @ http://localhost:3000/_next/static/chunks/node_modules_next_dist_0u_w_5s._.js:1945
[ 1098874ms] [ERROR] ./app/settings/VenueForm.tsx:108:6
Unterminated regexp literal
  106 |         </button>
  107 |       </form>
> 108 |     </section>
      |      ^^^^^^^^^
  109 |   );
  110 | }
  111 |

Parsing ecmascript source code failed

Import trace:
  Server Component:
    ./app/settings/VenueForm.tsx
    ./app/settings/page.tsx @ http://localhost:3000/_next/static/chunks/node_modules_next_dist_0u_w_5s._.js:1945
[ 1098937ms] [ERROR] ./app/settings/VenueForm.tsx:108:6
Unterminated regexp literal
  106 |         </button>
  107 |       </form>
> 108 |     </section>
      |      ^^^^^^^^^
  109 |   );
  110 | }
  111 |

Parsing ecmascript source code failed

Import trace:
  Server Component:
    ./app/settings/VenueForm.tsx
    ./app/settings/page.tsx @ http://localhost:3000/_next/static/chunks/node_modules_next_dist_0u_w_5s._.js:1945
[ 1099000ms] [ERROR] ./app/settings/VenueForm.tsx:108:6
Unterminated regexp literal
  106 |         </button>
  107 |       </form>
> 108 |     </section>
      |      ^^^^^^^^^
  109 |   );
  110 | }
  111 |

Parsing ecmascript source code failed

Import trace:
  Server Component:
    ./app/settings/VenueForm.tsx
    ./app/settings/page.tsx @ http://localhost:3000/_next/static/chunks/node_modules_next_dist_0u_w_5s._.js:1945
[ 1099063ms] [ERROR] ./app/settings/VenueForm.tsx:108:6
Unterminated regexp literal
  106 |         </button>
  107 |       </form>
> 108 |     </section>
      |      ^^^^^^^^^
  109 |   );
  110 | }
  111 |

Parsing ecmascript source code failed

Import trace:
  Server Component:
    ./app/settings/VenueForm.tsx
    ./app/settings/page.tsx @ http://localhost:3000/_next/static/chunks/node_modules_next_dist_0u_w_5s._.js:1945
[ 1099126ms] [ERROR] ./app/settings/VenueForm.tsx:108:6
Unterminated regexp literal
  106 |         </button>
  107 |       </form>
> 108 |     </section>
      |      ^^^^^^^^^
  109 |   );
  110 | }
  111 |

Parsing ecmascript source code failed

Import trace:
  Server Component:
    ./app/settings/VenueForm.tsx
    ./app/settings/page.tsx @ http://localhost:3000/_next/static/chunks/node_modules_next_dist_0u_w_5s._.js:1945
[ 1099189ms] [ERROR] ./app/settings/VenueForm.tsx:108:6
Unterminated regexp literal
  106 |         </button>
  107 |       </form>
> 108 |     </section>
      |      ^^^^^^^^^
  109 |   );
  110 | }
  111 |

Parsing ecmascript source code failed

Import trace:
  Server Component:
    ./app/settings/VenueForm.tsx
    ./app/settings/page.tsx @ http://localhost:3000/_next/static/chunks/node_modules_next_dist_0u_w_5s._.js:1945
[ 1099252ms] [ERROR] ./app/settings/VenueForm.tsx:108:6
Unterminated regexp literal
  106 |         </button>
  107 |       </form>
> 108 |     </section>
      |      ^^^^^^^^^
  109 |   );
  110 | }
  111 |

Parsing ecmascript source code failed

Import trace:
  Server Component:
    ./app/settings/VenueForm.tsx
    ./app/settings/page.tsx @ http://localhost:3000/_next/static/chunks/node_modules_next_dist_0u_w_5s._.js:1945
[ 1099314ms] [ERROR] ./app/settings/VenueForm.tsx:108:6
Unterminated regexp literal
  106 |         </button>
  107 |       </form>
> 108 |     </section>
      |      ^^^^^^^^^
  109 |   );
  110 | }
  111 |

Parsing ecmascript source code failed

Import trace:
  Server Component:
    ./app/settings/VenueForm.tsx
    ./app/settings/page.tsx @ http://localhost:3000/_next/static/chunks/node_modules_next_dist_0u_w_5s._.js:1945
[ 1099374ms] [ERROR] ./app/settings/VenueForm.tsx:108:6
Unterminated regexp literal
  106 |         </button>
  107 |       </form>
> 108 |     </section>
      |      ^^^^^^^^^
  109 |   );
  110 | }
  111 |

Parsing ecmascript source code failed

Import trace:
  Server Component:
    ./app/settings/VenueForm.tsx
    ./app/settings/page.tsx @ http://localhost:3000/_next/static/chunks/node_modules_next_dist_0u_w_5s._.js:1945
[ 1099438ms] [ERROR] ./app/settings/VenueForm.tsx:108:6
Unterminated regexp literal
  106 |         </button>
  107 |       </form>
> 108 |     </section>
      |      ^^^^^^^^^
  109 |   );
  110 | }
  111 |

Parsing ecmascript source code failed

Import trace:
  Server Component:
    ./app/settings/VenueForm.tsx
    ./app/settings/page.tsx @ http://localhost:3000/_next/static/chunks/node_modules_next_dist_0u_w_5s._.js:1945
[ 1099500ms] [ERROR] ./app/settings/VenueForm.tsx:108:6
Unterminated regexp literal
  106 |         </button>
  107 |       </form>
> 108 |     </section>
      |      ^^^^^^^^^
  109 |   );
  110 | }
  111 |

Parsing ecmascript source code failed

Import trace:
  Server Component:
    ./app/settings/VenueForm.tsx
    ./app/settings/page.tsx @ http://localhost:3000/_next/static/chunks/node_modules_next_dist_0u_w_5s._.js:1945
[ 1099558ms] [ERROR] ./app/settings/VenueForm.tsx:108:6
Unterminated regexp literal
  106 |         </button>
  107 |       </form>
> 108 |     </section>
      |      ^^^^^^^^^
  109 |   );
  110 | }
  111 |

Parsing ecmascript source code failed

Import trace:
  Server Component:
    ./app/settings/VenueForm.tsx
    ./app/settings/page.tsx @ http://localhost:3000/_next/static/chunks/node_modules_next_dist_0u_w_5s._.js:1945
[ 1099620ms] [ERROR] ./app/settings/VenueForm.tsx:108:6
Unterminated regexp literal
  106 |         </button>
  107 |       </form>
> 108 |     </section>
      |      ^^^^^^^^^
  109 |   );
  110 | }
  111 |

Parsing ecmascript source code failed

Import trace:
  Server Component:
    ./app/settings/VenueForm.tsx
    ./app/settings/page.tsx @ http://localhost:3000/_next/static/chunks/node_modules_next_dist_0u_w_5s._.js:1945
[ 1099700ms] [ERROR] ./app/settings/VenueForm.tsx:108:6
Unterminated regexp literal
  106 |         </button>
  107 |       </form>
> 108 |     </section>
      |      ^^^^^^^^^
  109 |   );
  110 | }
  111 |

Parsing ecmascript source code failed

Import trace:
  Server Component:
    ./app/settings/VenueForm.tsx
    ./app/settings/page.tsx @ http://localhost:3000/_next/static/chunks/node_modules_next_dist_0u_w_5s._.js:1945
[ 1099780ms] [ERROR] ./app/settings/VenueForm.tsx:108:6
Unterminated regexp literal
  106 |         </button>
  107 |       </form>
> 108 |     </section>
      |      ^^^^^^^^^
  109 |   );
  110 | }
  111 |

Parsing ecmascript source code failed

Import trace:
  Server Component:
    ./app/settings/VenueForm.tsx
    ./app/settings/page.tsx @ http://localhost:3000/_next/static/chunks/node_modules_next_dist_0u_w_5s._.js:1945
[ 1099858ms] [ERROR] ./app/settings/VenueForm.tsx:108:6
Unterminated regexp literal
  106 |         </button>
  107 |       </form>
> 108 |     </section>
      |      ^^^^^^^^^
  109 |   );
  110 | }
  111 |

Parsing ecmascript source code failed

Import trace:
  Server Component:
    ./app/settings/VenueForm.tsx
    ./app/settings/page.tsx @ http://localhost:3000/_next/static/chunks/node_modules_next_dist_0u_w_5s._.js:1945
[ 1099937ms] [ERROR] ./app/settings/VenueForm.tsx:108:6
Unterminated regexp literal
  106 |         </button>
  107 |       </form>
> 108 |     </section>
      |      ^^^^^^^^^
  109 |   );
  110 | }
  111 |

Parsing ecmascript source code failed

Import trace:
  Server Component:
    ./app/settings/VenueForm.tsx
    ./app/settings/page.tsx @ http://localhost:3000/_next/static/chunks/node_modules_next_dist_0u_w_5s._.js:1945
[ 1100009ms] [ERROR] ./app/settings/VenueForm.tsx:108:6
Unterminated regexp literal
  106 |         </button>
  107 |       </form>
> 108 |     </section>
      |      ^^^^^^^^^
  109 |   );
  110 | }
  111 |

Parsing ecmascript source code failed

Import trace:
  Server Component:
    ./app/settings/VenueForm.tsx
    ./app/settings/page.tsx @ http://localhost:3000/_next/static/chunks/node_modules_next_dist_0u_w_5s._.js:1945
[ 1100074ms] [ERROR] ./app/settings/VenueForm.tsx:108:6
Unterminated regexp literal
  106 |         </button>
  107 |       </form>
> 108 |     </section>
      |      ^^^^^^^^^
  109 |   );
  110 | }
  111 |

Parsing ecmascript source code failed

Import trace:
  Server Component:
    ./app/settings/VenueForm.tsx
    ./app/settings/page.tsx @ http://localhost:3000/_next/static/chunks/node_modules_next_dist_0u_w_5s._.js:1945
[ 1100135ms] [ERROR] ./app/settings/VenueForm.tsx:108:6
Unterminated regexp literal
  106 |         </button>
  107 |       </form>
> 108 |     </section>
      |      ^^^^^^^^^
  109 |   );
  110 | }
  111 |

Parsing ecmascript source code failed

Import trace:
  Server Component:
    ./app/settings/VenueForm.tsx
    ./app/settings/page.tsx @ http://localhost:3000/_next/static/chunks/node_modules_next_dist_0u_w_5s._.js:1945
[ 1100198ms] [ERROR] ./app/settings/VenueForm.tsx:108:6
Unterminated regexp literal
  106 |         </button>
  107 |       </form>
> 108 |     </section>
      |      ^^^^^^^^^
  109 |   );
  110 | }
  111 |

Parsing ecmascript source code failed

Import trace:
  Server Component:
    ./app/settings/VenueForm.tsx
    ./app/settings/page.tsx @ http://localhost:3000/_next/static/chunks/node_modules_next_dist_0u_w_5s._.js:1945
[ 1100259ms] [ERROR] ./app/settings/VenueForm.tsx:108:6
Unterminated regexp literal
  106 |         </button>
  107 |       </form>
> 108 |     </section>
      |      ^^^^^^^^^
  109 |   );
  110 | }
  111 |

Parsing ecmascript source code failed

Import trace:
  Server Component:
    ./app/settings/VenueForm.tsx
    ./app/settings/page.tsx @ http://localhost:3000/_next/static/chunks/node_modules_next_dist_0u_w_5s._.js:1945
[ 1100323ms] [ERROR] ./app/settings/VenueForm.tsx:108:6
Unterminated regexp literal
  106 |         </button>
  107 |       </form>
> 108 |     </section>
      |      ^^^^^^^^^
  109 |   );
  110 | }
  111 |

Parsing ecmascript source code failed

Import trace:
  Server Component:
    ./app/settings/VenueForm.tsx
    ./app/settings/page.tsx @ http://localhost:3000/_next/static/chunks/node_modules_next_dist_0u_w_5s._.js:1945
[ 1100386ms] [ERROR] ./app/settings/VenueForm.tsx:108:6
Unterminated regexp literal
  106 |         </button>
  107 |       </form>
> 108 |     </section>
      |      ^^^^^^^^^
  109 |   );
  110 | }
  111 |

Parsing ecmascript source code failed

Import trace:
  Server Component:
    ./app/settings/VenueForm.tsx
    ./app/settings/page.tsx @ http://localhost:3000/_next/static/chunks/node_modules_next_dist_0u_w_5s._.js:1945
[ 1100448ms] [ERROR] ./app/settings/VenueForm.tsx:108:6
Unterminated regexp literal
  106 |         </button>
  107 |       </form>
> 108 |     </section>
      |      ^^^^^^^^^
  109 |   );
  110 | }
  111 |

Parsing ecmascript source code failed

Import trace:
  Server Component:
    ./app/settings/VenueForm.tsx
    ./app/settings/page.tsx @ http://localhost:3000/_next/static/chunks/node_modules_next_dist_0u_w_5s._.js:1945
[ 1100511ms] [ERROR] ./app/settings/VenueForm.tsx:108:6
Unterminated regexp literal
  106 |         </button>
  107 |       </form>
> 108 |     </section>
      |      ^^^^^^^^^
  109 |   );
  110 | }
  111 |

Parsing ecmascript source code failed

Import trace:
  Server Component:
    ./app/settings/VenueForm.tsx
    ./app/settings/page.tsx @ http://localhost:3000/_next/static/chunks/node_modules_next_dist_0u_w_5s._.js:1945
[ 1100572ms] [ERROR] ./app/settings/VenueForm.tsx:108:6
Unterminated regexp literal
  106 |         </button>
  107 |       </form>
> 108 |     </section>
      |      ^^^^^^^^^
  109 |   );
  110 | }
  111 |

Parsing ecmascript source code failed

Import trace:
  Server Component:
    ./app/settings/VenueForm.tsx
    ./app/settings/page.tsx @ http://localhost:3000/_next/static/chunks/node_modules_next_dist_0u_w_5s._.js:1945
[ 1100635ms] [ERROR] ./app/settings/VenueForm.tsx:108:6
Unterminated regexp literal
  106 |         </button>
  107 |       </form>
> 108 |     </section>
      |      ^^^^^^^^^
  109 |   );
  110 | }
  111 |

Parsing ecmascript source code failed

Import trace:
  Server Component:
    ./app/settings/VenueForm.tsx
    ./app/settings/page.tsx @ http://localhost:3000/_next/static/chunks/node_modules_next_dist_0u_w_5s._.js:1945
[ 1100698ms] [ERROR] ./app/settings/VenueForm.tsx:108:6
Unterminated regexp literal
  106 |         </button>
  107 |       </form>
> 108 |     </section>
      |      ^^^^^^^^^
  109 |   );
  110 | }
  111 |

Parsing ecmascript source code failed

Import trace:
  Server Component:
    ./app/settings/VenueForm.tsx
    ./app/settings/page.tsx @ http://localhost:3000/_next/static/chunks/node_modules_next_dist_0u_w_5s._.js:1945
[ 1100761ms] [ERROR] ./app/settings/VenueForm.tsx:108:6
Unterminated regexp literal
  106 |         </button>
  107 |       </form>
> 108 |     </section>
      |      ^^^^^^^^^
  109 |   );
  110 | }
  111 |

Parsing ecmascript source code failed

Import trace:
  Server Component:
    ./app/settings/VenueForm.tsx
    ./app/settings/page.tsx @ http://localhost:3000/_next/static/chunks/node_modules_next_dist_0u_w_5s._.js:1945
[ 1100823ms] [ERROR] ./app/settings/VenueForm.tsx:108:6
Unterminated regexp literal
  106 |         </button>
  107 |       </form>
> 108 |     </section>
      |      ^^^^^^^^^
  109 |   );
  110 | }
  111 |

Parsing ecmascript source code failed

Import trace:
  Server Component:
    ./app/settings/VenueForm.tsx
    ./app/settings/page.tsx @ http://localhost:3000/_next/static/chunks/node_modules_next_dist_0u_w_5s._.js:1945
[ 1100886ms] [ERROR] ./app/settings/VenueForm.tsx:108:6
Unterminated regexp literal
  106 |         </button>
  107 |       </form>
> 108 |     </section>
      |      ^^^^^^^^^
  109 |   );
  110 | }
  111 |

Parsing ecmascript source code failed

Import trace:
  Server Component:
    ./app/settings/VenueForm.tsx
    ./app/settings/page.tsx @ http://localhost:3000/_next/static/chunks/node_modules_next_dist_0u_w_5s._.js:1945
[ 1100971ms] [ERROR] ./app/settings/VenueForm.tsx:108:6
Unterminated regexp literal
  106 |         </button>
  107 |       </form>
> 108 |     </section>
      |      ^^^^^^^^^
  109 |   );
  110 | }
  111 |

Parsing ecmascript source code failed

Import trace:
  Server Component:
    ./app/settings/VenueForm.tsx
    ./app/settings/page.tsx @ http://localhost:3000/_next/static/chunks/node_modules_next_dist_0u_w_5s._.js:1945
[ 1101034ms] [ERROR] ./app/settings/VenueForm.tsx:108:6
Unterminated regexp literal
  106 |         </button>
  107 |       </form>
> 108 |     </section>
      |      ^^^^^^^^^
  109 |   );
  110 | }
  111 |

Parsing ecmascript source code failed

Import trace:
  Server Component:
    ./app/settings/VenueForm.tsx
    ./app/settings/page.tsx @ http://localhost:3000/_next/static/chunks/node_modules_next_dist_0u_w_5s._.js:1945
[ 1101111ms] [ERROR] ./app/settings/VenueForm.tsx:108:6
Unterminated regexp literal
  106 |         </button>
  107 |       </form>
> 108 |     </section>
      |      ^^^^^^^^^
  109 |   );
  110 | }
  111 |

Parsing ecmascript source code failed

Import trace:
  Server Component:
    ./app/settings/VenueForm.tsx
    ./app/settings/page.tsx @ http://localhost:3000/_next/static/chunks/node_modules_next_dist_0u_w_5s._.js:1945
[ 1101188ms] [ERROR] ./app/settings/VenueForm.tsx:108:6
Unterminated regexp literal
  106 |         </button>
  107 |       </form>
> 108 |     </section>
      |      ^^^^^^^^^
  109 |   );
  110 | }
  111 |

Parsing ecmascript source code failed

Import trace:
  Server Component:
    ./app/settings/VenueForm.tsx
    ./app/settings/page.tsx @ http://localhost:3000/_next/static/chunks/node_modules_next_dist_0u_w_5s._.js:1945
[ 1101266ms] [ERROR] ./app/settings/VenueForm.tsx:108:6
Unterminated regexp literal
  106 |         </button>
  107 |       </form>
> 108 |     </section>
      |      ^^^^^^^^^
  109 |   );
  110 | }
  111 |

Parsing ecmascript source code failed

Import trace:
  Server Component:
    ./app/settings/VenueForm.tsx
    ./app/settings/page.tsx @ http://localhost:3000/_next/static/chunks/node_modules_next_dist_0u_w_5s._.js:1945
[ 1101340ms] [ERROR] ./app/settings/VenueForm.tsx:108:6
Unterminated regexp literal
  106 |         </button>
  107 |       </form>
> 108 |     </section>
      |      ^^^^^^^^^
  109 |   );
  110 | }
  111 |

Parsing ecmascript source code failed

Import trace:
  Server Component:
    ./app/settings/VenueForm.tsx
    ./app/settings/page.tsx @ http://localhost:3000/_next/static/chunks/node_modules_next_dist_0u_w_5s._.js:1945
[ 1101403ms] [ERROR] ./app/settings/VenueForm.tsx:108:6
Unterminated regexp literal
  106 |         </button>
  107 |       </form>
> 108 |     </section>
      |      ^^^^^^^^^
  109 |   );
  110 | }
  111 |

Parsing ecmascript source code failed

Import trace:
  Server Component:
    ./app/settings/VenueForm.tsx
    ./app/settings/page.tsx @ http://localhost:3000/_next/static/chunks/node_modules_next_dist_0u_w_5s._.js:1945
[ 1101466ms] [ERROR] ./app/settings/VenueForm.tsx:108:6
Unterminated regexp literal
  106 |         </button>
  107 |       </form>
> 108 |     </section>
      |      ^^^^^^^^^
  109 |   );
  110 | }
  111 |

Parsing ecmascript source code failed

Import trace:
  Server Component:
    ./app/settings/VenueForm.tsx
    ./app/settings/page.tsx @ http://localhost:3000/_next/static/chunks/node_modules_next_dist_0u_w_5s._.js:1945
[ 1101528ms] [ERROR] ./app/settings/VenueForm.tsx:108:6
Unterminated regexp literal
  106 |         </button>
  107 |       </form>
> 108 |     </section>
      |      ^^^^^^^^^
  109 |   );
  110 | }
  111 |

Parsing ecmascript source code failed

Import trace:
  Server Component:
    ./app/settings/VenueForm.tsx
    ./app/settings/page.tsx @ http://localhost:3000/_next/static/chunks/node_modules_next_dist_0u_w_5s._.js:1945
[ 1101593ms] [ERROR] ./app/settings/VenueForm.tsx:108:6
Unterminated regexp literal
  106 |         </button>
  107 |       </form>
> 108 |     </section>
      |      ^^^^^^^^^
  109 |   );
  110 | }
  111 |

Parsing ecmascript source code failed

Import trace:
  Server Component:
    ./app/settings/VenueForm.tsx
    ./app/settings/page.tsx @ http://localhost:3000/_next/static/chunks/node_modules_next_dist_0u_w_5s._.js:1945
[ 1101655ms] [ERROR] ./app/settings/VenueForm.tsx:108:6
Unterminated regexp literal
  106 |         </button>
  107 |       </form>
> 108 |     </section>
      |      ^^^^^^^^^
  109 |   );
  110 | }
  111 |

Parsing ecmascript source code failed

Import trace:
  Server Component:
    ./app/settings/VenueForm.tsx
    ./app/settings/page.tsx @ http://localhost:3000/_next/static/chunks/node_modules_next_dist_0u_w_5s._.js:1945
[ 1101733ms] [ERROR] ./app/settings/VenueForm.tsx:108:6
Unterminated regexp literal
  106 |         </button>
  107 |       </form>
> 108 |     </section>
      |      ^^^^^^^^^
  109 |   );
  110 | }
  111 |

Parsing ecmascript source code failed

Import trace:
  Server Component:
    ./app/settings/VenueForm.tsx
    ./app/settings/page.tsx @ http://localhost:3000/_next/static/chunks/node_modules_next_dist_0u_w_5s._.js:1945
[ 1101795ms] [ERROR] ./app/settings/VenueForm.tsx:108:6
Unterminated regexp literal
  106 |         </button>
  107 |       </form>
> 108 |     </section>
      |      ^^^^^^^^^
  109 |   );
  110 | }
  111 |

Parsing ecmascript source code failed

Import trace:
  Server Component:
    ./app/settings/VenueForm.tsx
    ./app/settings/page.tsx @ http://localhost:3000/_next/static/chunks/node_modules_next_dist_0u_w_5s._.js:1945
[ 1101857ms] [ERROR] ./app/settings/VenueForm.tsx:108:6
Unterminated regexp literal
  106 |         </button>
  107 |       </form>
> 108 |     </section>
      |      ^^^^^^^^^
  109 |   );
  110 | }
  111 |

Parsing ecmascript source code failed

Import trace:
  Server Component:
    ./app/settings/VenueForm.tsx
    ./app/settings/page.tsx @ http://localhost:3000/_next/static/chunks/node_modules_next_dist_0u_w_5s._.js:1945
[ 1101921ms] [ERROR] ./app/settings/VenueForm.tsx:108:6
Unterminated regexp literal
  106 |         </button>
  107 |       </form>
> 108 |     </section>
      |      ^^^^^^^^^
  109 |   );
  110 | }
  111 |

Parsing ecmascript source code failed

Import trace:
  Server Component:
    ./app/settings/VenueForm.tsx
    ./app/settings/page.tsx @ http://localhost:3000/_next/static/chunks/node_modules_next_dist_0u_w_5s._.js:1945
[ 1101999ms] [ERROR] ./app/settings/VenueForm.tsx:108:6
Unterminated regexp literal
  106 |         </button>
  107 |       </form>
> 108 |     </section>
      |      ^^^^^^^^^
  109 |   );
  110 | }
  111 |

Parsing ecmascript source code failed

Import trace:
  Server Component:
    ./app/settings/VenueForm.tsx
    ./app/settings/page.tsx @ http://localhost:3000/_next/static/chunks/node_modules_next_dist_0u_w_5s._.js:1945
[ 1102077ms] [ERROR] ./app/settings/VenueForm.tsx:108:6
Unterminated regexp literal
  106 |         </button>
  107 |       </form>
> 108 |     </section>
      |      ^^^^^^^^^
  109 |   );
  110 | }
  111 |

Parsing ecmascript source code failed

Import trace:
  Server Component:
    ./app/settings/VenueForm.tsx
    ./app/settings/page.tsx @ http://localhost:3000/_next/static/chunks/node_modules_next_dist_0u_w_5s._.js:1945
[ 1102156ms] [ERROR] ./app/settings/VenueForm.tsx:108:6
Unterminated regexp literal
  106 |         </button>
  107 |       </form>
> 108 |     </section>
      |      ^^^^^^^^^
  109 |   );
  110 | }
  111 |

Parsing ecmascript source code failed

Import trace:
  Server Component:
    ./app/settings/VenueForm.tsx
    ./app/settings/page.tsx @ http://localhost:3000/_next/static/chunks/node_modules_next_dist_0u_w_5s._.js:1945
[ 1102235ms] [ERROR] ./app/settings/VenueForm.tsx:108:6
Unterminated regexp literal
  106 |         </button>
  107 |       </form>
> 108 |     </section>
      |      ^^^^^^^^^
  109 |   );
  110 | }
  111 |

Parsing ecmascript source code failed

Import trace:
  Server Component:
    ./app/settings/VenueForm.tsx
    ./app/settings/page.tsx @ http://localhost:3000/_next/static/chunks/node_modules_next_dist_0u_w_5s._.js:1945
[ 1102312ms] [ERROR] ./app/settings/VenueForm.tsx:108:6
Unterminated regexp literal
  106 |         </button>
  107 |       </form>
> 108 |     </section>
      |      ^^^^^^^^^
  109 |   );
  110 | }
  111 |

Parsing ecmascript source code failed

Import trace:
  Server Component:
    ./app/settings/VenueForm.tsx
    ./app/settings/page.tsx @ http://localhost:3000/_next/static/chunks/node_modules_next_dist_0u_w_5s._.js:1945
[ 1102373ms] [ERROR] ./app/settings/VenueForm.tsx:108:6
Unterminated regexp literal
  106 |         </button>
  107 |       </form>
> 108 |     </section>
      |      ^^^^^^^^^
  109 |   );
  110 | }
  111 |

Parsing ecmascript source code failed

Import trace:
  Server Component:
    ./app/settings/VenueForm.tsx
    ./app/settings/page.tsx @ http://localhost:3000/_next/static/chunks/node_modules_next_dist_0u_w_5s._.js:1945
[ 1102435ms] [ERROR] ./app/settings/VenueForm.tsx:108:6
Unterminated regexp literal
  106 |         </button>
  107 |       </form>
> 108 |     </section>
      |      ^^^^^^^^^
  109 |   );
  110 | }
  111 |

Parsing ecmascript source code failed

Import trace:
  Server Component:
    ./app/settings/VenueForm.tsx
    ./app/settings/page.tsx @ http://localhost:3000/_next/static/chunks/node_modules_next_dist_0u_w_5s._.js:1945
[ 1102497ms] [ERROR] ./app/settings/VenueForm.tsx:108:6
Unterminated regexp literal
  106 |         </button>
  107 |       </form>
> 108 |     </section>
      |      ^^^^^^^^^
  109 |   );
  110 | }
  111 |

Parsing ecmascript source code failed

Import trace:
  Server Component:
    ./app/settings/VenueForm.tsx
    ./app/settings/page.tsx @ http://localhost:3000/_next/static/chunks/node_modules_next_dist_0u_w_5s._.js:1945
[ 1102558ms] [ERROR] ./app/settings/VenueForm.tsx:108:6
Unterminated regexp literal
  106 |         </button>
  107 |       </form>
> 108 |     </section>
      |      ^^^^^^^^^
  109 |   );
  110 | }
  111 |

Parsing ecmascript source code failed

Import trace:
  Server Component:
    ./app/settings/VenueForm.tsx
    ./app/settings/page.tsx @ http://localhost:3000/_next/static/chunks/node_modules_next_dist_0u_w_5s._.js:1945
[ 1102622ms] [ERROR] ./app/settings/VenueForm.tsx:108:6
Unterminated regexp literal
  106 |         </button>
  107 |       </form>
> 108 |     </section>
      |      ^^^^^^^^^
  109 |   );
  110 | }
  111 |

Parsing ecmascript source code failed

Import trace:
  Server Component:
    ./app/settings/VenueForm.tsx
    ./app/settings/page.tsx @ http://localhost:3000/_next/static/chunks/node_modules_next_dist_0u_w_5s._.js:1945
[ 1102682ms] [ERROR] ./app/settings/VenueForm.tsx:108:6
Unterminated regexp literal
  106 |         </button>
  107 |       </form>
> 108 |     </section>
      |      ^^^^^^^^^
  109 |   );
  110 | }
  111 |

Parsing ecmascript source code failed

Import trace:
  Server Component:
    ./app/settings/VenueForm.tsx
    ./app/settings/page.tsx @ http://localhost:3000/_next/static/chunks/node_modules_next_dist_0u_w_5s._.js:1945
[ 1102746ms] [ERROR] ./app/settings/VenueForm.tsx:108:6
Unterminated regexp literal
  106 |         </button>
  107 |       </form>
> 108 |     </section>
      |      ^^^^^^^^^
  109 |   );
  110 | }
  111 |

Parsing ecmascript source code failed

Import trace:
  Server Component:
    ./app/settings/VenueForm.tsx
    ./app/settings/page.tsx @ http://localhost:3000/_next/static/chunks/node_modules_next_dist_0u_w_5s._.js:1945
[ 1102808ms] [ERROR] ./app/settings/VenueForm.tsx:108:6
Unterminated regexp literal
  106 |         </button>
  107 |       </form>
> 108 |     </section>
      |      ^^^^^^^^^
  109 |   );
  110 | }
  111 |

Parsing ecmascript source code failed

Import trace:
  Server Component:
    ./app/settings/VenueForm.tsx
    ./app/settings/page.tsx @ http://localhost:3000/_next/static/chunks/node_modules_next_dist_0u_w_5s._.js:1945
[ 1102871ms] [ERROR] ./app/settings/VenueForm.tsx:108:6
Unterminated regexp literal
  106 |         </button>
  107 |       </form>
> 108 |     </section>
      |      ^^^^^^^^^
  109 |   );
  110 | }
  111 |

Parsing ecmascript source code failed

Import trace:
  Server Component:
    ./app/settings/VenueForm.tsx
    ./app/settings/page.tsx @ http://localhost:3000/_next/static/chunks/node_modules_next_dist_0u_w_5s._.js:1945
[ 1102935ms] [ERROR] ./app/settings/VenueForm.tsx:108:6
Unterminated regexp literal
  106 |         </button>
  107 |       </form>
> 108 |     </section>
      |      ^^^^^^^^^
  109 |   );
  110 | }
  111 |

Parsing ecmascript source code failed

Import trace:
  Server Component:
    ./app/settings/VenueForm.tsx
    ./app/settings/page.tsx @ http://localhost:3000/_next/static/chunks/node_modules_next_dist_0u_w_5s._.js:1945
[ 1102995ms] [ERROR] ./app/settings/VenueForm.tsx:108:6
Unterminated regexp literal
  106 |         </button>
  107 |       </form>
> 108 |     </section>
      |      ^^^^^^^^^
  109 |   );
  110 | }
  111 |

Parsing ecmascript source code failed

Import trace:
  Server Component:
    ./app/settings/VenueForm.tsx
    ./app/settings/page.tsx @ http://localhost:3000/_next/static/chunks/node_modules_next_dist_0u_w_5s._.js:1945
[ 1103057ms] [ERROR] ./app/settings/VenueForm.tsx:108:6
Unterminated regexp literal
  106 |         </button>
  107 |       </form>
> 108 |     </section>
      |      ^^^^^^^^^
  109 |   );
  110 | }
  111 |

Parsing ecmascript source code failed

Import trace:
  Server Component:
    ./app/settings/VenueForm.tsx
    ./app/settings/page.tsx @ http://localhost:3000/_next/static/chunks/node_modules_next_dist_0u_w_5s._.js:1945
[ 1103122ms] [ERROR] ./app/settings/VenueForm.tsx:108:6
Unterminated regexp literal
  106 |         </button>
  107 |       </form>
> 108 |     </section>
      |      ^^^^^^^^^
  109 |   );
  110 | }
  111 |

Parsing ecmascript source code failed

Import trace:
  Server Component:
    ./app/settings/VenueForm.tsx
    ./app/settings/page.tsx @ http://localhost:3000/_next/static/chunks/node_modules_next_dist_0u_w_5s._.js:1945
[ 1103184ms] [ERROR] ./app/settings/VenueForm.tsx:108:6
Unterminated regexp literal
  106 |         </button>
  107 |       </form>
> 108 |     </section>
      |      ^^^^^^^^^
  109 |   );
  110 | }
  111 |

Parsing ecmascript source code failed

Import trace:
  Server Component:
    ./app/settings/VenueForm.tsx
    ./app/settings/page.tsx @ http://localhost:3000/_next/static/chunks/node_modules_next_dist_0u_w_5s._.js:1945
[ 1103247ms] [ERROR] ./app/settings/VenueForm.tsx:108:6
Unterminated regexp literal
  106 |         </button>
  107 |       </form>
> 108 |     </section>
      |      ^^^^^^^^^
  109 |   );
  110 | }
  111 |

Parsing ecmascript source code failed

Import trace:
  Server Component:
    ./app/settings/VenueForm.tsx
    ./app/settings/page.tsx @ http://localhost:3000/_next/static/chunks/node_modules_next_dist_0u_w_5s._.js:1945
[ 1103306ms] [ERROR] ./app/settings/VenueForm.tsx:108:6
Unterminated regexp literal
  106 |         </button>
  107 |       </form>
> 108 |     </section>
      |      ^^^^^^^^^
  109 |   );
  110 | }
  111 |

Parsing ecmascript source code failed

Import trace:
  Server Component:
    ./app/settings/VenueForm.tsx
    ./app/settings/page.tsx @ http://localhost:3000/_next/static/chunks/node_modules_next_dist_0u_w_5s._.js:1945
[ 1103369ms] [ERROR] ./app/settings/VenueForm.tsx:108:6
Unterminated regexp literal
  106 |         </button>
  107 |       </form>
> 108 |     </section>
      |      ^^^^^^^^^
  109 |   );
  110 | }
  111 |

Parsing ecmascript source code failed

Import trace:
  Server Component:
    ./app/settings/VenueForm.tsx
    ./app/settings/page.tsx @ http://localhost:3000/_next/static/chunks/node_modules_next_dist_0u_w_5s._.js:1945
[ 1103432ms] [ERROR] ./app/settings/VenueForm.tsx:108:6
Unterminated regexp literal
  106 |         </button>
  107 |       </form>
> 108 |     </section>
      |      ^^^^^^^^^
  109 |   );
  110 | }
  111 |

Parsing ecmascript source code failed

Import trace:
  Server Component:
    ./app/settings/VenueForm.tsx
    ./app/settings/page.tsx @ http://localhost:3000/_next/static/chunks/node_modules_next_dist_0u_w_5s._.js:1945
[ 1103510ms] [ERROR] ./app/settings/VenueForm.tsx:108:6
Unterminated regexp literal
  106 |         </button>
  107 |       </form>
> 108 |     </section>
      |      ^^^^^^^^^
  109 |   );
  110 | }
  111 |

Parsing ecmascript source code failed

Import trace:
  Server Component:
    ./app/settings/VenueForm.tsx
    ./app/settings/page.tsx @ http://localhost:3000/_next/static/chunks/node_modules_next_dist_0u_w_5s._.js:1945
[ 1103588ms] [ERROR] ./app/settings/VenueForm.tsx:108:6
Unterminated regexp literal
  106 |         </button>
  107 |       </form>
> 108 |     </section>
      |      ^^^^^^^^^
  109 |   );
  110 | }
  111 |

Parsing ecmascript source code failed

Import trace:
  Server Component:
    ./app/settings/VenueForm.tsx
    ./app/settings/page.tsx @ http://localhost:3000/_next/static/chunks/node_modules_next_dist_0u_w_5s._.js:1945
[ 1103650ms] [ERROR] ./app/settings/VenueForm.tsx:108:6
Unterminated regexp literal
  106 |         </button>
  107 |       </form>
> 108 |     </section>
      |      ^^^^^^^^^
  109 |   );
  110 | }
  111 |

Parsing ecmascript source code failed

Import trace:
  Server Component:
    ./app/settings/VenueForm.tsx
    ./app/settings/page.tsx @ http://localhost:3000/_next/static/chunks/node_modules_next_dist_0u_w_5s._.js:1945
[ 1103713ms] [ERROR] ./app/settings/VenueForm.tsx:108:6
Unterminated regexp literal
  106 |         </button>
  107 |       </form>
> 108 |     </section>
      |      ^^^^^^^^^
  109 |   );
  110 | }
  111 |

Parsing ecmascript source code failed

Import trace:
  Server Component:
    ./app/settings/VenueForm.tsx
    ./app/settings/page.tsx @ http://localhost:3000/_next/static/chunks/node_modules_next_dist_0u_w_5s._.js:1945
[ 1103774ms] [ERROR] ./app/settings/VenueForm.tsx:108:6
Unterminated regexp literal
  106 |         </button>
  107 |       </form>
> 108 |     </section>
      |      ^^^^^^^^^
  109 |   );
  110 | }
  111 |

Parsing ecmascript source code failed

Import trace:
  Server Component:
    ./app/settings/VenueForm.tsx
    ./app/settings/page.tsx @ http://localhost:3000/_next/static/chunks/node_modules_next_dist_0u_w_5s._.js:1945
[ 1103837ms] [ERROR] ./app/settings/VenueForm.tsx:108:6
Unterminated regexp literal
  106 |         </button>
  107 |       </form>
> 108 |     </section>
      |      ^^^^^^^^^
  109 |   );
  110 | }
  111 |

Parsing ecmascript source code failed

Import trace:
  Server Component:
    ./app/settings/VenueForm.tsx
    ./app/settings/page.tsx @ http://localhost:3000/_next/static/chunks/node_modules_next_dist_0u_w_5s._.js:1945
[ 1103899ms] [ERROR] ./app/settings/VenueForm.tsx:108:6
Unterminated regexp literal
  106 |         </button>
  107 |       </form>
> 108 |     </section>
      |      ^^^^^^^^^
  109 |   );
  110 | }
  111 |

Parsing ecmascript source code failed

Import trace:
  Server Component:
    ./app/settings/VenueForm.tsx
    ./app/settings/page.tsx @ http://localhost:3000/_next/static/chunks/node_modules_next_dist_0u_w_5s._.js:1945
[ 1103964ms] [ERROR] ./app/settings/VenueForm.tsx:108:6
Unterminated regexp literal
  106 |         </button>
  107 |       </form>
> 108 |     </section>
      |      ^^^^^^^^^
  109 |   );
  110 | }
  111 |

Parsing ecmascript source code failed

Import trace:
  Server Component:
    ./app/settings/VenueForm.tsx
    ./app/settings/page.tsx @ http://localhost:3000/_next/static/chunks/node_modules_next_dist_0u_w_5s._.js:1945
[ 1104024ms] [ERROR] ./app/settings/VenueForm.tsx:108:6
Unterminated regexp literal
  106 |         </button>
  107 |       </form>
> 108 |     </section>
      |      ^^^^^^^^^
  109 |   );
  110 | }
  111 |

Parsing ecmascript source code failed

Import trace:
  Server Component:
    ./app/settings/VenueForm.tsx
    ./app/settings/page.tsx @ http://localhost:3000/_next/static/chunks/node_modules_next_dist_0u_w_5s._.js:1945
[ 1104086ms] [ERROR] ./app/settings/VenueForm.tsx:108:6
Unterminated regexp literal
  106 |         </button>
  107 |       </form>
> 108 |     </section>
      |      ^^^^^^^^^
  109 |   );
  110 | }
  111 |

Parsing ecmascript source code failed

Import trace:
  Server Component:
    ./app/settings/VenueForm.tsx
    ./app/settings/page.tsx @ http://localhost:3000/_next/static/chunks/node_modules_next_dist_0u_w_5s._.js:1945
[ 1104165ms] [ERROR] ./app/settings/VenueForm.tsx:108:6
Unterminated regexp literal
  106 |         </button>
  107 |       </form>
> 108 |     </section>
      |      ^^^^^^^^^
  109 |   );
  110 | }
  111 |

Parsing ecmascript source code failed

Import trace:
  Server Component:
    ./app/settings/VenueForm.tsx
    ./app/settings/page.tsx @ http://localhost:3000/_next/static/chunks/node_modules_next_dist_0u_w_5s._.js:1945
[ 1104243ms] [ERROR] ./app/settings/VenueForm.tsx:108:6
Unterminated regexp literal
  106 |         </button>
  107 |       </form>
> 108 |     </section>
      |      ^^^^^^^^^
  109 |   );
  110 | }
  111 |

Parsing ecmascript source code failed

Import trace:
  Server Component:
    ./app/settings/VenueForm.tsx
    ./app/settings/page.tsx @ http://localhost:3000/_next/static/chunks/node_modules_next_dist_0u_w_5s._.js:1945
[ 1104321ms] [ERROR] ./app/settings/VenueForm.tsx:108:6
Unterminated regexp literal
  106 |         </button>
  107 |       </form>
> 108 |     </section>
      |      ^^^^^^^^^
  109 |   );
  110 | }
  111 |

Parsing ecmascript source code failed

Import trace:
  Server Component:
    ./app/settings/VenueForm.tsx
    ./app/settings/page.tsx @ http://localhost:3000/_next/static/chunks/node_modules_next_dist_0u_w_5s._.js:1945
[ 1104385ms] [ERROR] ./app/settings/VenueForm.tsx:108:6
Unterminated regexp literal
  106 |         </button>
  107 |       </form>
> 108 |     </section>
      |      ^^^^^^^^^
  109 |   );
  110 | }
  111 |

Parsing ecmascript source code failed

Import trace:
  Server Component:
    ./app/settings/VenueForm.tsx
    ./app/settings/page.tsx @ http://localhost:3000/_next/static/chunks/node_modules_next_dist_0u_w_5s._.js:1945
[ 1104463ms] [ERROR] ./app/settings/VenueForm.tsx:108:6
Unterminated regexp literal
  106 |         </button>
  107 |       </form>
> 108 |     </section>
      |      ^^^^^^^^^
  109 |   );
  110 | }
  111 |

Parsing ecmascript source code failed

Import trace:
  Server Component:
    ./app/settings/VenueForm.tsx
    ./app/settings/page.tsx @ http://localhost:3000/_next/static/chunks/node_modules_next_dist_0u_w_5s._.js:1945
[ 1104543ms] [ERROR] ./app/settings/VenueForm.tsx:108:6
Unterminated regexp literal
  106 |         </button>
  107 |       </form>
> 108 |     </section>
      |      ^^^^^^^^^
  109 |   );
  110 | }
  111 |

Parsing ecmascript source code failed

Import trace:
  Server Component:
    ./app/settings/VenueForm.tsx
    ./app/settings/page.tsx @ http://localhost:3000/_next/static/chunks/node_modules_next_dist_0u_w_5s._.js:1945
[ 1104621ms] [ERROR] ./app/settings/VenueForm.tsx:108:6
Unterminated regexp literal
  106 |         </button>
  107 |       </form>
> 108 |     </section>
      |      ^^^^^^^^^
  109 |   );
  110 | }
  111 |

Parsing ecmascript source code failed

Import trace:
  Server Component:
    ./app/settings/VenueForm.tsx
    ./app/settings/page.tsx @ http://localhost:3000/_next/static/chunks/node_modules_next_dist_0u_w_5s._.js:1945
[ 1104693ms] [ERROR] ./app/settings/VenueForm.tsx:108:6
Unterminated regexp literal
  106 |         </button>
  107 |       </form>
> 108 |     </section>
      |      ^^^^^^^^^
  109 |   );
  110 | }
  111 |

Parsing ecmascript source code failed

Import trace:
  Server Component:
    ./app/settings/VenueForm.tsx
    ./app/settings/page.tsx @ http://localhost:3000/_next/static/chunks/node_modules_next_dist_0u_w_5s._.js:1945
[ 1104771ms] [ERROR] ./app/settings/VenueForm.tsx:108:6
Unterminated regexp literal
  106 |         </button>
  107 |       </form>
> 108 |     </section>
      |      ^^^^^^^^^
  109 |   );
  110 | }
  111 |

Parsing ecmascript source code failed

Import trace:
  Server Component:
    ./app/settings/VenueForm.tsx
    ./app/settings/page.tsx @ http://localhost:3000/_next/static/chunks/node_modules_next_dist_0u_w_5s._.js:1945
[ 1104847ms] [ERROR] ./app/settings/VenueForm.tsx:108:6
Unterminated regexp literal
  106 |         </button>
  107 |       </form>
> 108 |     </section>
      |      ^^^^^^^^^
  109 |   );
  110 | }
  111 |

Parsing ecmascript source code failed

Import trace:
  Server Component:
    ./app/settings/VenueForm.tsx
    ./app/settings/page.tsx @ http://localhost:3000/_next/static/chunks/node_modules_next_dist_0u_w_5s._.js:1945
[ 1104911ms] [ERROR] ./app/settings/VenueForm.tsx:108:6
Unterminated regexp literal
  106 |         </button>
  107 |       </form>
> 108 |     </section>
      |      ^^^^^^^^^
  109 |   );
  110 | }
  111 |

Parsing ecmascript source code failed

Import trace:
  Server Component:
    ./app/settings/VenueForm.tsx
    ./app/settings/page.tsx @ http://localhost:3000/_next/static/chunks/node_modules_next_dist_0u_w_5s._.js:1945
[ 1104974ms] [ERROR] ./app/settings/VenueForm.tsx:108:6
Unterminated regexp literal
  106 |         </button>
  107 |       </form>
> 108 |     </section>
      |      ^^^^^^^^^
  109 |   );
  110 | }
  111 |

Parsing ecmascript source code failed

Import trace:
  Server Component:
    ./app/settings/VenueForm.tsx
    ./app/settings/page.tsx @ http://localhost:3000/_next/static/chunks/node_modules_next_dist_0u_w_5s._.js:1945
[ 1105036ms] [ERROR] ./app/settings/VenueForm.tsx:108:6
Unterminated regexp literal
  106 |         </button>
  107 |       </form>
> 108 |     </section>
      |      ^^^^^^^^^
  109 |   );
  110 | }
  111 |

Parsing ecmascript source code failed

Import trace:
  Server Component:
    ./app/settings/VenueForm.tsx
    ./app/settings/page.tsx @ http://localhost:3000/_next/static/chunks/node_modules_next_dist_0u_w_5s._.js:1945
[ 1105098ms] [ERROR] ./app/settings/VenueForm.tsx:108:6
Unterminated regexp literal
  106 |         </button>
  107 |       </form>
> 108 |     </section>
      |      ^^^^^^^^^
  109 |   );
  110 | }
  111 |

Parsing ecmascript source code failed

Import trace:
  Server Component:
    ./app/settings/VenueForm.tsx
    ./app/settings/page.tsx @ http://localhost:3000/_next/static/chunks/node_modules_next_dist_0u_w_5s._.js:1945
[ 1105159ms] [ERROR] ./app/settings/VenueForm.tsx:108:6
Unterminated regexp literal
  106 |         </button>
  107 |       </form>
> 108 |     </section>
      |      ^^^^^^^^^
  109 |   );
  110 | }
  111 |

Parsing ecmascript source code failed

Import trace:
  Server Component:
    ./app/settings/VenueForm.tsx
    ./app/settings/page.tsx @ http://localhost:3000/_next/static/chunks/node_modules_next_dist_0u_w_5s._.js:1945
[ 1105221ms] [ERROR] ./app/settings/VenueForm.tsx:108:6
Unterminated regexp literal
  106 |         </button>
  107 |       </form>
> 108 |     </section>
      |      ^^^^^^^^^
  109 |   );
  110 | }
  111 |

Parsing ecmascript source code failed

Import trace:
  Server Component:
    ./app/settings/VenueForm.tsx
    ./app/settings/page.tsx @ http://localhost:3000/_next/static/chunks/node_modules_next_dist_0u_w_5s._.js:1945
[ 1105287ms] [ERROR] ./app/settings/VenueForm.tsx:108:6
Unterminated regexp literal
  106 |         </button>
  107 |       </form>
> 108 |     </section>
      |      ^^^^^^^^^
  109 |   );
  110 | }
  111 |

Parsing ecmascript source code failed

Import trace:
  Server Component:
    ./app/settings/VenueForm.tsx
    ./app/settings/page.tsx @ http://localhost:3000/_next/static/chunks/node_modules_next_dist_0u_w_5s._.js:1945
[ 1105348ms] [ERROR] ./app/settings/VenueForm.tsx:108:6
Unterminated regexp literal
  106 |         </button>
  107 |       </form>
> 108 |     </section>
      |      ^^^^^^^^^
  109 |   );
  110 | }
  111 |

Parsing ecmascript source code failed

Import trace:
  Server Component:
    ./app/settings/VenueForm.tsx
    ./app/settings/page.tsx @ http://localhost:3000/_next/static/chunks/node_modules_next_dist_0u_w_5s._.js:1945
[ 1105418ms] [ERROR] ./app/settings/VenueForm.tsx:108:6
Unterminated regexp literal
  106 |         </button>
  107 |       </form>
> 108 |     </section>
      |      ^^^^^^^^^
  109 |   );
  110 | }
  111 |

Parsing ecmascript source code failed

Import trace:
  Server Component:
    ./app/settings/VenueForm.tsx
    ./app/settings/page.tsx @ http://localhost:3000/_next/static/chunks/node_modules_next_dist_0u_w_5s._.js:1945
[ 1105489ms] [ERROR] ./app/settings/VenueForm.tsx:108:6
Unterminated regexp literal
  106 |         </button>
  107 |       </form>
> 108 |     </section>
      |      ^^^^^^^^^
  109 |   );
  110 | }
  111 |

Parsing ecmascript source code failed

Import trace:
  Server Component:
    ./app/settings/VenueForm.tsx
    ./app/settings/page.tsx @ http://localhost:3000/_next/static/chunks/node_modules_next_dist_0u_w_5s._.js:1945
[ 1105554ms] [ERROR] ./app/settings/VenueForm.tsx:108:6
Unterminated regexp literal
  106 |         </button>
  107 |       </form>
> 108 |     </section>
      |      ^^^^^^^^^
  109 |   );
  110 | }
  111 |

Parsing ecmascript source code failed

Import trace:
  Server Component:
    ./app/settings/VenueForm.tsx
    ./app/settings/page.tsx @ http://localhost:3000/_next/static/chunks/node_modules_next_dist_0u_w_5s._.js:1945
[ 1105610ms] [ERROR] ./app/settings/VenueForm.tsx:108:6
Unterminated regexp literal
  106 |         </button>
  107 |       </form>
> 108 |     </section>
      |      ^^^^^^^^^
  109 |   );
  110 | }
  111 |

Parsing ecmascript source code failed

Import trace:
  Server Component:
    ./app/settings/VenueForm.tsx
    ./app/settings/page.tsx @ http://localhost:3000/_next/static/chunks/node_modules_next_dist_0u_w_5s._.js:1945
[ 1105677ms] [ERROR] ./app/settings/VenueForm.tsx:108:6
Unterminated regexp literal
  106 |         </button>
  107 |       </form>
> 108 |     </section>
      |      ^^^^^^^^^
  109 |   );
  110 | }
  111 |

Parsing ecmascript source code failed

Import trace:
  Server Component:
    ./app/settings/VenueForm.tsx
    ./app/settings/page.tsx @ http://localhost:3000/_next/static/chunks/node_modules_next_dist_0u_w_5s._.js:1945
[ 1105740ms] [ERROR] ./app/settings/VenueForm.tsx:108:6
Unterminated regexp literal
  106 |         </button>
  107 |       </form>
> 108 |     </section>
      |      ^^^^^^^^^
  109 |   );
  110 | }
  111 |

Parsing ecmascript source code failed

Import trace:
  Server Component:
    ./app/settings/VenueForm.tsx
    ./app/settings/page.tsx @ http://localhost:3000/_next/static/chunks/node_modules_next_dist_0u_w_5s._.js:1945
[ 1105801ms] [ERROR] ./app/settings/VenueForm.tsx:108:6
Unterminated regexp literal
  106 |         </button>
  107 |       </form>
> 108 |     </section>
      |      ^^^^^^^^^
  109 |   );
  110 | }
  111 |

Parsing ecmascript source code failed

Import trace:
  Server Component:
    ./app/settings/VenueForm.tsx
    ./app/settings/page.tsx @ http://localhost:3000/_next/static/chunks/node_modules_next_dist_0u_w_5s._.js:1945
[ 1105857ms] [ERROR] ./app/settings/VenueForm.tsx:108:6
Unterminated regexp literal
  106 |         </button>
  107 |       </form>
> 108 |     </section>
      |      ^^^^^^^^^
  109 |   );
  110 | }
  111 |

Parsing ecmascript source code failed

Import trace:
  Server Component:
    ./app/settings/VenueForm.tsx
    ./app/settings/page.tsx @ http://localhost:3000/_next/static/chunks/node_modules_next_dist_0u_w_5s._.js:1945
[ 1105925ms] [ERROR] ./app/settings/VenueForm.tsx:108:6
Unterminated regexp literal
  106 |         </button>
  107 |       </form>
> 108 |     </section>
      |      ^^^^^^^^^
  109 |   );
  110 | }
  111 |

Parsing ecmascript source code failed

Import trace:
  Server Component:
    ./app/settings/VenueForm.tsx
    ./app/settings/page.tsx @ http://localhost:3000/_next/static/chunks/node_modules_next_dist_0u_w_5s._.js:1945
[ 1105987ms] [ERROR] ./app/settings/VenueForm.tsx:108:6
Unterminated regexp literal
  106 |         </button>
  107 |       </form>
> 108 |     </section>
      |      ^^^^^^^^^
  109 |   );
  110 | }
  111 |

Parsing ecmascript source code failed

Import trace:
  Server Component:
    ./app/settings/VenueForm.tsx
    ./app/settings/page.tsx @ http://localhost:3000/_next/static/chunks/node_modules_next_dist_0u_w_5s._.js:1945
[ 1106051ms] [ERROR] ./app/settings/VenueForm.tsx:108:6
Unterminated regexp literal
  106 |         </button>
  107 |       </form>
> 108 |     </section>
      |      ^^^^^^^^^
  109 |   );
  110 | }
  111 |

Parsing ecmascript source code failed

Import trace:
  Server Component:
    ./app/settings/VenueForm.tsx
    ./app/settings/page.tsx @ http://localhost:3000/_next/static/chunks/node_modules_next_dist_0u_w_5s._.js:1945
[ 1106116ms] [ERROR] ./app/settings/VenueForm.tsx:108:6
Unterminated regexp literal
  106 |         </button>
  107 |       </form>
> 108 |     </section>
      |      ^^^^^^^^^
  109 |   );
  110 | }
  111 |

Parsing ecmascript source code failed

Import trace:
  Server Component:
    ./app/settings/VenueForm.tsx
    ./app/settings/page.tsx @ http://localhost:3000/_next/static/chunks/node_modules_next_dist_0u_w_5s._.js:1945
[ 1106174ms] [ERROR] ./app/settings/VenueForm.tsx:108:6
Unterminated regexp literal
  106 |         </button>
  107 |       </form>
> 108 |     </section>
      |      ^^^^^^^^^
  109 |   );
  110 | }
  111 |

Parsing ecmascript source code failed

Import trace:
  Server Component:
    ./app/settings/VenueForm.tsx
    ./app/settings/page.tsx @ http://localhost:3000/_next/static/chunks/node_modules_next_dist_0u_w_5s._.js:1945
[ 1106236ms] [ERROR] ./app/settings/VenueForm.tsx:108:6
Unterminated regexp literal
  106 |         </button>
  107 |       </form>
> 108 |     </section>
      |      ^^^^^^^^^
  109 |   );
  110 | }
  111 |

Parsing ecmascript source code failed

Import trace:
  Server Component:
    ./app/settings/VenueForm.tsx
    ./app/settings/page.tsx @ http://localhost:3000/_next/static/chunks/node_modules_next_dist_0u_w_5s._.js:1945
[ 1106307ms] [ERROR] ./app/settings/VenueForm.tsx:108:6
Unterminated regexp literal
  106 |         </button>
  107 |       </form>
> 108 |     </section>
      |      ^^^^^^^^^
  109 |   );
  110 | }
  111 |

Parsing ecmascript source code failed

Import trace:
  Server Component:
    ./app/settings/VenueForm.tsx
    ./app/settings/page.tsx @ http://localhost:3000/_next/static/chunks/node_modules_next_dist_0u_w_5s._.js:1945
[ 1106372ms] [ERROR] ./app/settings/VenueForm.tsx:108:6
Unterminated regexp literal
  106 |         </button>
  107 |       </form>
> 108 |     </section>
      |      ^^^^^^^^^
  109 |   );
  110 | }
  111 |

Parsing ecmascript source code failed

Import trace:
  Server Component:
    ./app/settings/VenueForm.tsx
    ./app/settings/page.tsx @ http://localhost:3000/_next/static/chunks/node_modules_next_dist_0u_w_5s._.js:1945
[ 1106442ms] [ERROR] ./app/settings/VenueForm.tsx:108:6
Unterminated regexp literal
  106 |         </button>
  107 |       </form>
> 108 |     </section>
      |      ^^^^^^^^^
  109 |   );
  110 | }
  111 |

Parsing ecmascript source code failed

Import trace:
  Server Component:
    ./app/settings/VenueForm.tsx
    ./app/settings/page.tsx @ http://localhost:3000/_next/static/chunks/node_modules_next_dist_0u_w_5s._.js:1945
[ 1106508ms] [ERROR] ./app/settings/VenueForm.tsx:108:6
Unterminated regexp literal
  106 |         </button>
  107 |       </form>
> 108 |     </section>
      |      ^^^^^^^^^
  109 |   );
  110 | }
  111 |

Parsing ecmascript source code failed

Import trace:
  Server Component:
    ./app/settings/VenueForm.tsx
    ./app/settings/page.tsx @ http://localhost:3000/_next/static/chunks/node_modules_next_dist_0u_w_5s._.js:1945
[ 1106586ms] [ERROR] ./app/settings/VenueForm.tsx:108:6
Unterminated regexp literal
  106 |         </button>
  107 |       </form>
> 108 |     </section>
      |      ^^^^^^^^^
  109 |   );
  110 | }
  111 |

Parsing ecmascript source code failed

Import trace:
  Server Component:
    ./app/settings/VenueForm.tsx
    ./app/settings/page.tsx @ http://localhost:3000/_next/static/chunks/node_modules_next_dist_0u_w_5s._.js:1945
[ 1106638ms] [ERROR] ./app/settings/VenueForm.tsx:108:6
Unterminated regexp literal
  106 |         </button>
  107 |       </form>
> 108 |     </section>
      |      ^^^^^^^^^
  109 |   );
  110 | }
  111 |

Parsing ecmascript source code failed

Import trace:
  Server Component:
    ./app/settings/VenueForm.tsx
    ./app/settings/page.tsx @ http://localhost:3000/_next/static/chunks/node_modules_next_dist_0u_w_5s._.js:1945
[ 1106706ms] [ERROR] ./app/settings/VenueForm.tsx:108:6
Unterminated regexp literal
  106 |         </button>
  107 |       </form>
> 108 |     </section>
      |      ^^^^^^^^^
  109 |   );
  110 | }
  111 |

Parsing ecmascript source code failed

Import trace:
  Server Component:
    ./app/settings/VenueForm.tsx
    ./app/settings/page.tsx @ http://localhost:3000/_next/static/chunks/node_modules_next_dist_0u_w_5s._.js:1945
[ 1106769ms] [ERROR] ./app/settings/VenueForm.tsx:108:6
Unterminated regexp literal
  106 |         </button>
  107 |       </form>
> 108 |     </section>
      |      ^^^^^^^^^
  109 |   );
  110 | }
  111 |

Parsing ecmascript source code failed

Import trace:
  Server Component:
    ./app/settings/VenueForm.tsx
    ./app/settings/page.tsx @ http://localhost:3000/_next/static/chunks/node_modules_next_dist_0u_w_5s._.js:1945
[ 1106834ms] [ERROR] ./app/settings/VenueForm.tsx:108:6
Unterminated regexp literal
  106 |         </button>
  107 |       </form>
> 108 |     </section>
      |      ^^^^^^^^^
  109 |   );
  110 | }
  111 |

Parsing ecmascript source code failed

Import trace:
  Server Component:
    ./app/settings/VenueForm.tsx
    ./app/settings/page.tsx @ http://localhost:3000/_next/static/chunks/node_modules_next_dist_0u_w_5s._.js:1945
[ 1106894ms] [ERROR] ./app/settings/VenueForm.tsx:108:6
Unterminated regexp literal
  106 |         </button>
  107 |       </form>
> 108 |     </section>
      |      ^^^^^^^^^
  109 |   );
  110 | }
  111 |

Parsing ecmascript source code failed

Import trace:
  Server Component:
    ./app/settings/VenueForm.tsx
    ./app/settings/page.tsx @ http://localhost:3000/_next/static/chunks/node_modules_next_dist_0u_w_5s._.js:1945
[ 1106972ms] [ERROR] ./app/settings/VenueForm.tsx:108:6
Unterminated regexp literal
  106 |         </button>
  107 |       </form>
> 108 |     </section>
      |      ^^^^^^^^^
  109 |   );
  110 | }
  111 |

Parsing ecmascript source code failed

Import trace:
  Server Component:
    ./app/settings/VenueForm.tsx
    ./app/settings/page.tsx @ http://localhost:3000/_next/static/chunks/node_modules_next_dist_0u_w_5s._.js:1945
[ 1107041ms] [ERROR] ./app/settings/VenueForm.tsx:108:6
Unterminated regexp literal
  106 |         </button>
  107 |       </form>
> 108 |     </section>
      |      ^^^^^^^^^
  109 |   );
  110 | }
  111 |

Parsing ecmascript source code failed

Import trace:
  Server Component:
    ./app/settings/VenueForm.tsx
    ./app/settings/page.tsx @ http://localhost:3000/_next/static/chunks/node_modules_next_dist_0u_w_5s._.js:1945
[ 1107126ms] [ERROR] ./app/settings/VenueForm.tsx:108:6
Unterminated regexp literal
  106 |         </button>
  107 |       </form>
> 108 |     </section>
      |      ^^^^^^^^^
  109 |   );
  110 | }
  111 |

Parsing ecmascript source code failed

Import trace:
  Server Component:
    ./app/settings/VenueForm.tsx
    ./app/settings/page.tsx @ http://localhost:3000/_next/static/chunks/node_modules_next_dist_0u_w_5s._.js:1945
[ 1107204ms] [ERROR] ./app/settings/VenueForm.tsx:108:6
Unterminated regexp literal
  106 |         </button>
  107 |       </form>
> 108 |     </section>
      |      ^^^^^^^^^
  109 |   );
  110 | }
  111 |

Parsing ecmascript source code failed

Import trace:
  Server Component:
    ./app/settings/VenueForm.tsx
    ./app/settings/page.tsx @ http://localhost:3000/_next/static/chunks/node_modules_next_dist_0u_w_5s._.js:1945
[ 1107267ms] [ERROR] ./app/settings/VenueForm.tsx:108:6
Unterminated regexp literal
  106 |         </button>
  107 |       </form>
> 108 |     </section>
      |      ^^^^^^^^^
  109 |   );
  110 | }
  111 |

Parsing ecmascript source code failed

Import trace:
  Server Component:
    ./app/settings/VenueForm.tsx
    ./app/settings/page.tsx @ http://localhost:3000/_next/static/chunks/node_modules_next_dist_0u_w_5s._.js:1945
[ 1107325ms] [ERROR] ./app/settings/VenueForm.tsx:108:6
Unterminated regexp literal
  106 |         </button>
  107 |       </form>
> 108 |     </section>
      |      ^^^^^^^^^
  109 |   );
  110 | }
  111 |

Parsing ecmascript source code failed

Import trace:
  Server Component:
    ./app/settings/VenueForm.tsx
    ./app/settings/page.tsx @ http://localhost:3000/_next/static/chunks/node_modules_next_dist_0u_w_5s._.js:1945
[ 1107390ms] [ERROR] ./app/settings/VenueForm.tsx:108:6
Unterminated regexp literal
  106 |         </button>
  107 |       </form>
> 108 |     </section>
      |      ^^^^^^^^^
  109 |   );
  110 | }
  111 |

Parsing ecmascript source code failed

Import trace:
  Server Component:
    ./app/settings/VenueForm.tsx
    ./app/settings/page.tsx @ http://localhost:3000/_next/static/chunks/node_modules_next_dist_0u_w_5s._.js:1945
[ 1107457ms] [ERROR] ./app/settings/VenueForm.tsx:108:6
Unterminated regexp literal
  106 |         </button>
  107 |       </form>
> 108 |     </section>
      |      ^^^^^^^^^
  109 |   );
  110 | }
  111 |

Parsing ecmascript source code failed

Import trace:
  Server Component:
    ./app/settings/VenueForm.tsx
    ./app/settings/page.tsx @ http://localhost:3000/_next/static/chunks/node_modules_next_dist_0u_w_5s._.js:1945
[ 1107519ms] [ERROR] ./app/settings/VenueForm.tsx:108:6
Unterminated regexp literal
  106 |         </button>
  107 |       </form>
> 108 |     </section>
      |      ^^^^^^^^^
  109 |   );
  110 | }
  111 |

Parsing ecmascript source code failed

Import trace:
  Server Component:
    ./app/settings/VenueForm.tsx
    ./app/settings/page.tsx @ http://localhost:3000/_next/static/chunks/node_modules_next_dist_0u_w_5s._.js:1945
[ 1107590ms] [ERROR] ./app/settings/VenueForm.tsx:108:6
Unterminated regexp literal
  106 |         </button>
  107 |       </form>
> 108 |     </section>
      |      ^^^^^^^^^
  109 |   );
  110 | }
  111 |

Parsing ecmascript source code failed

Import trace:
  Server Component:
    ./app/settings/VenueForm.tsx
    ./app/settings/page.tsx @ http://localhost:3000/_next/static/chunks/node_modules_next_dist_0u_w_5s._.js:1945
[ 1107653ms] [ERROR] ./app/settings/VenueForm.tsx:108:6
Unterminated regexp literal
  106 |         </button>
  107 |       </form>
> 108 |     </section>
      |      ^^^^^^^^^
  109 |   );
  110 | }
  111 |

Parsing ecmascript source code failed

Import trace:
  Server Component:
    ./app/settings/VenueForm.tsx
    ./app/settings/page.tsx @ http://localhost:3000/_next/static/chunks/node_modules_next_dist_0u_w_5s._.js:1945
[ 1107734ms] [ERROR] ./app/settings/VenueForm.tsx:108:6
Unterminated regexp literal
  106 |         </button>
  107 |       </form>
> 108 |     </section>
      |      ^^^^^^^^^
  109 |   );
  110 | }
  111 |

Parsing ecmascript source code failed

Import trace:
  Server Component:
    ./app/settings/VenueForm.tsx
    ./app/settings/page.tsx @ http://localhost:3000/_next/static/chunks/node_modules_next_dist_0u_w_5s._.js:1945
[ 1107813ms] [ERROR] ./app/settings/VenueForm.tsx:108:6
Unterminated regexp literal
  106 |         </button>
  107 |       </form>
> 108 |     </section>
      |      ^^^^^^^^^
  109 |   );
  110 | }
  111 |

Parsing ecmascript source code failed

Import trace:
  Server Component:
    ./app/settings/VenueForm.tsx
    ./app/settings/page.tsx @ http://localhost:3000/_next/static/chunks/node_modules_next_dist_0u_w_5s._.js:1945
[ 1107892ms] [ERROR] ./app/settings/VenueForm.tsx:108:6
Unterminated regexp literal
  106 |         </button>
  107 |       </form>
> 108 |     </section>
      |      ^^^^^^^^^
  109 |   );
  110 | }
  111 |

Parsing ecmascript source code failed

Import trace:
  Server Component:
    ./app/settings/VenueForm.tsx
    ./app/settings/page.tsx @ http://localhost:3000/_next/static/chunks/node_modules_next_dist_0u_w_5s._.js:1945
[ 1107970ms] [ERROR] ./app/settings/VenueForm.tsx:108:6
Unterminated regexp literal
  106 |         </button>
  107 |       </form>
> 108 |     </section>
      |      ^^^^^^^^^
  109 |   );
  110 | }
  111 |

Parsing ecmascript source code failed

Import trace:
  Server Component:
    ./app/settings/VenueForm.tsx
    ./app/settings/page.tsx @ http://localhost:3000/_next/static/chunks/node_modules_next_dist_0u_w_5s._.js:1945
[ 1108057ms] [ERROR] ./app/settings/VenueForm.tsx:108:6
Unterminated regexp literal
  106 |         </button>
  107 |       </form>
> 108 |     </section>
      |      ^^^^^^^^^
  109 |   );
  110 | }
  111 |

Parsing ecmascript source code failed

Import trace:
  Server Component:
    ./app/settings/VenueForm.tsx
    ./app/settings/page.tsx @ http://localhost:3000/_next/static/chunks/node_modules_next_dist_0u_w_5s._.js:1945
[ 1108140ms] [ERROR] ./app/settings/VenueForm.tsx:108:6
Unterminated regexp literal
  106 |         </button>
  107 |       </form>
> 108 |     </section>
      |      ^^^^^^^^^
  109 |   );
  110 | }
  111 |

Parsing ecmascript source code failed

Import trace:
  Server Component:
    ./app/settings/VenueForm.tsx
    ./app/settings/page.tsx @ http://localhost:3000/_next/static/chunks/node_modules_next_dist_0u_w_5s._.js:1945
[ 1108219ms] [ERROR] ./app/settings/VenueForm.tsx:108:6
Unterminated regexp literal
  106 |         </button>
  107 |       </form>
> 108 |     </section>
      |      ^^^^^^^^^
  109 |   );
  110 | }
  111 |

Parsing ecmascript source code failed

Import trace:
  Server Component:
    ./app/settings/VenueForm.tsx
    ./app/settings/page.tsx @ http://localhost:3000/_next/static/chunks/node_modules_next_dist_0u_w_5s._.js:1945
[ 1108296ms] [ERROR] ./app/settings/VenueForm.tsx:108:6
Unterminated regexp literal
  106 |         </button>
  107 |       </form>
> 108 |     </section>
      |      ^^^^^^^^^
  109 |   );
  110 | }
  111 |

Parsing ecmascript source code failed

Import trace:
  Server Component:
    ./app/settings/VenueForm.tsx
    ./app/settings/page.tsx @ http://localhost:3000/_next/static/chunks/node_modules_next_dist_0u_w_5s._.js:1945
[ 1108375ms] [ERROR] ./app/settings/VenueForm.tsx:108:6
Unterminated regexp literal
  106 |         </button>
  107 |       </form>
> 108 |     </section>
      |      ^^^^^^^^^
  109 |   );
  110 | }
  111 |

Parsing ecmascript source code failed

Import trace:
  Server Component:
    ./app/settings/VenueForm.tsx
    ./app/settings/page.tsx @ http://localhost:3000/_next/static/chunks/node_modules_next_dist_0u_w_5s._.js:1945
[ 1108437ms] [ERROR] ./app/settings/VenueForm.tsx:108:6
Unterminated regexp literal
  106 |         </button>
  107 |       </form>
> 108 |     </section>
      |      ^^^^^^^^^
  109 |   );
  110 | }
  111 |

Parsing ecmascript source code failed

Import trace:
  Server Component:
    ./app/settings/VenueForm.tsx
    ./app/settings/page.tsx @ http://localhost:3000/_next/static/chunks/node_modules_next_dist_0u_w_5s._.js:1945
[ 1108499ms] [ERROR] ./app/settings/VenueForm.tsx:108:6
Unterminated regexp literal
  106 |         </button>
  107 |       </form>
> 108 |     </section>
      |      ^^^^^^^^^
  109 |   );
  110 | }
  111 |

Parsing ecmascript source code failed

Import trace:
  Server Component:
    ./app/settings/VenueForm.tsx
    ./app/settings/page.tsx @ http://localhost:3000/_next/static/chunks/node_modules_next_dist_0u_w_5s._.js:1945
[ 1108562ms] [ERROR] ./app/settings/VenueForm.tsx:108:6
Unterminated regexp literal
  106 |         </button>
  107 |       </form>
> 108 |     </section>
      |      ^^^^^^^^^
  109 |   );
  110 | }
  111 |

Parsing ecmascript source code failed

Import trace:
  Server Component:
    ./app/settings/VenueForm.tsx
    ./app/settings/page.tsx @ http://localhost:3000/_next/static/chunks/node_modules_next_dist_0u_w_5s._.js:1945
[ 1108625ms] [ERROR] ./app/settings/VenueForm.tsx:108:6
Unterminated regexp literal
  106 |         </button>
  107 |       </form>
> 108 |     </section>
      |      ^^^^^^^^^
  109 |   );
  110 | }
  111 |

Parsing ecmascript source code failed

Import trace:
  Server Component:
    ./app/settings/VenueForm.tsx
    ./app/settings/page.tsx @ http://localhost:3000/_next/static/chunks/node_modules_next_dist_0u_w_5s._.js:1945
[ 1108687ms] [ERROR] ./app/settings/VenueForm.tsx:108:6
Unterminated regexp literal
  106 |         </button>
  107 |       </form>
> 108 |     </section>
      |      ^^^^^^^^^
  109 |   );
  110 | }
  111 |

Parsing ecmascript source code failed

Import trace:
  Server Component:
    ./app/settings/VenueForm.tsx
    ./app/settings/page.tsx @ http://localhost:3000/_next/static/chunks/node_modules_next_dist_0u_w_5s._.js:1945
[ 1108751ms] [ERROR] ./app/settings/VenueForm.tsx:108:6
Unterminated regexp literal
  106 |         </button>
  107 |       </form>
> 108 |     </section>
      |      ^^^^^^^^^
  109 |   );
  110 | }
  111 |

Parsing ecmascript source code failed

Import trace:
  Server Component:
    ./app/settings/VenueForm.tsx
    ./app/settings/page.tsx @ http://localhost:3000/_next/static/chunks/node_modules_next_dist_0u_w_5s._.js:1945
[ 1108829ms] [ERROR] ./app/settings/VenueForm.tsx:108:6
Unterminated regexp literal
  106 |         </button>
  107 |       </form>
> 108 |     </section>
      |      ^^^^^^^^^
  109 |   );
  110 | }
  111 |

Parsing ecmascript source code failed

Import trace:
  Server Component:
    ./app/settings/VenueForm.tsx
    ./app/settings/page.tsx @ http://localhost:3000/_next/static/chunks/node_modules_next_dist_0u_w_5s._.js:1945
[ 1108909ms] [ERROR] ./app/settings/VenueForm.tsx:108:6
Unterminated regexp literal
  106 |         </button>
  107 |       </form>
> 108 |     </section>
      |      ^^^^^^^^^
  109 |   );
  110 | }
  111 |

Parsing ecmascript source code failed

Import trace:
  Server Component:
    ./app/settings/VenueForm.tsx
    ./app/settings/page.tsx @ http://localhost:3000/_next/static/chunks/node_modules_next_dist_0u_w_5s._.js:1945
[ 1108988ms] [ERROR] ./app/settings/VenueForm.tsx:108:6
Unterminated regexp literal
  106 |         </button>
  107 |       </form>
> 108 |     </section>
      |      ^^^^^^^^^
  109 |   );
  110 | }
  111 |

Parsing ecmascript source code failed

Import trace:
  Server Component:
    ./app/settings/VenueForm.tsx
    ./app/settings/page.tsx @ http://localhost:3000/_next/static/chunks/node_modules_next_dist_0u_w_5s._.js:1945
[ 1109068ms] [ERROR] ./app/settings/VenueForm.tsx:108:6
Unterminated regexp literal
  106 |         </button>
  107 |       </form>
> 108 |     </section>
      |      ^^^^^^^^^
  109 |   );
  110 | }
  111 |

Parsing ecmascript source code failed

Import trace:
  Server Component:
    ./app/settings/VenueForm.tsx
    ./app/settings/page.tsx @ http://localhost:3000/_next/static/chunks/node_modules_next_dist_0u_w_5s._.js:1945
[ 1109145ms] [ERROR] ./app/settings/VenueForm.tsx:108:6
Unterminated regexp literal
  106 |         </button>
  107 |       </form>
> 108 |     </section>
      |      ^^^^^^^^^
  109 |   );
  110 | }
  111 |

Parsing ecmascript source code failed

Import trace:
  Server Component:
    ./app/settings/VenueForm.tsx
    ./app/settings/page.tsx @ http://localhost:3000/_next/static/chunks/node_modules_next_dist_0u_w_5s._.js:1945
[ 1109221ms] [ERROR] ./app/settings/VenueForm.tsx:108:6
Unterminated regexp literal
  106 |         </button>
  107 |       </form>
> 108 |     </section>
      |      ^^^^^^^^^
  109 |   );
  110 | }
  111 |

Parsing ecmascript source code failed

Import trace:
  Server Component:
    ./app/settings/VenueForm.tsx
    ./app/settings/page.tsx @ http://localhost:3000/_next/static/chunks/node_modules_next_dist_0u_w_5s._.js:1945
[ 1109282ms] [ERROR] ./app/settings/VenueForm.tsx:108:6
Unterminated regexp literal
  106 |         </button>
  107 |       </form>
> 108 |     </section>
      |      ^^^^^^^^^
  109 |   );
  110 | }
  111 |

Parsing ecmascript source code failed

Import trace:
  Server Component:
    ./app/settings/VenueForm.tsx
    ./app/settings/page.tsx @ http://localhost:3000/_next/static/chunks/node_modules_next_dist_0u_w_5s._.js:1945
[ 1109344ms] [ERROR] ./app/settings/VenueForm.tsx:108:6
Unterminated regexp literal
  106 |         </button>
  107 |       </form>
> 108 |     </section>
      |      ^^^^^^^^^
  109 |   );
  110 | }
  111 |

Parsing ecmascript source code failed

Import trace:
  Server Component:
    ./app/settings/VenueForm.tsx
    ./app/settings/page.tsx @ http://localhost:3000/_next/static/chunks/node_modules_next_dist_0u_w_5s._.js:1945
[ 1109408ms] [ERROR] ./app/settings/VenueForm.tsx:108:6
Unterminated regexp literal
  106 |         </button>
  107 |       </form>
> 108 |     </section>
      |      ^^^^^^^^^
  109 |   );
  110 | }
  111 |

Parsing ecmascript source code failed

Import trace:
  Server Component:
    ./app/settings/VenueForm.tsx
    ./app/settings/page.tsx @ http://localhost:3000/_next/static/chunks/node_modules_next_dist_0u_w_5s._.js:1945
[ 1109471ms] [ERROR] ./app/settings/VenueForm.tsx:108:6
Unterminated regexp literal
  106 |         </button>
  107 |       </form>
> 108 |     </section>
      |      ^^^^^^^^^
  109 |   );
  110 | }
  111 |

Parsing ecmascript source code failed

Import trace:
  Server Component:
    ./app/settings/VenueForm.tsx
    ./app/settings/page.tsx @ http://localhost:3000/_next/static/chunks/node_modules_next_dist_0u_w_5s._.js:1945
[ 1109534ms] [ERROR] ./app/settings/VenueForm.tsx:108:6
Unterminated regexp literal
  106 |         </button>
  107 |       </form>
> 108 |     </section>
      |      ^^^^^^^^^
  109 |   );
  110 | }
  111 |

Parsing ecmascript source code failed

Import trace:
  Server Component:
    ./app/settings/VenueForm.tsx
    ./app/settings/page.tsx @ http://localhost:3000/_next/static/chunks/node_modules_next_dist_0u_w_5s._.js:1945
[ 1109595ms] [ERROR] ./app/settings/VenueForm.tsx:108:6
Unterminated regexp literal
  106 |         </button>
  107 |       </form>
> 108 |     </section>
      |      ^^^^^^^^^
  109 |   );
  110 | }
  111 |

Parsing ecmascript source code failed

Import trace:
  Server Component:
    ./app/settings/VenueForm.tsx
    ./app/settings/page.tsx @ http://localhost:3000/_next/static/chunks/node_modules_next_dist_0u_w_5s._.js:1945
[ 1109657ms] [ERROR] ./app/settings/VenueForm.tsx:108:6
Unterminated regexp literal
  106 |         </button>
  107 |       </form>
> 108 |     </section>
      |      ^^^^^^^^^
  109 |   );
  110 | }
  111 |

Parsing ecmascript source code failed

Import trace:
  Server Component:
    ./app/settings/VenueForm.tsx
    ./app/settings/page.tsx @ http://localhost:3000/_next/static/chunks/node_modules_next_dist_0u_w_5s._.js:1945
[ 1109719ms] [ERROR] ./app/settings/VenueForm.tsx:108:6
Unterminated regexp literal
  106 |         </button>
  107 |       </form>
> 108 |     </section>
      |      ^^^^^^^^^
  109 |   );
  110 | }
  111 |

Parsing ecmascript source code failed

Import trace:
  Server Component:
    ./app/settings/VenueForm.tsx
    ./app/settings/page.tsx @ http://localhost:3000/_next/static/chunks/node_modules_next_dist_0u_w_5s._.js:1945
[ 1109779ms] [LOG] [Fast Refresh] rebuilding @ http://localhost:3000/_next/static/chunks/node_modules_next_dist_0u_w_5s._.js:1226
[ 1109891ms] [ERROR] ./app/settings/VenueForm.tsx:108:6
Unterminated regexp literal
  106 |         </button>
  107 |       </form>
> 108 |     </section>
      |      ^^^^^^^^^
  109 |   );
  110 | }
  111 |

Parsing ecmascript source code failed

Import trace:
  Server Component:
    ./app/settings/VenueForm.tsx
    ./app/settings/page.tsx @ http://localhost:3000/_next/static/chunks/node_modules_next_dist_0u_w_5s._.js:1945
[ 1109954ms] [ERROR] ./app/settings/VenueForm.tsx:108:6
Unterminated regexp literal
  106 |         </button>
  107 |       </form>
> 108 |     </section>
      |      ^^^^^^^^^
  109 |   );
  110 | }
  111 |

Parsing ecmascript source code failed

Import trace:
  Server Component:
    ./app/settings/VenueForm.tsx
    ./app/settings/page.tsx @ http://localhost:3000/_next/static/chunks/node_modules_next_dist_0u_w_5s._.js:1945
[ 1110019ms] [ERROR] ./app/settings/VenueForm.tsx:108:6
Unterminated regexp literal
  106 |         </button>
  107 |       </form>
> 108 |     </section>
      |      ^^^^^^^^^
  109 |   );
  110 | }
  111 |

Parsing ecmascript source code failed

Import trace:
  Server Component:
    ./app/settings/VenueForm.tsx
    ./app/settings/page.tsx @ http://localhost:3000/_next/static/chunks/node_modules_next_dist_0u_w_5s._.js:1945
[ 1110084ms] [ERROR] ./app/settings/VenueForm.tsx:108:6
Unterminated regexp literal
  106 |         </button>
  107 |       </form>
> 108 |     </section>
      |      ^^^^^^^^^
  109 |   );
  110 | }
  111 |

Parsing ecmascript source code failed

Import trace:
  Server Component:
    ./app/settings/VenueForm.tsx
    ./app/settings/page.tsx @ http://localhost:3000/_next/static/chunks/node_modules_next_dist_0u_w_5s._.js:1945
[ 1110146ms] [ERROR] ./app/settings/VenueForm.tsx:108:6
Unterminated regexp literal
  106 |         </button>
  107 |       </form>
> 108 |     </section>
      |      ^^^^^^^^^
  109 |   );
  110 | }
  111 |

Parsing ecmascript source code failed

Import trace:
  Server Component:
    ./app/settings/VenueForm.tsx
    ./app/settings/page.tsx @ http://localhost:3000/_next/static/chunks/node_modules_next_dist_0u_w_5s._.js:1945
[ 1110208ms] [ERROR] ./app/settings/VenueForm.tsx:108:6
Unterminated regexp literal
  106 |         </button>
  107 |       </form>
> 108 |     </section>
      |      ^^^^^^^^^
  109 |   );
  110 | }
  111 |

Parsing ecmascript source code failed

Import trace:
  Server Component:
    ./app/settings/VenueForm.tsx
    ./app/settings/page.tsx @ http://localhost:3000/_next/static/chunks/node_modules_next_dist_0u_w_5s._.js:1945
[ 1110276ms] [ERROR] ./app/settings/VenueForm.tsx:108:6
Unterminated regexp literal
  106 |         </button>
  107 |       </form>
> 108 |     </section>
      |      ^^^^^^^^^
  109 |   );
  110 | }
  111 |

Parsing ecmascript source code failed

Import trace:
  Server Component:
    ./app/settings/VenueForm.tsx
    ./app/settings/page.tsx @ http://localhost:3000/_next/static/chunks/node_modules_next_dist_0u_w_5s._.js:1945
[ 1110356ms] [ERROR] ./app/settings/VenueForm.tsx:108:6
Unterminated regexp literal
  106 |         </button>
  107 |       </form>
> 108 |     </section>
      |      ^^^^^^^^^
  109 |   );
  110 | }
  111 |

Parsing ecmascript source code failed

Import trace:
  Server Component:
    ./app/settings/VenueForm.tsx
    ./app/settings/page.tsx @ http://localhost:3000/_next/static/chunks/node_modules_next_dist_0u_w_5s._.js:1945
[ 1110418ms] [ERROR] ./app/settings/VenueForm.tsx:108:6
Unterminated regexp literal
  106 |         </button>
  107 |       </form>
> 108 |     </section>
      |      ^^^^^^^^^
  109 |   );
  110 | }
  111 |

Parsing ecmascript source code failed

Import trace:
  Server Component:
    ./app/settings/VenueForm.tsx
    ./app/settings/page.tsx @ http://localhost:3000/_next/static/chunks/node_modules_next_dist_0u_w_5s._.js:1945
[ 1110494ms] [ERROR] ./app/settings/VenueForm.tsx:108:6
Unterminated regexp literal
  106 |         </button>
  107 |       </form>
> 108 |     </section>
      |      ^^^^^^^^^
  109 |   );
  110 | }
  111 |

Parsing ecmascript source code failed

Import trace:
  Server Component:
    ./app/settings/VenueForm.tsx
    ./app/settings/page.tsx @ http://localhost:3000/_next/static/chunks/node_modules_next_dist_0u_w_5s._.js:1945
[ 1110571ms] [ERROR] ./app/settings/VenueForm.tsx:108:6
Unterminated regexp literal
  106 |         </button>
  107 |       </form>
> 108 |     </section>
      |      ^^^^^^^^^
  109 |   );
  110 | }
  111 |

Parsing ecmascript source code failed

Import trace:
  Server Component:
    ./app/settings/VenueForm.tsx
    ./app/settings/page.tsx @ http://localhost:3000/_next/static/chunks/node_modules_next_dist_0u_w_5s._.js:1945
[ 1110657ms] [ERROR] ./app/settings/VenueForm.tsx:108:6
Unterminated regexp literal
  106 |         </button>
  107 |       </form>
> 108 |     </section>
      |      ^^^^^^^^^
  109 |   );
  110 | }
  111 |

Parsing ecmascript source code failed

Import trace:
  Server Component:
    ./app/settings/VenueForm.tsx
    ./app/settings/page.tsx @ http://localhost:3000/_next/static/chunks/node_modules_next_dist_0u_w_5s._.js:1945
[ 1110740ms] [ERROR] ./app/settings/VenueForm.tsx:108:6
Unterminated regexp literal
  106 |         </button>
  107 |       </form>
> 108 |     </section>
      |      ^^^^^^^^^
  109 |   );
  110 | }
  111 |

Parsing ecmascript source code failed

Import trace:
  Server Component:
    ./app/settings/VenueForm.tsx
    ./app/settings/page.tsx @ http://localhost:3000/_next/static/chunks/node_modules_next_dist_0u_w_5s._.js:1945
[ 1110817ms] [ERROR] ./app/settings/VenueForm.tsx:108:6
Unterminated regexp literal
  106 |         </button>
  107 |       </form>
> 108 |     </section>
      |      ^^^^^^^^^
  109 |   );
  110 | }
  111 |

Parsing ecmascript source code failed

Import trace:
  Server Component:
    ./app/settings/VenueForm.tsx
    ./app/settings/page.tsx @ http://localhost:3000/_next/static/chunks/node_modules_next_dist_0u_w_5s._.js:1945
[ 1110890ms] [ERROR] ./app/settings/VenueForm.tsx:108:6
Unterminated regexp literal
  106 |         </button>
  107 |       </form>
> 108 |     </section>
      |      ^^^^^^^^^
  109 |   );
  110 | }
  111 |

Parsing ecmascript source code failed

Import trace:
  Server Component:
    ./app/settings/VenueForm.tsx
    ./app/settings/page.tsx @ http://localhost:3000/_next/static/chunks/node_modules_next_dist_0u_w_5s._.js:1945
[ 1110967ms] [ERROR] ./app/settings/VenueForm.tsx:108:6
Unterminated regexp literal
  106 |         </button>
  107 |       </form>
> 108 |     </section>
      |      ^^^^^^^^^
  109 |   );
  110 | }
  111 |

Parsing ecmascript source code failed

Import trace:
  Server Component:
    ./app/settings/VenueForm.tsx
    ./app/settings/page.tsx @ http://localhost:3000/_next/static/chunks/node_modules_next_dist_0u_w_5s._.js:1945
[ 1111023ms] [ERROR] ./app/settings/VenueForm.tsx:108:6
Unterminated regexp literal
  106 |         </button>
  107 |       </form>
> 108 |     </section>
      |      ^^^^^^^^^
  109 |   );
  110 | }
  111 |

Parsing ecmascript source code failed

Import trace:
  Server Component:
    ./app/settings/VenueForm.tsx
    ./app/settings/page.tsx @ http://localhost:3000/_next/static/chunks/node_modules_next_dist_0u_w_5s._.js:1945
[ 1111085ms] [ERROR] ./app/settings/VenueForm.tsx:108:6
Unterminated regexp literal
  106 |         </button>
  107 |       </form>
> 108 |     </section>
      |      ^^^^^^^^^
  109 |   );
  110 | }
  111 |

Parsing ecmascript source code failed

Import trace:
  Server Component:
    ./app/settings/VenueForm.tsx
    ./app/settings/page.tsx @ http://localhost:3000/_next/static/chunks/node_modules_next_dist_0u_w_5s._.js:1945
[ 1111147ms] [ERROR] ./app/settings/VenueForm.tsx:108:6
Unterminated regexp literal
  106 |         </button>
  107 |       </form>
> 108 |     </section>
      |      ^^^^^^^^^
  109 |   );
  110 | }
  111 |

Parsing ecmascript source code failed

Import trace:
  Server Component:
    ./app/settings/VenueForm.tsx
    ./app/settings/page.tsx @ http://localhost:3000/_next/static/chunks/node_modules_next_dist_0u_w_5s._.js:1945
[ 1111208ms] [ERROR] ./app/settings/VenueForm.tsx:108:6
Unterminated regexp literal
  106 |         </button>
  107 |       </form>
> 108 |     </section>
      |      ^^^^^^^^^
  109 |   );
  110 | }
  111 |

Parsing ecmascript source code failed

Import trace:
  Server Component:
    ./app/settings/VenueForm.tsx
    ./app/settings/page.tsx @ http://localhost:3000/_next/static/chunks/node_modules_next_dist_0u_w_5s._.js:1945
[ 1111271ms] [ERROR] ./app/settings/VenueForm.tsx:108:6
Unterminated regexp literal
  106 |         </button>
  107 |       </form>
> 108 |     </section>
      |      ^^^^^^^^^
  109 |   );
  110 | }
  111 |

Parsing ecmascript source code failed

Import trace:
  Server Component:
    ./app/settings/VenueForm.tsx
    ./app/settings/page.tsx @ http://localhost:3000/_next/static/chunks/node_modules_next_dist_0u_w_5s._.js:1945
[ 1111332ms] [ERROR] ./app/settings/VenueForm.tsx:108:6
Unterminated regexp literal
  106 |         </button>
  107 |       </form>
> 108 |     </section>
      |      ^^^^^^^^^
  109 |   );
  110 | }
  111 |

Parsing ecmascript source code failed

Import trace:
  Server Component:
    ./app/settings/VenueForm.tsx
    ./app/settings/page.tsx @ http://localhost:3000/_next/static/chunks/node_modules_next_dist_0u_w_5s._.js:1945
[ 1111395ms] [ERROR] ./app/settings/VenueForm.tsx:108:6
Unterminated regexp literal
  106 |         </button>
  107 |       </form>
> 108 |     </section>
      |      ^^^^^^^^^
  109 |   );
  110 | }
  111 |

Parsing ecmascript source code failed

Import trace:
  Server Component:
    ./app/settings/VenueForm.tsx
    ./app/settings/page.tsx @ http://localhost:3000/_next/static/chunks/node_modules_next_dist_0u_w_5s._.js:1945
[ 1111457ms] [ERROR] ./app/settings/VenueForm.tsx:108:6
Unterminated regexp literal
  106 |         </button>
  107 |       </form>
> 108 |     </section>
      |      ^^^^^^^^^
  109 |   );
  110 | }
  111 |

Parsing ecmascript source code failed

Import trace:
  Server Component:
    ./app/settings/VenueForm.tsx
    ./app/settings/page.tsx @ http://localhost:3000/_next/static/chunks/node_modules_next_dist_0u_w_5s._.js:1945
[ 1111522ms] [ERROR] ./app/settings/VenueForm.tsx:108:6
Unterminated regexp literal
  106 |         </button>
  107 |       </form>
> 108 |     </section>
      |      ^^^^^^^^^
  109 |   );
  110 | }
  111 |

Parsing ecmascript source code failed

Import trace:
  Server Component:
    ./app/settings/VenueForm.tsx
    ./app/settings/page.tsx @ http://localhost:3000/_next/static/chunks/node_modules_next_dist_0u_w_5s._.js:1945
[ 1111583ms] [ERROR] ./app/settings/VenueForm.tsx:108:6
Unterminated regexp literal
  106 |         </button>
  107 |       </form>
> 108 |     </section>
      |      ^^^^^^^^^
  109 |   );
  110 | }
  111 |

Parsing ecmascript source code failed

Import trace:
  Server Component:
    ./app/settings/VenueForm.tsx
    ./app/settings/page.tsx @ http://localhost:3000/_next/static/chunks/node_modules_next_dist_0u_w_5s._.js:1945
[ 1111646ms] [ERROR] ./app/settings/VenueForm.tsx:108:6
Unterminated regexp literal
  106 |         </button>
  107 |       </form>
> 108 |     </section>
      |      ^^^^^^^^^
  109 |   );
  110 | }
  111 |

Parsing ecmascript source code failed

Import trace:
  Server Component:
    ./app/settings/VenueForm.tsx
    ./app/settings/page.tsx @ http://localhost:3000/_next/static/chunks/node_modules_next_dist_0u_w_5s._.js:1945
[ 1111708ms] [ERROR] ./app/settings/VenueForm.tsx:108:6
Unterminated regexp literal
  106 |         </button>
  107 |       </form>
> 108 |     </section>
      |      ^^^^^^^^^
  109 |   );
  110 | }
  111 |

Parsing ecmascript source code failed

Import trace:
  Server Component:
    ./app/settings/VenueForm.tsx
    ./app/settings/page.tsx @ http://localhost:3000/_next/static/chunks/node_modules_next_dist_0u_w_5s._.js:1945
[ 1111769ms] [ERROR] ./app/settings/VenueForm.tsx:108:6
Unterminated regexp literal
  106 |         </button>
  107 |       </form>
> 108 |     </section>
      |      ^^^^^^^^^
  109 |   );
  110 | }
  111 |

Parsing ecmascript source code failed

Import trace:
  Server Component:
    ./app/settings/VenueForm.tsx
    ./app/settings/page.tsx @ http://localhost:3000/_next/static/chunks/node_modules_next_dist_0u_w_5s._.js:1945
[ 1111834ms] [ERROR] ./app/settings/VenueForm.tsx:108:6
Unterminated regexp literal
  106 |         </button>
  107 |       </form>
> 108 |     </section>
      |      ^^^^^^^^^
  109 |   );
  110 | }
  111 |

Parsing ecmascript source code failed

Import trace:
  Server Component:
    ./app/settings/VenueForm.tsx
    ./app/settings/page.tsx @ http://localhost:3000/_next/static/chunks/node_modules_next_dist_0u_w_5s._.js:1945
[ 1111897ms] [ERROR] ./app/settings/VenueForm.tsx:108:6
Unterminated regexp literal
  106 |         </button>
  107 |       </form>
> 108 |     </section>
      |      ^^^^^^^^^
  109 |   );
  110 | }
  111 |

Parsing ecmascript source code failed

Import trace:
  Server Component:
    ./app/settings/VenueForm.tsx
    ./app/settings/page.tsx @ http://localhost:3000/_next/static/chunks/node_modules_next_dist_0u_w_5s._.js:1945
[ 1111959ms] [ERROR] ./app/settings/VenueForm.tsx:108:6
Unterminated regexp literal
  106 |         </button>
  107 |       </form>
> 108 |     </section>
      |      ^^^^^^^^^
  109 |   );
  110 | }
  111 |

Parsing ecmascript source code failed

Import trace:
  Server Component:
    ./app/settings/VenueForm.tsx
    ./app/settings/page.tsx @ http://localhost:3000/_next/static/chunks/node_modules_next_dist_0u_w_5s._.js:1945
[ 1112022ms] [ERROR] ./app/settings/VenueForm.tsx:108:6
Unterminated regexp literal
  106 |         </button>
  107 |       </form>
> 108 |     </section>
      |      ^^^^^^^^^
  109 |   );
  110 | }
  111 |

Parsing ecmascript source code failed

Import trace:
  Server Component:
    ./app/settings/VenueForm.tsx
    ./app/settings/page.tsx @ http://localhost:3000/_next/static/chunks/node_modules_next_dist_0u_w_5s._.js:1945
[ 1112085ms] [ERROR] ./app/settings/VenueForm.tsx:108:6
Unterminated regexp literal
  106 |         </button>
  107 |       </form>
> 108 |     </section>
      |      ^^^^^^^^^
  109 |   );
  110 | }
  111 |

Parsing ecmascript source code failed

Import trace:
  Server Component:
    ./app/settings/VenueForm.tsx
    ./app/settings/page.tsx @ http://localhost:3000/_next/static/chunks/node_modules_next_dist_0u_w_5s._.js:1945
[ 1112147ms] [ERROR] ./app/settings/VenueForm.tsx:108:6
Unterminated regexp literal
  106 |         </button>
  107 |       </form>
> 108 |     </section>
      |      ^^^^^^^^^
  109 |   );
  110 | }
  111 |

Parsing ecmascript source code failed

Import trace:
  Server Component:
    ./app/settings/VenueForm.tsx
    ./app/settings/page.tsx @ http://localhost:3000/_next/static/chunks/node_modules_next_dist_0u_w_5s._.js:1945
[ 1112210ms] [ERROR] ./app/settings/VenueForm.tsx:108:6
Unterminated regexp literal
  106 |         </button>
  107 |       </form>
> 108 |     </section>
      |      ^^^^^^^^^
  109 |   );
  110 | }
  111 |

Parsing ecmascript source code failed

Import trace:
  Server Component:
    ./app/settings/VenueForm.tsx
    ./app/settings/page.tsx @ http://localhost:3000/_next/static/chunks/node_modules_next_dist_0u_w_5s._.js:1945
[ 1112275ms] [ERROR] ./app/settings/VenueForm.tsx:108:6
Unterminated regexp literal
  106 |         </button>
  107 |       </form>
> 108 |     </section>
      |      ^^^^^^^^^
  109 |   );
  110 | }
  111 |

Parsing ecmascript source code failed

Import trace:
  Server Component:
    ./app/settings/VenueForm.tsx
    ./app/settings/page.tsx @ http://localhost:3000/_next/static/chunks/node_modules_next_dist_0u_w_5s._.js:1945
[ 1112339ms] [ERROR] ./app/settings/VenueForm.tsx:108:6
Unterminated regexp literal
  106 |         </button>
  107 |       </form>
> 108 |     </section>
      |      ^^^^^^^^^
  109 |   );
  110 | }
  111 |

Parsing ecmascript source code failed

Import trace:
  Server Component:
    ./app/settings/VenueForm.tsx
    ./app/settings/page.tsx @ http://localhost:3000/_next/static/chunks/node_modules_next_dist_0u_w_5s._.js:1945
[ 1112415ms] [ERROR] ./app/settings/VenueForm.tsx:108:6
Unterminated regexp literal
  106 |         </button>
  107 |       </form>
> 108 |     </section>
      |      ^^^^^^^^^
  109 |   );
  110 | }
  111 |

Parsing ecmascript source code failed

Import trace:
  Server Component:
    ./app/settings/VenueForm.tsx
    ./app/settings/page.tsx @ http://localhost:3000/_next/static/chunks/node_modules_next_dist_0u_w_5s._.js:1945
[ 1112490ms] [ERROR] ./app/settings/VenueForm.tsx:108:6
Unterminated regexp literal
  106 |         </button>
  107 |       </form>
> 108 |     </section>
      |      ^^^^^^^^^
  109 |   );
  110 | }
  111 |

Parsing ecmascript source code failed

Import trace:
  Server Component:
    ./app/settings/VenueForm.tsx
    ./app/settings/page.tsx @ http://localhost:3000/_next/static/chunks/node_modules_next_dist_0u_w_5s._.js:1945
[ 1112552ms] [ERROR] ./app/settings/VenueForm.tsx:108:6
Unterminated regexp literal
  106 |         </button>
  107 |       </form>
> 108 |     </section>
      |      ^^^^^^^^^
  109 |   );
  110 | }
  111 |

Parsing ecmascript source code failed

Import trace:
  Server Component:
    ./app/settings/VenueForm.tsx
    ./app/settings/page.tsx @ http://localhost:3000/_next/static/chunks/node_modules_next_dist_0u_w_5s._.js:1945
[ 1112615ms] [ERROR] ./app/settings/VenueForm.tsx:108:6
Unterminated regexp literal
  106 |         </button>
  107 |       </form>
> 108 |     </section>
      |      ^^^^^^^^^
  109 |   );
  110 | }
  111 |

Parsing ecmascript source code failed

Import trace:
  Server Component:
    ./app/settings/VenueForm.tsx
    ./app/settings/page.tsx @ http://localhost:3000/_next/static/chunks/node_modules_next_dist_0u_w_5s._.js:1945
[ 1112677ms] [ERROR] ./app/settings/VenueForm.tsx:108:6
Unterminated regexp literal
  106 |         </button>
  107 |       </form>
> 108 |     </section>
      |      ^^^^^^^^^
  109 |   );
  110 | }
  111 |

Parsing ecmascript source code failed

Import trace:
  Server Component:
    ./app/settings/VenueForm.tsx
    ./app/settings/page.tsx @ http://localhost:3000/_next/static/chunks/node_modules_next_dist_0u_w_5s._.js:1945
[ 1112739ms] [ERROR] ./app/settings/VenueForm.tsx:108:6
Unterminated regexp literal
  106 |         </button>
  107 |       </form>
> 108 |     </section>
      |      ^^^^^^^^^
  109 |   );
  110 | }
  111 |

Parsing ecmascript source code failed

Import trace:
  Server Component:
    ./app/settings/VenueForm.tsx
    ./app/settings/page.tsx @ http://localhost:3000/_next/static/chunks/node_modules_next_dist_0u_w_5s._.js:1945
[ 1112801ms] [ERROR] ./app/settings/VenueForm.tsx:108:6
Unterminated regexp literal
  106 |         </button>
  107 |       </form>
> 108 |     </section>
      |      ^^^^^^^^^
  109 |   );
  110 | }
  111 |

Parsing ecmascript source code failed

Import trace:
  Server Component:
    ./app/settings/VenueForm.tsx
    ./app/settings/page.tsx @ http://localhost:3000/_next/static/chunks/node_modules_next_dist_0u_w_5s._.js:1945
[ 1112864ms] [ERROR] ./app/settings/VenueForm.tsx:108:6
Unterminated regexp literal
  106 |         </button>
  107 |       </form>
> 108 |     </section>
      |      ^^^^^^^^^
  109 |   );
  110 | }
  111 |

Parsing ecmascript source code failed

Import trace:
  Server Component:
    ./app/settings/VenueForm.tsx
    ./app/settings/page.tsx @ http://localhost:3000/_next/static/chunks/node_modules_next_dist_0u_w_5s._.js:1945
[ 1112926ms] [ERROR] ./app/settings/VenueForm.tsx:108:6
Unterminated regexp literal
  106 |         </button>
  107 |       </form>
> 108 |     </section>
      |      ^^^^^^^^^
  109 |   );
  110 | }
  111 |

Parsing ecmascript source code failed

Import trace:
  Server Component:
    ./app/settings/VenueForm.tsx
    ./app/settings/page.tsx @ http://localhost:3000/_next/static/chunks/node_modules_next_dist_0u_w_5s._.js:1945
[ 1112988ms] [ERROR] ./app/settings/VenueForm.tsx:108:6
Unterminated regexp literal
  106 |         </button>
  107 |       </form>
> 108 |     </section>
      |      ^^^^^^^^^
  109 |   );
  110 | }
  111 |

Parsing ecmascript source code failed

Import trace:
  Server Component:
    ./app/settings/VenueForm.tsx
    ./app/settings/page.tsx @ http://localhost:3000/_next/static/chunks/node_modules_next_dist_0u_w_5s._.js:1945
[ 1113050ms] [ERROR] ./app/settings/VenueForm.tsx:108:6
Unterminated regexp literal
  106 |         </button>
  107 |       </form>
> 108 |     </section>
      |      ^^^^^^^^^
  109 |   );
  110 | }
  111 |

Parsing ecmascript source code failed

Import trace:
  Server Component:
    ./app/settings/VenueForm.tsx
    ./app/settings/page.tsx @ http://localhost:3000/_next/static/chunks/node_modules_next_dist_0u_w_5s._.js:1945
[ 1113113ms] [ERROR] ./app/settings/VenueForm.tsx:108:6
Unterminated regexp literal
  106 |         </button>
  107 |       </form>
> 108 |     </section>
      |      ^^^^^^^^^
  109 |   );
  110 | }
  111 |

Parsing ecmascript source code failed

Import trace:
  Server Component:
    ./app/settings/VenueForm.tsx
    ./app/settings/page.tsx @ http://localhost:3000/_next/static/chunks/node_modules_next_dist_0u_w_5s._.js:1945
[ 1113177ms] [ERROR] ./app/settings/VenueForm.tsx:108:6
Unterminated regexp literal
  106 |         </button>
  107 |       </form>
> 108 |     </section>
      |      ^^^^^^^^^
  109 |   );
  110 | }
  111 |

Parsing ecmascript source code failed

Import trace:
  Server Component:
    ./app/settings/VenueForm.tsx
    ./app/settings/page.tsx @ http://localhost:3000/_next/static/chunks/node_modules_next_dist_0u_w_5s._.js:1945
[ 1113239ms] [ERROR] ./app/settings/VenueForm.tsx:108:6
Unterminated regexp literal
  106 |         </button>
  107 |       </form>
> 108 |     </section>
      |      ^^^^^^^^^
  109 |   );
  110 | }
  111 |

Parsing ecmascript source code failed

Import trace:
  Server Component:
    ./app/settings/VenueForm.tsx
    ./app/settings/page.tsx @ http://localhost:3000/_next/static/chunks/node_modules_next_dist_0u_w_5s._.js:1945
[ 1113302ms] [ERROR] ./app/settings/VenueForm.tsx:108:6
Unterminated regexp literal
  106 |         </button>
  107 |       </form>
> 108 |     </section>
      |      ^^^^^^^^^
  109 |   );
  110 | }
  111 |

Parsing ecmascript source code failed

Import trace:
  Server Component:
    ./app/settings/VenueForm.tsx
    ./app/settings/page.tsx @ http://localhost:3000/_next/static/chunks/node_modules_next_dist_0u_w_5s._.js:1945
[ 1113374ms] [ERROR] ./app/settings/VenueForm.tsx:108:6
Unterminated regexp literal
  106 |         </button>
  107 |       </form>
> 108 |     </section>
      |      ^^^^^^^^^
  109 |   );
  110 | }
  111 |

Parsing ecmascript source code failed

Import trace:
  Server Component:
    ./app/settings/VenueForm.tsx
    ./app/settings/page.tsx @ http://localhost:3000/_next/static/chunks/node_modules_next_dist_0u_w_5s._.js:1945
[ 1113434ms] [ERROR] ./app/settings/VenueForm.tsx:108:6
Unterminated regexp literal
  106 |         </button>
  107 |       </form>
> 108 |     </section>
      |      ^^^^^^^^^
  109 |   );
  110 | }
  111 |

Parsing ecmascript source code failed

Import trace:
  Server Component:
    ./app/settings/VenueForm.tsx
    ./app/settings/page.tsx @ http://localhost:3000/_next/static/chunks/node_modules_next_dist_0u_w_5s._.js:1945
[ 1113507ms] [ERROR] ./app/settings/VenueForm.tsx:108:6
Unterminated regexp literal
  106 |         </button>
  107 |       </form>
> 108 |     </section>
      |      ^^^^^^^^^
  109 |   );
  110 | }
  111 |

Parsing ecmascript source code failed

Import trace:
  Server Component:
    ./app/settings/VenueForm.tsx
    ./app/settings/page.tsx @ http://localhost:3000/_next/static/chunks/node_modules_next_dist_0u_w_5s._.js:1945
[ 1113579ms] [ERROR] ./app/settings/VenueForm.tsx:108:6
Unterminated regexp literal
  106 |         </button>
  107 |       </form>
> 108 |     </section>
      |      ^^^^^^^^^
  109 |   );
  110 | }
  111 |

Parsing ecmascript source code failed

Import trace:
  Server Component:
    ./app/settings/VenueForm.tsx
    ./app/settings/page.tsx @ http://localhost:3000/_next/static/chunks/node_modules_next_dist_0u_w_5s._.js:1945
[ 1113645ms] [ERROR] ./app/settings/VenueForm.tsx:108:6
Unterminated regexp literal
  106 |         </button>
  107 |       </form>
> 108 |     </section>
      |      ^^^^^^^^^
  109 |   );
  110 | }
  111 |

Parsing ecmascript source code failed

Import trace:
  Server Component:
    ./app/settings/VenueForm.tsx
    ./app/settings/page.tsx @ http://localhost:3000/_next/static/chunks/node_modules_next_dist_0u_w_5s._.js:1945
[ 1113709ms] [ERROR] ./app/settings/VenueForm.tsx:108:6
Unterminated regexp literal
  106 |         </button>
  107 |       </form>
> 108 |     </section>
      |      ^^^^^^^^^
  109 |   );
  110 | }
  111 |

Parsing ecmascript source code failed

Import trace:
  Server Component:
    ./app/settings/VenueForm.tsx
    ./app/settings/page.tsx @ http://localhost:3000/_next/static/chunks/node_modules_next_dist_0u_w_5s._.js:1945
[ 1113788ms] [ERROR] ./app/settings/VenueForm.tsx:108:6
Unterminated regexp literal
  106 |         </button>
  107 |       </form>
> 108 |     </section>
      |      ^^^^^^^^^
  109 |   );
  110 | }
  111 |

Parsing ecmascript source code failed

Import trace:
  Server Component:
    ./app/settings/VenueForm.tsx
    ./app/settings/page.tsx @ http://localhost:3000/_next/static/chunks/node_modules_next_dist_0u_w_5s._.js:1945
[ 1113851ms] [ERROR] ./app/settings/VenueForm.tsx:108:6
Unterminated regexp literal
  106 |         </button>
  107 |       </form>
> 108 |     </section>
      |      ^^^^^^^^^
  109 |   );
  110 | }
  111 |

Parsing ecmascript source code failed

Import trace:
  Server Component:
    ./app/settings/VenueForm.tsx
    ./app/settings/page.tsx @ http://localhost:3000/_next/static/chunks/node_modules_next_dist_0u_w_5s._.js:1945
[ 1113912ms] [ERROR] ./app/settings/VenueForm.tsx:108:6
Unterminated regexp literal
  106 |         </button>
  107 |       </form>
> 108 |     </section>
      |      ^^^^^^^^^
  109 |   );
  110 | }
  111 |

Parsing ecmascript source code failed

Import trace:
  Server Component:
    ./app/settings/VenueForm.tsx
    ./app/settings/page.tsx @ http://localhost:3000/_next/static/chunks/node_modules_next_dist_0u_w_5s._.js:1945
[ 1113973ms] [ERROR] ./app/settings/VenueForm.tsx:108:6
Unterminated regexp literal
  106 |         </button>
  107 |       </form>
> 108 |     </section>
      |      ^^^^^^^^^
  109 |   );
  110 | }
  111 |

Parsing ecmascript source code failed

Import trace:
  Server Component:
    ./app/settings/VenueForm.tsx
    ./app/settings/page.tsx @ http://localhost:3000/_next/static/chunks/node_modules_next_dist_0u_w_5s._.js:1945
[ 1114036ms] [ERROR] ./app/settings/VenueForm.tsx:108:6
Unterminated regexp literal
  106 |         </button>
  107 |       </form>
> 108 |     </section>
      |      ^^^^^^^^^
  109 |   );
  110 | }
  111 |

Parsing ecmascript source code failed

Import trace:
  Server Component:
    ./app/settings/VenueForm.tsx
    ./app/settings/page.tsx @ http://localhost:3000/_next/static/chunks/node_modules_next_dist_0u_w_5s._.js:1945
[ 1114097ms] [ERROR] ./app/settings/VenueForm.tsx:108:6
Unterminated regexp literal
  106 |         </button>
  107 |       </form>
> 108 |     </section>
      |      ^^^^^^^^^
  109 |   );
  110 | }
  111 |

Parsing ecmascript source code failed

Import trace:
  Server Component:
    ./app/settings/VenueForm.tsx
    ./app/settings/page.tsx @ http://localhost:3000/_next/static/chunks/node_modules_next_dist_0u_w_5s._.js:1945
[ 1114158ms] [ERROR] ./app/settings/VenueForm.tsx:108:6
Unterminated regexp literal
  106 |         </button>
  107 |       </form>
> 108 |     </section>
      |      ^^^^^^^^^
  109 |   );
  110 | }
  111 |

Parsing ecmascript source code failed

Import trace:
  Server Component:
    ./app/settings/VenueForm.tsx
    ./app/settings/page.tsx @ http://localhost:3000/_next/static/chunks/node_modules_next_dist_0u_w_5s._.js:1945
[ 1114222ms] [ERROR] ./app/settings/VenueForm.tsx:108:6
Unterminated regexp literal
  106 |         </button>
  107 |       </form>
> 108 |     </section>
      |      ^^^^^^^^^
  109 |   );
  110 | }
  111 |

Parsing ecmascript source code failed

Import trace:
  Server Component:
    ./app/settings/VenueForm.tsx
    ./app/settings/page.tsx @ http://localhost:3000/_next/static/chunks/node_modules_next_dist_0u_w_5s._.js:1945
[ 1114283ms] [ERROR] ./app/settings/VenueForm.tsx:108:6
Unterminated regexp literal
  106 |         </button>
  107 |       </form>
> 108 |     </section>
      |      ^^^^^^^^^
  109 |   );
  110 | }
  111 |

Parsing ecmascript source code failed

Import trace:
  Server Component:
    ./app/settings/VenueForm.tsx
    ./app/settings/page.tsx @ http://localhost:3000/_next/static/chunks/node_modules_next_dist_0u_w_5s._.js:1945
[ 1114345ms] [ERROR] ./app/settings/VenueForm.tsx:108:6
Unterminated regexp literal
  106 |         </button>
  107 |       </form>
> 108 |     </section>
      |      ^^^^^^^^^
  109 |   );
  110 | }
  111 |

Parsing ecmascript source code failed

Import trace:
  Server Component:
    ./app/settings/VenueForm.tsx
    ./app/settings/page.tsx @ http://localhost:3000/_next/static/chunks/node_modules_next_dist_0u_w_5s._.js:1945
[ 1114408ms] [ERROR] ./app/settings/VenueForm.tsx:108:6
Unterminated regexp literal
  106 |         </button>
  107 |       </form>
> 108 |     </section>
      |      ^^^^^^^^^
  109 |   );
  110 | }
  111 |

Parsing ecmascript source code failed

Import trace:
  Server Component:
    ./app/settings/VenueForm.tsx
    ./app/settings/page.tsx @ http://localhost:3000/_next/static/chunks/node_modules_next_dist_0u_w_5s._.js:1945
[ 1114470ms] [ERROR] ./app/settings/VenueForm.tsx:108:6
Unterminated regexp literal
  106 |         </button>
  107 |       </form>
> 108 |     </section>
      |      ^^^^^^^^^
  109 |   );
  110 | }
  111 |

Parsing ecmascript source code failed

Import trace:
  Server Component:
    ./app/settings/VenueForm.tsx
    ./app/settings/page.tsx @ http://localhost:3000/_next/static/chunks/node_modules_next_dist_0u_w_5s._.js:1945
[ 1114531ms] [ERROR] ./app/settings/VenueForm.tsx:108:6
Unterminated regexp literal
  106 |         </button>
  107 |       </form>
> 108 |     </section>
      |      ^^^^^^^^^
  109 |   );
  110 | }
  111 |

Parsing ecmascript source code failed

Import trace:
  Server Component:
    ./app/settings/VenueForm.tsx
    ./app/settings/page.tsx @ http://localhost:3000/_next/static/chunks/node_modules_next_dist_0u_w_5s._.js:1945
[ 1114589ms] [ERROR] ./app/settings/VenueForm.tsx:108:6
Unterminated regexp literal
  106 |         </button>
  107 |       </form>
> 108 |     </section>
      |      ^^^^^^^^^
  109 |   );
  110 | }
  111 |

Parsing ecmascript source code failed

Import trace:
  Server Component:
    ./app/settings/VenueForm.tsx
    ./app/settings/page.tsx @ http://localhost:3000/_next/static/chunks/node_modules_next_dist_0u_w_5s._.js:1945
[ 1114650ms] [ERROR] ./app/settings/VenueForm.tsx:108:6
Unterminated regexp literal
  106 |         </button>
  107 |       </form>
> 108 |     </section>
      |      ^^^^^^^^^
  109 |   );
  110 | }
  111 |

Parsing ecmascript source code failed

Import trace:
  Server Component:
    ./app/settings/VenueForm.tsx
    ./app/settings/page.tsx @ http://localhost:3000/_next/static/chunks/node_modules_next_dist_0u_w_5s._.js:1945
[ 1114713ms] [ERROR] ./app/settings/VenueForm.tsx:108:6
Unterminated regexp literal
  106 |         </button>
  107 |       </form>
> 108 |     </section>
      |      ^^^^^^^^^
  109 |   );
  110 | }
  111 |

Parsing ecmascript source code failed

Import trace:
  Server Component:
    ./app/settings/VenueForm.tsx
    ./app/settings/page.tsx @ http://localhost:3000/_next/static/chunks/node_modules_next_dist_0u_w_5s._.js:1945
[ 1114790ms] [ERROR] ./app/settings/VenueForm.tsx:108:6
Unterminated regexp literal
  106 |         </button>
  107 |       </form>
> 108 |     </section>
      |      ^^^^^^^^^
  109 |   );
  110 | }
  111 |

Parsing ecmascript source code failed

Import trace:
  Server Component:
    ./app/settings/VenueForm.tsx
    ./app/settings/page.tsx @ http://localhost:3000/_next/static/chunks/node_modules_next_dist_0u_w_5s._.js:1945
[ 1114866ms] [ERROR] ./app/settings/VenueForm.tsx:108:6
Unterminated regexp literal
  106 |         </button>
  107 |       </form>
> 108 |     </section>
      |      ^^^^^^^^^
  109 |   );
  110 | }
  111 |

Parsing ecmascript source code failed

Import trace:
  Server Component:
    ./app/settings/VenueForm.tsx
    ./app/settings/page.tsx @ http://localhost:3000/_next/static/chunks/node_modules_next_dist_0u_w_5s._.js:1945
[ 1114929ms] [ERROR] ./app/settings/VenueForm.tsx:108:6
Unterminated regexp literal
  106 |         </button>
  107 |       </form>
> 108 |     </section>
      |      ^^^^^^^^^
  109 |   );
  110 | }
  111 |

Parsing ecmascript source code failed

Import trace:
  Server Component:
    ./app/settings/VenueForm.tsx
    ./app/settings/page.tsx @ http://localhost:3000/_next/static/chunks/node_modules_next_dist_0u_w_5s._.js:1945
[ 1114992ms] [ERROR] ./app/settings/VenueForm.tsx:108:6
Unterminated regexp literal
  106 |         </button>
  107 |       </form>
> 108 |     </section>
      |      ^^^^^^^^^
  109 |   );
  110 | }
  111 |

Parsing ecmascript source code failed

Import trace:
  Server Component:
    ./app/settings/VenueForm.tsx
    ./app/settings/page.tsx @ http://localhost:3000/_next/static/chunks/node_modules_next_dist_0u_w_5s._.js:1945
[ 1115069ms] [ERROR] ./app/settings/VenueForm.tsx:108:6
Unterminated regexp literal
  106 |         </button>
  107 |       </form>
> 108 |     </section>
      |      ^^^^^^^^^
  109 |   );
  110 | }
  111 |

Parsing ecmascript source code failed

Import trace:
  Server Component:
    ./app/settings/VenueForm.tsx
    ./app/settings/page.tsx @ http://localhost:3000/_next/static/chunks/node_modules_next_dist_0u_w_5s._.js:1945
[ 1115131ms] [ERROR] ./app/settings/VenueForm.tsx:108:6
Unterminated regexp literal
  106 |         </button>
  107 |       </form>
> 108 |     </section>
      |      ^^^^^^^^^
  109 |   );
  110 | }
  111 |

Parsing ecmascript source code failed

Import trace:
  Server Component:
    ./app/settings/VenueForm.tsx
    ./app/settings/page.tsx @ http://localhost:3000/_next/static/chunks/node_modules_next_dist_0u_w_5s._.js:1945
[ 1115193ms] [ERROR] ./app/settings/VenueForm.tsx:108:6
Unterminated regexp literal
  106 |         </button>
  107 |       </form>
> 108 |     </section>
      |      ^^^^^^^^^
  109 |   );
  110 | }
  111 |

Parsing ecmascript source code failed

Import trace:
  Server Component:
    ./app/settings/VenueForm.tsx
    ./app/settings/page.tsx @ http://localhost:3000/_next/static/chunks/node_modules_next_dist_0u_w_5s._.js:1945
[ 1115253ms] [ERROR] ./app/settings/VenueForm.tsx:108:6
Unterminated regexp literal
  106 |         </button>
  107 |       </form>
> 108 |     </section>
      |      ^^^^^^^^^
  109 |   );
  110 | }
  111 |

Parsing ecmascript source code failed

Import trace:
  Server Component:
    ./app/settings/VenueForm.tsx
    ./app/settings/page.tsx @ http://localhost:3000/_next/static/chunks/node_modules_next_dist_0u_w_5s._.js:1945
[ 1115315ms] [ERROR] ./app/settings/VenueForm.tsx:108:6
Unterminated regexp literal
  106 |         </button>
  107 |       </form>
> 108 |     </section>
      |      ^^^^^^^^^
  109 |   );
  110 | }
  111 |

Parsing ecmascript source code failed

Import trace:
  Server Component:
    ./app/settings/VenueForm.tsx
    ./app/settings/page.tsx @ http://localhost:3000/_next/static/chunks/node_modules_next_dist_0u_w_5s._.js:1945
[ 1115377ms] [ERROR] ./app/settings/VenueForm.tsx:108:6
Unterminated regexp literal
  106 |         </button>
  107 |       </form>
> 108 |     </section>
      |      ^^^^^^^^^
  109 |   );
  110 | }
  111 |

Parsing ecmascript source code failed

Import trace:
  Server Component:
    ./app/settings/VenueForm.tsx
    ./app/settings/page.tsx @ http://localhost:3000/_next/static/chunks/node_modules_next_dist_0u_w_5s._.js:1945
[ 1115438ms] [ERROR] ./app/settings/VenueForm.tsx:108:6
Unterminated regexp literal
  106 |         </button>
  107 |       </form>
> 108 |     </section>
      |      ^^^^^^^^^
  109 |   );
  110 | }
  111 |

Parsing ecmascript source code failed

Import trace:
  Server Component:
    ./app/settings/VenueForm.tsx
    ./app/settings/page.tsx @ http://localhost:3000/_next/static/chunks/node_modules_next_dist_0u_w_5s._.js:1945
[ 1115499ms] [ERROR] ./app/settings/VenueForm.tsx:108:6
Unterminated regexp literal
  106 |         </button>
  107 |       </form>
> 108 |     </section>
      |      ^^^^^^^^^
  109 |   );
  110 | }
  111 |

Parsing ecmascript source code failed

Import trace:
  Server Component:
    ./app/settings/VenueForm.tsx
    ./app/settings/page.tsx @ http://localhost:3000/_next/static/chunks/node_modules_next_dist_0u_w_5s._.js:1945
[ 1115560ms] [ERROR] ./app/settings/VenueForm.tsx:108:6
Unterminated regexp literal
  106 |         </button>
  107 |       </form>
> 108 |     </section>
      |      ^^^^^^^^^
  109 |   );
  110 | }
  111 |

Parsing ecmascript source code failed

Import trace:
  Server Component:
    ./app/settings/VenueForm.tsx
    ./app/settings/page.tsx @ http://localhost:3000/_next/static/chunks/node_modules_next_dist_0u_w_5s._.js:1945
[ 1115622ms] [ERROR] ./app/settings/VenueForm.tsx:108:6
Unterminated regexp literal
  106 |         </button>
  107 |       </form>
> 108 |     </section>
      |      ^^^^^^^^^
  109 |   );
  110 | }
  111 |

Parsing ecmascript source code failed

Import trace:
  Server Component:
    ./app/settings/VenueForm.tsx
    ./app/settings/page.tsx @ http://localhost:3000/_next/static/chunks/node_modules_next_dist_0u_w_5s._.js:1945
[ 1115684ms] [ERROR] ./app/settings/VenueForm.tsx:108:6
Unterminated regexp literal
  106 |         </button>
  107 |       </form>
> 108 |     </section>
      |      ^^^^^^^^^
  109 |   );
  110 | }
  111 |

Parsing ecmascript source code failed

Import trace:
  Server Component:
    ./app/settings/VenueForm.tsx
    ./app/settings/page.tsx @ http://localhost:3000/_next/static/chunks/node_modules_next_dist_0u_w_5s._.js:1945
[ 1115745ms] [ERROR] ./app/settings/VenueForm.tsx:108:6
Unterminated regexp literal
  106 |         </button>
  107 |       </form>
> 108 |     </section>
      |      ^^^^^^^^^
  109 |   );
  110 | }
  111 |

Parsing ecmascript source code failed

Import trace:
  Server Component:
    ./app/settings/VenueForm.tsx
    ./app/settings/page.tsx @ http://localhost:3000/_next/static/chunks/node_modules_next_dist_0u_w_5s._.js:1945
[ 1115806ms] [ERROR] ./app/settings/VenueForm.tsx:108:6
Unterminated regexp literal
  106 |         </button>
  107 |       </form>
> 108 |     </section>
      |      ^^^^^^^^^
  109 |   );
  110 | }
  111 |

Parsing ecmascript source code failed

Import trace:
  Server Component:
    ./app/settings/VenueForm.tsx
    ./app/settings/page.tsx @ http://localhost:3000/_next/static/chunks/node_modules_next_dist_0u_w_5s._.js:1945
[ 1115868ms] [ERROR] ./app/settings/VenueForm.tsx:108:6
Unterminated regexp literal
  106 |         </button>
  107 |       </form>
> 108 |     </section>
      |      ^^^^^^^^^
  109 |   );
  110 | }
  111 |

Parsing ecmascript source code failed

Import trace:
  Server Component:
    ./app/settings/VenueForm.tsx
    ./app/settings/page.tsx @ http://localhost:3000/_next/static/chunks/node_modules_next_dist_0u_w_5s._.js:1945
[ 1115930ms] [ERROR] ./app/settings/VenueForm.tsx:108:6
Unterminated regexp literal
  106 |         </button>
  107 |       </form>
> 108 |     </section>
      |      ^^^^^^^^^
  109 |   );
  110 | }
  111 |

Parsing ecmascript source code failed

Import trace:
  Server Component:
    ./app/settings/VenueForm.tsx
    ./app/settings/page.tsx @ http://localhost:3000/_next/static/chunks/node_modules_next_dist_0u_w_5s._.js:1945
[ 1115991ms] [ERROR] ./app/settings/VenueForm.tsx:108:6
Unterminated regexp literal
  106 |         </button>
  107 |       </form>
> 108 |     </section>
      |      ^^^^^^^^^
  109 |   );
  110 | }
  111 |

Parsing ecmascript source code failed

Import trace:
  Server Component:
    ./app/settings/VenueForm.tsx
    ./app/settings/page.tsx @ http://localhost:3000/_next/static/chunks/node_modules_next_dist_0u_w_5s._.js:1945
[ 1116053ms] [ERROR] ./app/settings/VenueForm.tsx:108:6
Unterminated regexp literal
  106 |         </button>
  107 |       </form>
> 108 |     </section>
      |      ^^^^^^^^^
  109 |   );
  110 | }
  111 |

Parsing ecmascript source code failed

Import trace:
  Server Component:
    ./app/settings/VenueForm.tsx
    ./app/settings/page.tsx @ http://localhost:3000/_next/static/chunks/node_modules_next_dist_0u_w_5s._.js:1945
[ 1116116ms] [ERROR] ./app/settings/VenueForm.tsx:108:6
Unterminated regexp literal
  106 |         </button>
  107 |       </form>
> 108 |     </section>
      |      ^^^^^^^^^
  109 |   );
  110 | }
  111 |

Parsing ecmascript source code failed

Import trace:
  Server Component:
    ./app/settings/VenueForm.tsx
    ./app/settings/page.tsx @ http://localhost:3000/_next/static/chunks/node_modules_next_dist_0u_w_5s._.js:1945
[ 1116188ms] [ERROR] ./app/settings/VenueForm.tsx:108:6
Unterminated regexp literal
  106 |         </button>
  107 |       </form>
> 108 |     </section>
      |      ^^^^^^^^^
  109 |   );
  110 | }
  111 |

Parsing ecmascript source code failed

Import trace:
  Server Component:
    ./app/settings/VenueForm.tsx
    ./app/settings/page.tsx @ http://localhost:3000/_next/static/chunks/node_modules_next_dist_0u_w_5s._.js:1945
[ 1116265ms] [ERROR] ./app/settings/VenueForm.tsx:108:6
Unterminated regexp literal
  106 |         </button>
  107 |       </form>
> 108 |     </section>
      |      ^^^^^^^^^
  109 |   );
  110 | }
  111 |

Parsing ecmascript source code failed

Import trace:
  Server Component:
    ./app/settings/VenueForm.tsx
    ./app/settings/page.tsx @ http://localhost:3000/_next/static/chunks/node_modules_next_dist_0u_w_5s._.js:1945
[ 1116328ms] [ERROR] ./app/settings/VenueForm.tsx:108:6
Unterminated regexp literal
  106 |         </button>
  107 |       </form>
> 108 |     </section>
      |      ^^^^^^^^^
  109 |   );
  110 | }
  111 |

Parsing ecmascript source code failed

Import trace:
  Server Component:
    ./app/settings/VenueForm.tsx
    ./app/settings/page.tsx @ http://localhost:3000/_next/static/chunks/node_modules_next_dist_0u_w_5s._.js:1945
[ 1116388ms] [ERROR] ./app/settings/VenueForm.tsx:108:6
Unterminated regexp literal
  106 |         </button>
  107 |       </form>
> 108 |     </section>
      |      ^^^^^^^^^
  109 |   );
  110 | }
  111 |

Parsing ecmascript source code failed

Import trace:
  Server Component:
    ./app/settings/VenueForm.tsx
    ./app/settings/page.tsx @ http://localhost:3000/_next/static/chunks/node_modules_next_dist_0u_w_5s._.js:1945
[ 1116449ms] [ERROR] ./app/settings/VenueForm.tsx:108:6
Unterminated regexp literal
  106 |         </button>
  107 |       </form>
> 108 |     </section>
      |      ^^^^^^^^^
  109 |   );
  110 | }
  111 |

Parsing ecmascript source code failed

Import trace:
  Server Component:
    ./app/settings/VenueForm.tsx
    ./app/settings/page.tsx @ http://localhost:3000/_next/static/chunks/node_modules_next_dist_0u_w_5s._.js:1945
[ 1116526ms] [ERROR] ./app/settings/VenueForm.tsx:108:6
Unterminated regexp literal
  106 |         </button>
  107 |       </form>
> 108 |     </section>
      |      ^^^^^^^^^
  109 |   );
  110 | }
  111 |

Parsing ecmascript source code failed

Import trace:
  Server Component:
    ./app/settings/VenueForm.tsx
    ./app/settings/page.tsx @ http://localhost:3000/_next/static/chunks/node_modules_next_dist_0u_w_5s._.js:1945
[ 1116590ms] [ERROR] ./app/settings/VenueForm.tsx:108:6
Unterminated regexp literal
  106 |         </button>
  107 |       </form>
> 108 |     </section>
      |      ^^^^^^^^^
  109 |   );
  110 | }
  111 |

Parsing ecmascript source code failed

Import trace:
  Server Component:
    ./app/settings/VenueForm.tsx
    ./app/settings/page.tsx @ http://localhost:3000/_next/static/chunks/node_modules_next_dist_0u_w_5s._.js:1945
[ 1116652ms] [ERROR] ./app/settings/VenueForm.tsx:108:6
Unterminated regexp literal
  106 |         </button>
  107 |       </form>
> 108 |     </section>
      |      ^^^^^^^^^
  109 |   );
  110 | }
  111 |

Parsing ecmascript source code failed

Import trace:
  Server Component:
    ./app/settings/VenueForm.tsx
    ./app/settings/page.tsx @ http://localhost:3000/_next/static/chunks/node_modules_next_dist_0u_w_5s._.js:1945
[ 1116709ms] [ERROR] ./app/settings/VenueForm.tsx:108:6
Unterminated regexp literal
  106 |         </button>
  107 |       </form>
> 108 |     </section>
      |      ^^^^^^^^^
  109 |   );
  110 | }
  111 |

Parsing ecmascript source code failed

Import trace:
  Server Component:
    ./app/settings/VenueForm.tsx
    ./app/settings/page.tsx @ http://localhost:3000/_next/static/chunks/node_modules_next_dist_0u_w_5s._.js:1945
[ 1116770ms] [ERROR] ./app/settings/VenueForm.tsx:108:6
Unterminated regexp literal
  106 |         </button>
  107 |       </form>
> 108 |     </section>
      |      ^^^^^^^^^
  109 |   );
  110 | }
  111 |

Parsing ecmascript source code failed

Import trace:
  Server Component:
    ./app/settings/VenueForm.tsx
    ./app/settings/page.tsx @ http://localhost:3000/_next/static/chunks/node_modules_next_dist_0u_w_5s._.js:1945
[ 1116832ms] [ERROR] ./app/settings/VenueForm.tsx:108:6
Unterminated regexp literal
  106 |         </button>
  107 |       </form>
> 108 |     </section>
      |      ^^^^^^^^^
  109 |   );
  110 | }
  111 |

Parsing ecmascript source code failed

Import trace:
  Server Component:
    ./app/settings/VenueForm.tsx
    ./app/settings/page.tsx @ http://localhost:3000/_next/static/chunks/node_modules_next_dist_0u_w_5s._.js:1945
[ 1116895ms] [ERROR] ./app/settings/VenueForm.tsx:108:6
Unterminated regexp literal
  106 |         </button>
  107 |       </form>
> 108 |     </section>
      |      ^^^^^^^^^
  109 |   );
  110 | }
  111 |

Parsing ecmascript source code failed

Import trace:
  Server Component:
    ./app/settings/VenueForm.tsx
    ./app/settings/page.tsx @ http://localhost:3000/_next/static/chunks/node_modules_next_dist_0u_w_5s._.js:1945
[ 1116957ms] [ERROR] ./app/settings/VenueForm.tsx:108:6
Unterminated regexp literal
  106 |         </button>
  107 |       </form>
> 108 |     </section>
      |      ^^^^^^^^^
  109 |   );
  110 | }
  111 |

Parsing ecmascript source code failed

Import trace:
  Server Component:
    ./app/settings/VenueForm.tsx
    ./app/settings/page.tsx @ http://localhost:3000/_next/static/chunks/node_modules_next_dist_0u_w_5s._.js:1945
[ 1117018ms] [ERROR] ./app/settings/VenueForm.tsx:108:6
Unterminated regexp literal
  106 |         </button>
  107 |       </form>
> 108 |     </section>
      |      ^^^^^^^^^
  109 |   );
  110 | }
  111 |

Parsing ecmascript source code failed

Import trace:
  Server Component:
    ./app/settings/VenueForm.tsx
    ./app/settings/page.tsx @ http://localhost:3000/_next/static/chunks/node_modules_next_dist_0u_w_5s._.js:1945
[ 1117080ms] [ERROR] ./app/settings/VenueForm.tsx:108:6
Unterminated regexp literal
  106 |         </button>
  107 |       </form>
> 108 |     </section>
      |      ^^^^^^^^^
  109 |   );
  110 | }
  111 |

Parsing ecmascript source code failed

Import trace:
  Server Component:
    ./app/settings/VenueForm.tsx
    ./app/settings/page.tsx @ http://localhost:3000/_next/static/chunks/node_modules_next_dist_0u_w_5s._.js:1945
[ 1117142ms] [ERROR] ./app/settings/VenueForm.tsx:108:6
Unterminated regexp literal
  106 |         </button>
  107 |       </form>
> 108 |     </section>
      |      ^^^^^^^^^
  109 |   );
  110 | }
  111 |

Parsing ecmascript source code failed

Import trace:
  Server Component:
    ./app/settings/VenueForm.tsx
    ./app/settings/page.tsx @ http://localhost:3000/_next/static/chunks/node_modules_next_dist_0u_w_5s._.js:1945
[ 1117203ms] [ERROR] ./app/settings/VenueForm.tsx:108:6
Unterminated regexp literal
  106 |         </button>
  107 |       </form>
> 108 |     </section>
      |      ^^^^^^^^^
  109 |   );
  110 | }
  111 |

Parsing ecmascript source code failed

Import trace:
  Server Component:
    ./app/settings/VenueForm.tsx
    ./app/settings/page.tsx @ http://localhost:3000/_next/static/chunks/node_modules_next_dist_0u_w_5s._.js:1945
[ 1117265ms] [ERROR] ./app/settings/VenueForm.tsx:108:6
Unterminated regexp literal
  106 |         </button>
  107 |       </form>
> 108 |     </section>
      |      ^^^^^^^^^
  109 |   );
  110 | }
  111 |

Parsing ecmascript source code failed

Import trace:
  Server Component:
    ./app/settings/VenueForm.tsx
    ./app/settings/page.tsx @ http://localhost:3000/_next/static/chunks/node_modules_next_dist_0u_w_5s._.js:1945
[ 1117327ms] [ERROR] ./app/settings/VenueForm.tsx:108:6
Unterminated regexp literal
  106 |         </button>
  107 |       </form>
> 108 |     </section>
      |      ^^^^^^^^^
  109 |   );
  110 | }
  111 |

Parsing ecmascript source code failed

Import trace:
  Server Component:
    ./app/settings/VenueForm.tsx
    ./app/settings/page.tsx @ http://localhost:3000/_next/static/chunks/node_modules_next_dist_0u_w_5s._.js:1945
[ 1117390ms] [ERROR] ./app/settings/VenueForm.tsx:108:6
Unterminated regexp literal
  106 |         </button>
  107 |       </form>
> 108 |     </section>
      |      ^^^^^^^^^
  109 |   );
  110 | }
  111 |

Parsing ecmascript source code failed

Import trace:
  Server Component:
    ./app/settings/VenueForm.tsx
    ./app/settings/page.tsx @ http://localhost:3000/_next/static/chunks/node_modules_next_dist_0u_w_5s._.js:1945
[ 1117457ms] [ERROR] ./app/settings/VenueForm.tsx:108:6
Unterminated regexp literal
  106 |         </button>
  107 |       </form>
> 108 |     </section>
      |      ^^^^^^^^^
  109 |   );
  110 | }
  111 |

Parsing ecmascript source code failed

Import trace:
  Server Component:
    ./app/settings/VenueForm.tsx
    ./app/settings/page.tsx @ http://localhost:3000/_next/static/chunks/node_modules_next_dist_0u_w_5s._.js:1945
[ 1117524ms] [ERROR] ./app/settings/VenueForm.tsx:108:6
Unterminated regexp literal
  106 |         </button>
  107 |       </form>
> 108 |     </section>
      |      ^^^^^^^^^
  109 |   );
  110 | }
  111 |

Parsing ecmascript source code failed

Import trace:
  Server Component:
    ./app/settings/VenueForm.tsx
    ./app/settings/page.tsx @ http://localhost:3000/_next/static/chunks/node_modules_next_dist_0u_w_5s._.js:1945
[ 1117586ms] [ERROR] ./app/settings/VenueForm.tsx:108:6
Unterminated regexp literal
  106 |         </button>
  107 |       </form>
> 108 |     </section>
      |      ^^^^^^^^^
  109 |   );
  110 | }
  111 |

Parsing ecmascript source code failed

Import trace:
  Server Component:
    ./app/settings/VenueForm.tsx
    ./app/settings/page.tsx @ http://localhost:3000/_next/static/chunks/node_modules_next_dist_0u_w_5s._.js:1945
[ 1117663ms] [ERROR] ./app/settings/VenueForm.tsx:108:6
Unterminated regexp literal
  106 |         </button>
  107 |       </form>
> 108 |     </section>
      |      ^^^^^^^^^
  109 |   );
  110 | }
  111 |

Parsing ecmascript source code failed

Import trace:
  Server Component:
    ./app/settings/VenueForm.tsx
    ./app/settings/page.tsx @ http://localhost:3000/_next/static/chunks/node_modules_next_dist_0u_w_5s._.js:1945
[ 1117726ms] [ERROR] ./app/settings/VenueForm.tsx:108:6
Unterminated regexp literal
  106 |         </button>
  107 |       </form>
> 108 |     </section>
      |      ^^^^^^^^^
  109 |   );
  110 | }
  111 |

Parsing ecmascript source code failed

Import trace:
  Server Component:
    ./app/settings/VenueForm.tsx
    ./app/settings/page.tsx @ http://localhost:3000/_next/static/chunks/node_modules_next_dist_0u_w_5s._.js:1945
[ 1117815ms] [ERROR] ./app/settings/VenueForm.tsx:108:6
Unterminated regexp literal
  106 |         </button>
  107 |       </form>
> 108 |     </section>
      |      ^^^^^^^^^
  109 |   );
  110 | }
  111 |

Parsing ecmascript source code failed

Import trace:
  Server Component:
    ./app/settings/VenueForm.tsx
    ./app/settings/page.tsx @ http://localhost:3000/_next/static/chunks/node_modules_next_dist_0u_w_5s._.js:1945
[ 1117867ms] [ERROR] ./app/settings/VenueForm.tsx:108:6
Unterminated regexp literal
  106 |         </button>
  107 |       </form>
> 108 |     </section>
      |      ^^^^^^^^^
  109 |   );
  110 | }
  111 |

Parsing ecmascript source code failed

Import trace:
  Server Component:
    ./app/settings/VenueForm.tsx
    ./app/settings/page.tsx @ http://localhost:3000/_next/static/chunks/node_modules_next_dist_0u_w_5s._.js:1945
[ 1117929ms] [ERROR] ./app/settings/VenueForm.tsx:108:6
Unterminated regexp literal
  106 |         </button>
  107 |       </form>
> 108 |     </section>
      |      ^^^^^^^^^
  109 |   );
  110 | }
  111 |

Parsing ecmascript source code failed

Import trace:
  Server Component:
    ./app/settings/VenueForm.tsx
    ./app/settings/page.tsx @ http://localhost:3000/_next/static/chunks/node_modules_next_dist_0u_w_5s._.js:1945
[ 1117991ms] [ERROR] ./app/settings/VenueForm.tsx:108:6
Unterminated regexp literal
  106 |         </button>
  107 |       </form>
> 108 |     </section>
      |      ^^^^^^^^^
  109 |   );
  110 | }
  111 |

Parsing ecmascript source code failed

Import trace:
  Server Component:
    ./app/settings/VenueForm.tsx
    ./app/settings/page.tsx @ http://localhost:3000/_next/static/chunks/node_modules_next_dist_0u_w_5s._.js:1945
[ 1118053ms] [ERROR] ./app/settings/VenueForm.tsx:108:6
Unterminated regexp literal
  106 |         </button>
  107 |       </form>
> 108 |     </section>
      |      ^^^^^^^^^
  109 |   );
  110 | }
  111 |

Parsing ecmascript source code failed

Import trace:
  Server Component:
    ./app/settings/VenueForm.tsx
    ./app/settings/page.tsx @ http://localhost:3000/_next/static/chunks/node_modules_next_dist_0u_w_5s._.js:1945
[ 1118116ms] [ERROR] ./app/settings/VenueForm.tsx:108:6
Unterminated regexp literal
  106 |         </button>
  107 |       </form>
> 108 |     </section>
      |      ^^^^^^^^^
  109 |   );
  110 | }
  111 |

Parsing ecmascript source code failed

Import trace:
  Server Component:
    ./app/settings/VenueForm.tsx
    ./app/settings/page.tsx @ http://localhost:3000/_next/static/chunks/node_modules_next_dist_0u_w_5s._.js:1945
[ 1118178ms] [ERROR] ./app/settings/VenueForm.tsx:108:6
Unterminated regexp literal
  106 |         </button>
  107 |       </form>
> 108 |     </section>
      |      ^^^^^^^^^
  109 |   );
  110 | }
  111 |

Parsing ecmascript source code failed

Import trace:
  Server Component:
    ./app/settings/VenueForm.tsx
    ./app/settings/page.tsx @ http://localhost:3000/_next/static/chunks/node_modules_next_dist_0u_w_5s._.js:1945
[ 1118244ms] [ERROR] ./app/settings/VenueForm.tsx:108:6
Unterminated regexp literal
  106 |         </button>
  107 |       </form>
> 108 |     </section>
      |      ^^^^^^^^^
  109 |   );
  110 | }
  111 |

Parsing ecmascript source code failed

Import trace:
  Server Component:
    ./app/settings/VenueForm.tsx
    ./app/settings/page.tsx @ http://localhost:3000/_next/static/chunks/node_modules_next_dist_0u_w_5s._.js:1945
[ 1118320ms] [ERROR] ./app/settings/VenueForm.tsx:108:6
Unterminated regexp literal
  106 |         </button>
  107 |       </form>
> 108 |     </section>
      |      ^^^^^^^^^
  109 |   );
  110 | }
  111 |

Parsing ecmascript source code failed

Import trace:
  Server Component:
    ./app/settings/VenueForm.tsx
    ./app/settings/page.tsx @ http://localhost:3000/_next/static/chunks/node_modules_next_dist_0u_w_5s._.js:1945
[ 1118389ms] [ERROR] ./app/settings/VenueForm.tsx:108:6
Unterminated regexp literal
  106 |         </button>
  107 |       </form>
> 108 |     </section>
      |      ^^^^^^^^^
  109 |   );
  110 | }
  111 |

Parsing ecmascript source code failed

Import trace:
  Server Component:
    ./app/settings/VenueForm.tsx
    ./app/settings/page.tsx @ http://localhost:3000/_next/static/chunks/node_modules_next_dist_0u_w_5s._.js:1945
[ 1118452ms] [ERROR] ./app/settings/VenueForm.tsx:108:6
Unterminated regexp literal
  106 |         </button>
  107 |       </form>
> 108 |     </section>
      |      ^^^^^^^^^
  109 |   );
  110 | }
  111 |

Parsing ecmascript source code failed

Import trace:
  Server Component:
    ./app/settings/VenueForm.tsx
    ./app/settings/page.tsx @ http://localhost:3000/_next/static/chunks/node_modules_next_dist_0u_w_5s._.js:1945
[ 1118514ms] [ERROR] ./app/settings/VenueForm.tsx:108:6
Unterminated regexp literal
  106 |         </button>
  107 |       </form>
> 108 |     </section>
      |      ^^^^^^^^^
  109 |   );
  110 | }
  111 |

Parsing ecmascript source code failed

Import trace:
  Server Component:
    ./app/settings/VenueForm.tsx
    ./app/settings/page.tsx @ http://localhost:3000/_next/static/chunks/node_modules_next_dist_0u_w_5s._.js:1945
[ 1118574ms] [ERROR] ./app/settings/VenueForm.tsx:108:6
Unterminated regexp literal
  106 |         </button>
  107 |       </form>
> 108 |     </section>
      |      ^^^^^^^^^
  109 |   );
  110 | }
  111 |

Parsing ecmascript source code failed

Import trace:
  Server Component:
    ./app/settings/VenueForm.tsx
    ./app/settings/page.tsx @ http://localhost:3000/_next/static/chunks/node_modules_next_dist_0u_w_5s._.js:1945
[ 1118635ms] [ERROR] ./app/settings/VenueForm.tsx:108:6
Unterminated regexp literal
  106 |         </button>
  107 |       </form>
> 108 |     </section>
      |      ^^^^^^^^^
  109 |   );
  110 | }
  111 |

Parsing ecmascript source code failed

Import trace:
  Server Component:
    ./app/settings/VenueForm.tsx
    ./app/settings/page.tsx @ http://localhost:3000/_next/static/chunks/node_modules_next_dist_0u_w_5s._.js:1945
[ 1118707ms] [ERROR] ./app/settings/VenueForm.tsx:108:6
Unterminated regexp literal
  106 |         </button>
  107 |       </form>
> 108 |     </section>
      |      ^^^^^^^^^
  109 |   );
  110 | }
  111 |

Parsing ecmascript source code failed

Import trace:
  Server Component:
    ./app/settings/VenueForm.tsx
    ./app/settings/page.tsx @ http://localhost:3000/_next/static/chunks/node_modules_next_dist_0u_w_5s._.js:1945
[ 1118774ms] [ERROR] ./app/settings/VenueForm.tsx:108:6
Unterminated regexp literal
  106 |         </button>
  107 |       </form>
> 108 |     </section>
      |      ^^^^^^^^^
  109 |   );
  110 | }
  111 |

Parsing ecmascript source code failed

Import trace:
  Server Component:
    ./app/settings/VenueForm.tsx
    ./app/settings/page.tsx @ http://localhost:3000/_next/static/chunks/node_modules_next_dist_0u_w_5s._.js:1945
[ 1118835ms] [ERROR] ./app/settings/VenueForm.tsx:108:6
Unterminated regexp literal
  106 |         </button>
  107 |       </form>
> 108 |     </section>
      |      ^^^^^^^^^
  109 |   );
  110 | }
  111 |

Parsing ecmascript source code failed

Import trace:
  Server Component:
    ./app/settings/VenueForm.tsx
    ./app/settings/page.tsx @ http://localhost:3000/_next/static/chunks/node_modules_next_dist_0u_w_5s._.js:1945
[ 1118905ms] [ERROR] ./app/settings/VenueForm.tsx:108:6
Unterminated regexp literal
  106 |         </button>
  107 |       </form>
> 108 |     </section>
      |      ^^^^^^^^^
  109 |   );
  110 | }
  111 |

Parsing ecmascript source code failed

Import trace:
  Server Component:
    ./app/settings/VenueForm.tsx
    ./app/settings/page.tsx @ http://localhost:3000/_next/static/chunks/node_modules_next_dist_0u_w_5s._.js:1945
[ 1118969ms] [ERROR] ./app/settings/VenueForm.tsx:108:6
Unterminated regexp literal
  106 |         </button>
  107 |       </form>
> 108 |     </section>
      |      ^^^^^^^^^
  109 |   );
  110 | }
  111 |

Parsing ecmascript source code failed

Import trace:
  Server Component:
    ./app/settings/VenueForm.tsx
    ./app/settings/page.tsx @ http://localhost:3000/_next/static/chunks/node_modules_next_dist_0u_w_5s._.js:1945
[ 1119039ms] [ERROR] ./app/settings/VenueForm.tsx:108:6
Unterminated regexp literal
  106 |         </button>
  107 |       </form>
> 108 |     </section>
      |      ^^^^^^^^^
  109 |   );
  110 | }
  111 |

Parsing ecmascript source code failed

Import trace:
  Server Component:
    ./app/settings/VenueForm.tsx
    ./app/settings/page.tsx @ http://localhost:3000/_next/static/chunks/node_modules_next_dist_0u_w_5s._.js:1945
[ 1119102ms] [ERROR] ./app/settings/VenueForm.tsx:108:6
Unterminated regexp literal
  106 |         </button>
  107 |       </form>
> 108 |     </section>
      |      ^^^^^^^^^
  109 |   );
  110 | }
  111 |

Parsing ecmascript source code failed

Import trace:
  Server Component:
    ./app/settings/VenueForm.tsx
    ./app/settings/page.tsx @ http://localhost:3000/_next/static/chunks/node_modules_next_dist_0u_w_5s._.js:1945
[ 1119166ms] [ERROR] ./app/settings/VenueForm.tsx:108:6
Unterminated regexp literal
  106 |         </button>
  107 |       </form>
> 108 |     </section>
      |      ^^^^^^^^^
  109 |   );
  110 | }
  111 |

Parsing ecmascript source code failed

Import trace:
  Server Component:
    ./app/settings/VenueForm.tsx
    ./app/settings/page.tsx @ http://localhost:3000/_next/static/chunks/node_modules_next_dist_0u_w_5s._.js:1945
[ 1119242ms] [ERROR] ./app/settings/VenueForm.tsx:108:6
Unterminated regexp literal
  106 |         </button>
  107 |       </form>
> 108 |     </section>
      |      ^^^^^^^^^
  109 |   );
  110 | }
  111 |

Parsing ecmascript source code failed

Import trace:
  Server Component:
    ./app/settings/VenueForm.tsx
    ./app/settings/page.tsx @ http://localhost:3000/_next/static/chunks/node_modules_next_dist_0u_w_5s._.js:1945
[ 1119305ms] [ERROR] ./app/settings/VenueForm.tsx:108:6
Unterminated regexp literal
  106 |         </button>
  107 |       </form>
> 108 |     </section>
      |      ^^^^^^^^^
  109 |   );
  110 | }
  111 |

Parsing ecmascript source code failed

Import trace:
  Server Component:
    ./app/settings/VenueForm.tsx
    ./app/settings/page.tsx @ http://localhost:3000/_next/static/chunks/node_modules_next_dist_0u_w_5s._.js:1945
[ 1119374ms] [ERROR] ./app/settings/VenueForm.tsx:108:6
Unterminated regexp literal
  106 |         </button>
  107 |       </form>
> 108 |     </section>
      |      ^^^^^^^^^
  109 |   );
  110 | }
  111 |

Parsing ecmascript source code failed

Import trace:
  Server Component:
    ./app/settings/VenueForm.tsx
    ./app/settings/page.tsx @ http://localhost:3000/_next/static/chunks/node_modules_next_dist_0u_w_5s._.js:1945
[ 1119439ms] [ERROR] ./app/settings/VenueForm.tsx:108:6
Unterminated regexp literal
  106 |         </button>
  107 |       </form>
> 108 |     </section>
      |      ^^^^^^^^^
  109 |   );
  110 | }
  111 |

Parsing ecmascript source code failed

Import trace:
  Server Component:
    ./app/settings/VenueForm.tsx
    ./app/settings/page.tsx @ http://localhost:3000/_next/static/chunks/node_modules_next_dist_0u_w_5s._.js:1945
[ 1119508ms] [ERROR] ./app/settings/VenueForm.tsx:108:6
Unterminated regexp literal
  106 |         </button>
  107 |       </form>
> 108 |     </section>
      |      ^^^^^^^^^
  109 |   );
  110 | }
  111 |

Parsing ecmascript source code failed

Import trace:
  Server Component:
    ./app/settings/VenueForm.tsx
    ./app/settings/page.tsx @ http://localhost:3000/_next/static/chunks/node_modules_next_dist_0u_w_5s._.js:1945
[ 1119568ms] [ERROR] ./app/settings/VenueForm.tsx:108:6
Unterminated regexp literal
  106 |         </button>
  107 |       </form>
> 108 |     </section>
      |      ^^^^^^^^^
  109 |   );
  110 | }
  111 |

Parsing ecmascript source code failed

Import trace:
  Server Component:
    ./app/settings/VenueForm.tsx
    ./app/settings/page.tsx @ http://localhost:3000/_next/static/chunks/node_modules_next_dist_0u_w_5s._.js:1945
[ 1119630ms] [ERROR] ./app/settings/VenueForm.tsx:108:6
Unterminated regexp literal
  106 |         </button>
  107 |       </form>
> 108 |     </section>
      |      ^^^^^^^^^
  109 |   );
  110 | }
  111 |

Parsing ecmascript source code failed

Import trace:
  Server Component:
    ./app/settings/VenueForm.tsx
    ./app/settings/page.tsx @ http://localhost:3000/_next/static/chunks/node_modules_next_dist_0u_w_5s._.js:1945
[ 1119692ms] [ERROR] ./app/settings/VenueForm.tsx:108:6
Unterminated regexp literal
  106 |         </button>
  107 |       </form>
> 108 |     </section>
      |      ^^^^^^^^^
  109 |   );
  110 | }
  111 |

Parsing ecmascript source code failed

Import trace:
  Server Component:
    ./app/settings/VenueForm.tsx
    ./app/settings/page.tsx @ http://localhost:3000/_next/static/chunks/node_modules_next_dist_0u_w_5s._.js:1945
[ 1119756ms] [ERROR] ./app/settings/VenueForm.tsx:108:6
Unterminated regexp literal
  106 |         </button>
  107 |       </form>
> 108 |     </section>
      |      ^^^^^^^^^
  109 |   );
  110 | }
  111 |

Parsing ecmascript source code failed

Import trace:
  Server Component:
    ./app/settings/VenueForm.tsx
    ./app/settings/page.tsx @ http://localhost:3000/_next/static/chunks/node_modules_next_dist_0u_w_5s._.js:1945
[ 1119819ms] [ERROR] ./app/settings/VenueForm.tsx:108:6
Unterminated regexp literal
  106 |         </button>
  107 |       </form>
> 108 |     </section>
      |      ^^^^^^^^^
  109 |   );
  110 | }
  111 |

Parsing ecmascript source code failed

Import trace:
  Server Component:
    ./app/settings/VenueForm.tsx
    ./app/settings/page.tsx @ http://localhost:3000/_next/static/chunks/node_modules_next_dist_0u_w_5s._.js:1945
[ 1119890ms] [ERROR] ./app/settings/VenueForm.tsx:108:6
Unterminated regexp literal
  106 |         </button>
  107 |       </form>
> 108 |     </section>
      |      ^^^^^^^^^
  109 |   );
  110 | }
  111 |

Parsing ecmascript source code failed

Import trace:
  Server Component:
    ./app/settings/VenueForm.tsx
    ./app/settings/page.tsx @ http://localhost:3000/_next/static/chunks/node_modules_next_dist_0u_w_5s._.js:1945
[ 1119958ms] [ERROR] ./app/settings/VenueForm.tsx:108:6
Unterminated regexp literal
  106 |         </button>
  107 |       </form>
> 108 |     </section>
      |      ^^^^^^^^^
  109 |   );
  110 | }
  111 |

Parsing ecmascript source code failed

Import trace:
  Server Component:
    ./app/settings/VenueForm.tsx
    ./app/settings/page.tsx @ http://localhost:3000/_next/static/chunks/node_modules_next_dist_0u_w_5s._.js:1945
[ 1120021ms] [ERROR] ./app/settings/VenueForm.tsx:108:6
Unterminated regexp literal
  106 |         </button>
  107 |       </form>
> 108 |     </section>
      |      ^^^^^^^^^
  109 |   );
  110 | }
  111 |

Parsing ecmascript source code failed

Import trace:
  Server Component:
    ./app/settings/VenueForm.tsx
    ./app/settings/page.tsx @ http://localhost:3000/_next/static/chunks/node_modules_next_dist_0u_w_5s._.js:1945
[ 1120083ms] [ERROR] ./app/settings/VenueForm.tsx:108:6
Unterminated regexp literal
  106 |         </button>
  107 |       </form>
> 108 |     </section>
      |      ^^^^^^^^^
  109 |   );
  110 | }
  111 |

Parsing ecmascript source code failed

Import trace:
  Server Component:
    ./app/settings/VenueForm.tsx
    ./app/settings/page.tsx @ http://localhost:3000/_next/static/chunks/node_modules_next_dist_0u_w_5s._.js:1945
[ 1120145ms] [ERROR] ./app/settings/VenueForm.tsx:108:6
Unterminated regexp literal
  106 |         </button>
  107 |       </form>
> 108 |     </section>
      |      ^^^^^^^^^
  109 |   );
  110 | }
  111 |

Parsing ecmascript source code failed

Import trace:
  Server Component:
    ./app/settings/VenueForm.tsx
    ./app/settings/page.tsx @ http://localhost:3000/_next/static/chunks/node_modules_next_dist_0u_w_5s._.js:1945
[ 1120208ms] [ERROR] ./app/settings/VenueForm.tsx:108:6
Unterminated regexp literal
  106 |         </button>
  107 |       </form>
> 108 |     </section>
      |      ^^^^^^^^^
  109 |   );
  110 | }
  111 |

Parsing ecmascript source code failed

Import trace:
  Server Component:
    ./app/settings/VenueForm.tsx
    ./app/settings/page.tsx @ http://localhost:3000/_next/static/chunks/node_modules_next_dist_0u_w_5s._.js:1945
[ 1120270ms] [ERROR] ./app/settings/VenueForm.tsx:108:6
Unterminated regexp literal
  106 |         </button>
  107 |       </form>
> 108 |     </section>
      |      ^^^^^^^^^
  109 |   );
  110 | }
  111 |

Parsing ecmascript source code failed

Import trace:
  Server Component:
    ./app/settings/VenueForm.tsx
    ./app/settings/page.tsx @ http://localhost:3000/_next/static/chunks/node_modules_next_dist_0u_w_5s._.js:1945
[ 1120339ms] [ERROR] ./app/settings/VenueForm.tsx:108:6
Unterminated regexp literal
  106 |         </button>
  107 |       </form>
> 108 |     </section>
      |      ^^^^^^^^^
  109 |   );
  110 | }
  111 |

Parsing ecmascript source code failed

Import trace:
  Server Component:
    ./app/settings/VenueForm.tsx
    ./app/settings/page.tsx @ http://localhost:3000/_next/static/chunks/node_modules_next_dist_0u_w_5s._.js:1945
[ 1120401ms] [ERROR] ./app/settings/VenueForm.tsx:108:6
Unterminated regexp literal
  106 |         </button>
  107 |       </form>
> 108 |     </section>
      |      ^^^^^^^^^
  109 |   );
  110 | }
  111 |

Parsing ecmascript source code failed

Import trace:
  Server Component:
    ./app/settings/VenueForm.tsx
    ./app/settings/page.tsx @ http://localhost:3000/_next/static/chunks/node_modules_next_dist_0u_w_5s._.js:1945
[ 1120458ms] [ERROR] ./app/settings/VenueForm.tsx:108:6
Unterminated regexp literal
  106 |         </button>
  107 |       </form>
> 108 |     </section>
      |      ^^^^^^^^^
  109 |   );
  110 | }
  111 |

Parsing ecmascript source code failed

Import trace:
  Server Component:
    ./app/settings/VenueForm.tsx
    ./app/settings/page.tsx @ http://localhost:3000/_next/static/chunks/node_modules_next_dist_0u_w_5s._.js:1945
[ 1120536ms] [ERROR] ./app/settings/VenueForm.tsx:108:6
Unterminated regexp literal
  106 |         </button>
  107 |       </form>
> 108 |     </section>
      |      ^^^^^^^^^
  109 |   );
  110 | }
  111 |

Parsing ecmascript source code failed

Import trace:
  Server Component:
    ./app/settings/VenueForm.tsx
    ./app/settings/page.tsx @ http://localhost:3000/_next/static/chunks/node_modules_next_dist_0u_w_5s._.js:1945
[ 1120597ms] [ERROR] ./app/settings/VenueForm.tsx:108:6
Unterminated regexp literal
  106 |         </button>
  107 |       </form>
> 108 |     </section>
      |      ^^^^^^^^^
  109 |   );
  110 | }
  111 |

Parsing ecmascript source code failed

Import trace:
  Server Component:
    ./app/settings/VenueForm.tsx
    ./app/settings/page.tsx @ http://localhost:3000/_next/static/chunks/node_modules_next_dist_0u_w_5s._.js:1945
[ 1120657ms] [ERROR] ./app/settings/VenueForm.tsx:108:6
Unterminated regexp literal
  106 |         </button>
  107 |       </form>
> 108 |     </section>
      |      ^^^^^^^^^
  109 |   );
  110 | }
  111 |

Parsing ecmascript source code failed

Import trace:
  Server Component:
    ./app/settings/VenueForm.tsx
    ./app/settings/page.tsx @ http://localhost:3000/_next/static/chunks/node_modules_next_dist_0u_w_5s._.js:1945
[ 1120724ms] [ERROR] ./app/settings/VenueForm.tsx:108:6
Unterminated regexp literal
  106 |         </button>
  107 |       </form>
> 108 |     </section>
      |      ^^^^^^^^^
  109 |   );
  110 | }
  111 |

Parsing ecmascript source code failed

Import trace:
  Server Component:
    ./app/settings/VenueForm.tsx
    ./app/settings/page.tsx @ http://localhost:3000/_next/static/chunks/node_modules_next_dist_0u_w_5s._.js:1945
[ 1120787ms] [ERROR] ./app/settings/VenueForm.tsx:108:6
Unterminated regexp literal
  106 |         </button>
  107 |       </form>
> 108 |     </section>
      |      ^^^^^^^^^
  109 |   );
  110 | }
  111 |

Parsing ecmascript source code failed

Import trace:
  Server Component:
    ./app/settings/VenueForm.tsx
    ./app/settings/page.tsx @ http://localhost:3000/_next/static/chunks/node_modules_next_dist_0u_w_5s._.js:1945
[ 1120849ms] [ERROR] ./app/settings/VenueForm.tsx:108:6
Unterminated regexp literal
  106 |         </button>
  107 |       </form>
> 108 |     </section>
      |      ^^^^^^^^^
  109 |   );
  110 | }
  111 |

Parsing ecmascript source code failed

Import trace:
  Server Component:
    ./app/settings/VenueForm.tsx
    ./app/settings/page.tsx @ http://localhost:3000/_next/static/chunks/node_modules_next_dist_0u_w_5s._.js:1945
[ 1120911ms] [ERROR] ./app/settings/VenueForm.tsx:108:6
Unterminated regexp literal
  106 |         </button>
  107 |       </form>
> 108 |     </section>
      |      ^^^^^^^^^
  109 |   );
  110 | }
  111 |

Parsing ecmascript source code failed

Import trace:
  Server Component:
    ./app/settings/VenueForm.tsx
    ./app/settings/page.tsx @ http://localhost:3000/_next/static/chunks/node_modules_next_dist_0u_w_5s._.js:1945
[ 1120972ms] [ERROR] ./app/settings/VenueForm.tsx:108:6
Unterminated regexp literal
  106 |         </button>
  107 |       </form>
> 108 |     </section>
      |      ^^^^^^^^^
  109 |   );
  110 | }
  111 |

Parsing ecmascript source code failed

Import trace:
  Server Component:
    ./app/settings/VenueForm.tsx
    ./app/settings/page.tsx @ http://localhost:3000/_next/static/chunks/node_modules_next_dist_0u_w_5s._.js:1945
[ 1121036ms] [ERROR] ./app/settings/VenueForm.tsx:108:6
Unterminated regexp literal
  106 |         </button>
  107 |       </form>
> 108 |     </section>
      |      ^^^^^^^^^
  109 |   );
  110 | }
  111 |

Parsing ecmascript source code failed

Import trace:
  Server Component:
    ./app/settings/VenueForm.tsx
    ./app/settings/page.tsx @ http://localhost:3000/_next/static/chunks/node_modules_next_dist_0u_w_5s._.js:1945
[ 1121092ms] [ERROR] ./app/settings/VenueForm.tsx:108:6
Unterminated regexp literal
  106 |         </button>
  107 |       </form>
> 108 |     </section>
      |      ^^^^^^^^^
  109 |   );
  110 | }
  111 |

Parsing ecmascript source code failed

Import trace:
  Server Component:
    ./app/settings/VenueForm.tsx
    ./app/settings/page.tsx @ http://localhost:3000/_next/static/chunks/node_modules_next_dist_0u_w_5s._.js:1945
[ 1121154ms] [ERROR] ./app/settings/VenueForm.tsx:108:6
Unterminated regexp literal
  106 |         </button>
  107 |       </form>
> 108 |     </section>
      |      ^^^^^^^^^
  109 |   );
  110 | }
  111 |

Parsing ecmascript source code failed

Import trace:
  Server Component:
    ./app/settings/VenueForm.tsx
    ./app/settings/page.tsx @ http://localhost:3000/_next/static/chunks/node_modules_next_dist_0u_w_5s._.js:1945
[ 1121217ms] [ERROR] ./app/settings/VenueForm.tsx:108:6
Unterminated regexp literal
  106 |         </button>
  107 |       </form>
> 108 |     </section>
      |      ^^^^^^^^^
  109 |   );
  110 | }
  111 |

Parsing ecmascript source code failed

Import trace:
  Server Component:
    ./app/settings/VenueForm.tsx
    ./app/settings/page.tsx @ http://localhost:3000/_next/static/chunks/node_modules_next_dist_0u_w_5s._.js:1945
[ 1121280ms] [ERROR] ./app/settings/VenueForm.tsx:108:6
Unterminated regexp literal
  106 |         </button>
  107 |       </form>
> 108 |     </section>
      |      ^^^^^^^^^
  109 |   );
  110 | }
  111 |

Parsing ecmascript source code failed

Import trace:
  Server Component:
    ./app/settings/VenueForm.tsx
    ./app/settings/page.tsx @ http://localhost:3000/_next/static/chunks/node_modules_next_dist_0u_w_5s._.js:1945
[ 1121344ms] [ERROR] ./app/settings/VenueForm.tsx:108:6
Unterminated regexp literal
  106 |         </button>
  107 |       </form>
> 108 |     </section>
      |      ^^^^^^^^^
  109 |   );
  110 | }
  111 |

Parsing ecmascript source code failed

Import trace:
  Server Component:
    ./app/settings/VenueForm.tsx
    ./app/settings/page.tsx @ http://localhost:3000/_next/static/chunks/node_modules_next_dist_0u_w_5s._.js:1945
[ 1121405ms] [ERROR] ./app/settings/VenueForm.tsx:108:6
Unterminated regexp literal
  106 |         </button>
  107 |       </form>
> 108 |     </section>
      |      ^^^^^^^^^
  109 |   );
  110 | }
  111 |

Parsing ecmascript source code failed

Import trace:
  Server Component:
    ./app/settings/VenueForm.tsx
    ./app/settings/page.tsx @ http://localhost:3000/_next/static/chunks/node_modules_next_dist_0u_w_5s._.js:1945
[ 1121474ms] [ERROR] ./app/settings/VenueForm.tsx:108:6
Unterminated regexp literal
  106 |         </button>
  107 |       </form>
> 108 |     </section>
      |      ^^^^^^^^^
  109 |   );
  110 | }
  111 |

Parsing ecmascript source code failed

Import trace:
  Server Component:
    ./app/settings/VenueForm.tsx
    ./app/settings/page.tsx @ http://localhost:3000/_next/static/chunks/node_modules_next_dist_0u_w_5s._.js:1945
[ 1121541ms] [ERROR] ./app/settings/VenueForm.tsx:108:6
Unterminated regexp literal
  106 |         </button>
  107 |       </form>
> 108 |     </section>
      |      ^^^^^^^^^
  109 |   );
  110 | }
  111 |

Parsing ecmascript source code failed

Import trace:
  Server Component:
    ./app/settings/VenueForm.tsx
    ./app/settings/page.tsx @ http://localhost:3000/_next/static/chunks/node_modules_next_dist_0u_w_5s._.js:1945
[ 1121603ms] [ERROR] ./app/settings/VenueForm.tsx:108:6
Unterminated regexp literal
  106 |         </button>
  107 |       </form>
> 108 |     </section>
      |      ^^^^^^^^^
  109 |   );
  110 | }
  111 |

Parsing ecmascript source code failed

Import trace:
  Server Component:
    ./app/settings/VenueForm.tsx
    ./app/settings/page.tsx @ http://localhost:3000/_next/static/chunks/node_modules_next_dist_0u_w_5s._.js:1945
[ 1121672ms] [ERROR] ./app/settings/VenueForm.tsx:108:6
Unterminated regexp literal
  106 |         </button>
  107 |       </form>
> 108 |     </section>
      |      ^^^^^^^^^
  109 |   );
  110 | }
  111 |

Parsing ecmascript source code failed

Import trace:
  Server Component:
    ./app/settings/VenueForm.tsx
    ./app/settings/page.tsx @ http://localhost:3000/_next/static/chunks/node_modules_next_dist_0u_w_5s._.js:1945
[ 1121734ms] [ERROR] ./app/settings/VenueForm.tsx:108:6
Unterminated regexp literal
  106 |         </button>
  107 |       </form>
> 108 |     </section>
      |      ^^^^^^^^^
  109 |   );
  110 | }
  111 |

Parsing ecmascript source code failed

Import trace:
  Server Component:
    ./app/settings/VenueForm.tsx
    ./app/settings/page.tsx @ http://localhost:3000/_next/static/chunks/node_modules_next_dist_0u_w_5s._.js:1945
[ 1121797ms] [ERROR] ./app/settings/VenueForm.tsx:108:6
Unterminated regexp literal
  106 |         </button>
  107 |       </form>
> 108 |     </section>
      |      ^^^^^^^^^
  109 |   );
  110 | }
  111 |

Parsing ecmascript source code failed

Import trace:
  Server Component:
    ./app/settings/VenueForm.tsx
    ./app/settings/page.tsx @ http://localhost:3000/_next/static/chunks/node_modules_next_dist_0u_w_5s._.js:1945
[ 1121859ms] [ERROR] ./app/settings/VenueForm.tsx:108:6
Unterminated regexp literal
  106 |         </button>
  107 |       </form>
> 108 |     </section>
      |      ^^^^^^^^^
  109 |   );
  110 | }
  111 |

Parsing ecmascript source code failed

Import trace:
  Server Component:
    ./app/settings/VenueForm.tsx
    ./app/settings/page.tsx @ http://localhost:3000/_next/static/chunks/node_modules_next_dist_0u_w_5s._.js:1945
[ 1121924ms] [ERROR] ./app/settings/VenueForm.tsx:108:6
Unterminated regexp literal
  106 |         </button>
  107 |       </form>
> 108 |     </section>
      |      ^^^^^^^^^
  109 |   );
  110 | }
  111 |

Parsing ecmascript source code failed

Import trace:
  Server Component:
    ./app/settings/VenueForm.tsx
    ./app/settings/page.tsx @ http://localhost:3000/_next/static/chunks/node_modules_next_dist_0u_w_5s._.js:1945
[ 1121986ms] [ERROR] ./app/settings/VenueForm.tsx:108:6
Unterminated regexp literal
  106 |         </button>
  107 |       </form>
> 108 |     </section>
      |      ^^^^^^^^^
  109 |   );
  110 | }
  111 |

Parsing ecmascript source code failed

Import trace:
  Server Component:
    ./app/settings/VenueForm.tsx
    ./app/settings/page.tsx @ http://localhost:3000/_next/static/chunks/node_modules_next_dist_0u_w_5s._.js:1945
[ 1122065ms] [ERROR] ./app/settings/VenueForm.tsx:108:6
Unterminated regexp literal
  106 |         </button>
  107 |       </form>
> 108 |     </section>
      |      ^^^^^^^^^
  109 |   );
  110 | }
  111 |

Parsing ecmascript source code failed

Import trace:
  Server Component:
    ./app/settings/VenueForm.tsx
    ./app/settings/page.tsx @ http://localhost:3000/_next/static/chunks/node_modules_next_dist_0u_w_5s._.js:1945
[ 1122123ms] [ERROR] ./app/settings/VenueForm.tsx:108:6
Unterminated regexp literal
  106 |         </button>
  107 |       </form>
> 108 |     </section>
      |      ^^^^^^^^^
  109 |   );
  110 | }
  111 |

Parsing ecmascript source code failed

Import trace:
  Server Component:
    ./app/settings/VenueForm.tsx
    ./app/settings/page.tsx @ http://localhost:3000/_next/static/chunks/node_modules_next_dist_0u_w_5s._.js:1945
[ 1122185ms] [ERROR] ./app/settings/VenueForm.tsx:108:6
Unterminated regexp literal
  106 |         </button>
  107 |       </form>
> 108 |     </section>
      |      ^^^^^^^^^
  109 |   );
  110 | }
  111 |

Parsing ecmascript source code failed

Import trace:
  Server Component:
    ./app/settings/VenueForm.tsx
    ./app/settings/page.tsx @ http://localhost:3000/_next/static/chunks/node_modules_next_dist_0u_w_5s._.js:1945
[ 1122258ms] [ERROR] ./app/settings/VenueForm.tsx:108:6
Unterminated regexp literal
  106 |         </button>
  107 |       </form>
> 108 |     </section>
      |      ^^^^^^^^^
  109 |   );
  110 | }
  111 |

Parsing ecmascript source code failed

Import trace:
  Server Component:
    ./app/settings/VenueForm.tsx
    ./app/settings/page.tsx @ http://localhost:3000/_next/static/chunks/node_modules_next_dist_0u_w_5s._.js:1945
[ 1122319ms] [ERROR] ./app/settings/VenueForm.tsx:108:6
Unterminated regexp literal
  106 |         </button>
  107 |       </form>
> 108 |     </section>
      |      ^^^^^^^^^
  109 |   );
  110 | }
  111 |

Parsing ecmascript source code failed

Import trace:
  Server Component:
    ./app/settings/VenueForm.tsx
    ./app/settings/page.tsx @ http://localhost:3000/_next/static/chunks/node_modules_next_dist_0u_w_5s._.js:1945
[ 1122381ms] [ERROR] ./app/settings/VenueForm.tsx:108:6
Unterminated regexp literal
  106 |         </button>
  107 |       </form>
> 108 |     </section>
      |      ^^^^^^^^^
  109 |   );
  110 | }
  111 |

Parsing ecmascript source code failed

Import trace:
  Server Component:
    ./app/settings/VenueForm.tsx
    ./app/settings/page.tsx @ http://localhost:3000/_next/static/chunks/node_modules_next_dist_0u_w_5s._.js:1945
[ 1122439ms] [ERROR] ./app/settings/VenueForm.tsx:108:6
Unterminated regexp literal
  106 |         </button>
  107 |       </form>
> 108 |     </section>
      |      ^^^^^^^^^
  109 |   );
  110 | }
  111 |

Parsing ecmascript source code failed

Import trace:
  Server Component:
    ./app/settings/VenueForm.tsx
    ./app/settings/page.tsx @ http://localhost:3000/_next/static/chunks/node_modules_next_dist_0u_w_5s._.js:1945
[ 1122503ms] [ERROR] ./app/settings/VenueForm.tsx:108:6
Unterminated regexp literal
  106 |         </button>
  107 |       </form>
> 108 |     </section>
      |      ^^^^^^^^^
  109 |   );
  110 | }
  111 |

Parsing ecmascript source code failed

Import trace:
  Server Component:
    ./app/settings/VenueForm.tsx
    ./app/settings/page.tsx @ http://localhost:3000/_next/static/chunks/node_modules_next_dist_0u_w_5s._.js:1945
[ 1122566ms] [ERROR] ./app/settings/VenueForm.tsx:108:6
Unterminated regexp literal
  106 |         </button>
  107 |       </form>
> 108 |     </section>
      |      ^^^^^^^^^
  109 |   );
  110 | }
  111 |

Parsing ecmascript source code failed

Import trace:
  Server Component:
    ./app/settings/VenueForm.tsx
    ./app/settings/page.tsx @ http://localhost:3000/_next/static/chunks/node_modules_next_dist_0u_w_5s._.js:1945
[ 1122624ms] [ERROR] ./app/settings/VenueForm.tsx:108:6
Unterminated regexp literal
  106 |         </button>
  107 |       </form>
> 108 |     </section>
      |      ^^^^^^^^^
  109 |   );
  110 | }
  111 |

Parsing ecmascript source code failed

Import trace:
  Server Component:
    ./app/settings/VenueForm.tsx
    ./app/settings/page.tsx @ http://localhost:3000/_next/static/chunks/node_modules_next_dist_0u_w_5s._.js:1945
[ 1122685ms] [ERROR] ./app/settings/VenueForm.tsx:108:6
Unterminated regexp literal
  106 |         </button>
  107 |       </form>
> 108 |     </section>
      |      ^^^^^^^^^
  109 |   );
  110 | }
  111 |

Parsing ecmascript source code failed

Import trace:
  Server Component:
    ./app/settings/VenueForm.tsx
    ./app/settings/page.tsx @ http://localhost:3000/_next/static/chunks/node_modules_next_dist_0u_w_5s._.js:1945
[ 1122747ms] [ERROR] ./app/settings/VenueForm.tsx:108:6
Unterminated regexp literal
  106 |         </button>
  107 |       </form>
> 108 |     </section>
      |      ^^^^^^^^^
  109 |   );
  110 | }
  111 |

Parsing ecmascript source code failed

Import trace:
  Server Component:
    ./app/settings/VenueForm.tsx
    ./app/settings/page.tsx @ http://localhost:3000/_next/static/chunks/node_modules_next_dist_0u_w_5s._.js:1945
[ 1122808ms] [ERROR] ./app/settings/VenueForm.tsx:108:6
Unterminated regexp literal
  106 |         </button>
  107 |       </form>
> 108 |     </section>
      |      ^^^^^^^^^
  109 |   );
  110 | }
  111 |

Parsing ecmascript source code failed

Import trace:
  Server Component:
    ./app/settings/VenueForm.tsx
    ./app/settings/page.tsx @ http://localhost:3000/_next/static/chunks/node_modules_next_dist_0u_w_5s._.js:1945
[ 1122870ms] [ERROR] ./app/settings/VenueForm.tsx:108:6
Unterminated regexp literal
  106 |         </button>
  107 |       </form>
> 108 |     </section>
      |      ^^^^^^^^^
  109 |   );
  110 | }
  111 |

Parsing ecmascript source code failed

Import trace:
  Server Component:
    ./app/settings/VenueForm.tsx
    ./app/settings/page.tsx @ http://localhost:3000/_next/static/chunks/node_modules_next_dist_0u_w_5s._.js:1945
[ 1122932ms] [ERROR] ./app/settings/VenueForm.tsx:108:6
Unterminated regexp literal
  106 |         </button>
  107 |       </form>
> 108 |     </section>
      |      ^^^^^^^^^
  109 |   );
  110 | }
  111 |

Parsing ecmascript source code failed

Import trace:
  Server Component:
    ./app/settings/VenueForm.tsx
    ./app/settings/page.tsx @ http://localhost:3000/_next/static/chunks/node_modules_next_dist_0u_w_5s._.js:1945
[ 1122994ms] [ERROR] ./app/settings/VenueForm.tsx:108:6
Unterminated regexp literal
  106 |         </button>
  107 |       </form>
> 108 |     </section>
      |      ^^^^^^^^^
  109 |   );
  110 | }
  111 |

Parsing ecmascript source code failed

Import trace:
  Server Component:
    ./app/settings/VenueForm.tsx
    ./app/settings/page.tsx @ http://localhost:3000/_next/static/chunks/node_modules_next_dist_0u_w_5s._.js:1945
[ 1123056ms] [ERROR] ./app/settings/VenueForm.tsx:108:6
Unterminated regexp literal
  106 |         </button>
  107 |       </form>
> 108 |     </section>
      |      ^^^^^^^^^
  109 |   );
  110 | }
  111 |

Parsing ecmascript source code failed

Import trace:
  Server Component:
    ./app/settings/VenueForm.tsx
    ./app/settings/page.tsx @ http://localhost:3000/_next/static/chunks/node_modules_next_dist_0u_w_5s._.js:1945
[ 1123118ms] [ERROR] ./app/settings/VenueForm.tsx:108:6
Unterminated regexp literal
  106 |         </button>
  107 |       </form>
> 108 |     </section>
      |      ^^^^^^^^^
  109 |   );
  110 | }
  111 |

Parsing ecmascript source code failed

Import trace:
  Server Component:
    ./app/settings/VenueForm.tsx
    ./app/settings/page.tsx @ http://localhost:3000/_next/static/chunks/node_modules_next_dist_0u_w_5s._.js:1945
[ 1123189ms] [ERROR] ./app/settings/VenueForm.tsx:108:6
Unterminated regexp literal
  106 |         </button>
  107 |       </form>
> 108 |     </section>
      |      ^^^^^^^^^
  109 |   );
  110 | }
  111 |

Parsing ecmascript source code failed

Import trace:
  Server Component:
    ./app/settings/VenueForm.tsx
    ./app/settings/page.tsx @ http://localhost:3000/_next/static/chunks/node_modules_next_dist_0u_w_5s._.js:1945
[ 1123251ms] [ERROR] ./app/settings/VenueForm.tsx:108:6
Unterminated regexp literal
  106 |         </button>
  107 |       </form>
> 108 |     </section>
      |      ^^^^^^^^^
  109 |   );
  110 | }
  111 |

Parsing ecmascript source code failed

Import trace:
  Server Component:
    ./app/settings/VenueForm.tsx
    ./app/settings/page.tsx @ http://localhost:3000/_next/static/chunks/node_modules_next_dist_0u_w_5s._.js:1945
[ 1123313ms] [ERROR] ./app/settings/VenueForm.tsx:108:6
Unterminated regexp literal
  106 |         </button>
  107 |       </form>
> 108 |     </section>
      |      ^^^^^^^^^
  109 |   );
  110 | }
  111 |

Parsing ecmascript source code failed

Import trace:
  Server Component:
    ./app/settings/VenueForm.tsx
    ./app/settings/page.tsx @ http://localhost:3000/_next/static/chunks/node_modules_next_dist_0u_w_5s._.js:1945
[ 1123375ms] [ERROR] ./app/settings/VenueForm.tsx:108:6
Unterminated regexp literal
  106 |         </button>
  107 |       </form>
> 108 |     </section>
      |      ^^^^^^^^^
  109 |   );
  110 | }
  111 |

Parsing ecmascript source code failed

Import trace:
  Server Component:
    ./app/settings/VenueForm.tsx
    ./app/settings/page.tsx @ http://localhost:3000/_next/static/chunks/node_modules_next_dist_0u_w_5s._.js:1945
[ 1123435ms] [ERROR] ./app/settings/VenueForm.tsx:108:6
Unterminated regexp literal
  106 |         </button>
  107 |       </form>
> 108 |     </section>
      |      ^^^^^^^^^
  109 |   );
  110 | }
  111 |

Parsing ecmascript source code failed

Import trace:
  Server Component:
    ./app/settings/VenueForm.tsx
    ./app/settings/page.tsx @ http://localhost:3000/_next/static/chunks/node_modules_next_dist_0u_w_5s._.js:1945
[ 1123490ms] [ERROR] ./app/settings/VenueForm.tsx:108:6
Unterminated regexp literal
  106 |         </button>
  107 |       </form>
> 108 |     </section>
      |      ^^^^^^^^^
  109 |   );
  110 | }
  111 |

Parsing ecmascript source code failed

Import trace:
  Server Component:
    ./app/settings/VenueForm.tsx
    ./app/settings/page.tsx @ http://localhost:3000/_next/static/chunks/node_modules_next_dist_0u_w_5s._.js:1945
[ 1123558ms] [ERROR] ./app/settings/VenueForm.tsx:108:6
Unterminated regexp literal
  106 |         </button>
  107 |       </form>
> 108 |     </section>
      |      ^^^^^^^^^
  109 |   );
  110 | }
  111 |

Parsing ecmascript source code failed

Import trace:
  Server Component:
    ./app/settings/VenueForm.tsx
    ./app/settings/page.tsx @ http://localhost:3000/_next/static/chunks/node_modules_next_dist_0u_w_5s._.js:1945
[ 1123624ms] [ERROR] ./app/settings/VenueForm.tsx:108:6
Unterminated regexp literal
  106 |         </button>
  107 |       </form>
> 108 |     </section>
      |      ^^^^^^^^^
  109 |   );
  110 | }
  111 |

Parsing ecmascript source code failed

Import trace:
  Server Component:
    ./app/settings/VenueForm.tsx
    ./app/settings/page.tsx @ http://localhost:3000/_next/static/chunks/node_modules_next_dist_0u_w_5s._.js:1945
[ 1123687ms] [ERROR] ./app/settings/VenueForm.tsx:108:6
Unterminated regexp literal
  106 |         </button>
  107 |       </form>
> 108 |     </section>
      |      ^^^^^^^^^
  109 |   );
  110 | }
  111 |

Parsing ecmascript source code failed

Import trace:
  Server Component:
    ./app/settings/VenueForm.tsx
    ./app/settings/page.tsx @ http://localhost:3000/_next/static/chunks/node_modules_next_dist_0u_w_5s._.js:1945
[ 1123757ms] [ERROR] ./app/settings/VenueForm.tsx:108:6
Unterminated regexp literal
  106 |         </button>
  107 |       </form>
> 108 |     </section>
      |      ^^^^^^^^^
  109 |   );
  110 | }
  111 |

Parsing ecmascript source code failed

Import trace:
  Server Component:
    ./app/settings/VenueForm.tsx
    ./app/settings/page.tsx @ http://localhost:3000/_next/static/chunks/node_modules_next_dist_0u_w_5s._.js:1945
[ 1123834ms] [ERROR] ./app/settings/VenueForm.tsx:108:6
Unterminated regexp literal
  106 |         </button>
  107 |       </form>
> 108 |     </section>
      |      ^^^^^^^^^
  109 |   );
  110 | }
  111 |

Parsing ecmascript source code failed

Import trace:
  Server Component:
    ./app/settings/VenueForm.tsx
    ./app/settings/page.tsx @ http://localhost:3000/_next/static/chunks/node_modules_next_dist_0u_w_5s._.js:1945
[ 1123908ms] [ERROR] ./app/settings/VenueForm.tsx:108:6
Unterminated regexp literal
  106 |         </button>
  107 |       </form>
> 108 |     </section>
      |      ^^^^^^^^^
  109 |   );
  110 | }
  111 |

Parsing ecmascript source code failed

Import trace:
  Server Component:
    ./app/settings/VenueForm.tsx
    ./app/settings/page.tsx @ http://localhost:3000/_next/static/chunks/node_modules_next_dist_0u_w_5s._.js:1945
[ 1123976ms] [ERROR] ./app/settings/VenueForm.tsx:108:6
Unterminated regexp literal
  106 |         </button>
  107 |       </form>
> 108 |     </section>
      |      ^^^^^^^^^
  109 |   );
  110 | }
  111 |

Parsing ecmascript source code failed

Import trace:
  Server Component:
    ./app/settings/VenueForm.tsx
    ./app/settings/page.tsx @ http://localhost:3000/_next/static/chunks/node_modules_next_dist_0u_w_5s._.js:1945
[ 1124039ms] [ERROR] ./app/settings/VenueForm.tsx:108:6
Unterminated regexp literal
  106 |         </button>
  107 |       </form>
> 108 |     </section>
      |      ^^^^^^^^^
  109 |   );
  110 | }
  111 |

Parsing ecmascript source code failed

Import trace:
  Server Component:
    ./app/settings/VenueForm.tsx
    ./app/settings/page.tsx @ http://localhost:3000/_next/static/chunks/node_modules_next_dist_0u_w_5s._.js:1945
[ 1124101ms] [ERROR] ./app/settings/VenueForm.tsx:108:6
Unterminated regexp literal
  106 |         </button>
  107 |       </form>
> 108 |     </section>
      |      ^^^^^^^^^
  109 |   );
  110 | }
  111 |

Parsing ecmascript source code failed

Import trace:
  Server Component:
    ./app/settings/VenueForm.tsx
    ./app/settings/page.tsx @ http://localhost:3000/_next/static/chunks/node_modules_next_dist_0u_w_5s._.js:1945
[ 1124163ms] [ERROR] ./app/settings/VenueForm.tsx:108:6
Unterminated regexp literal
  106 |         </button>
  107 |       </form>
> 108 |     </section>
      |      ^^^^^^^^^
  109 |   );
  110 | }
  111 |

Parsing ecmascript source code failed

Import trace:
  Server Component:
    ./app/settings/VenueForm.tsx
    ./app/settings/page.tsx @ http://localhost:3000/_next/static/chunks/node_modules_next_dist_0u_w_5s._.js:1945
[ 1124242ms] [ERROR] ./app/settings/VenueForm.tsx:108:6
Unterminated regexp literal
  106 |         </button>
  107 |       </form>
> 108 |     </section>
      |      ^^^^^^^^^
  109 |   );
  110 | }
  111 |

Parsing ecmascript source code failed

Import trace:
  Server Component:
    ./app/settings/VenueForm.tsx
    ./app/settings/page.tsx @ http://localhost:3000/_next/static/chunks/node_modules_next_dist_0u_w_5s._.js:1945
[ 1124321ms] [ERROR] ./app/settings/VenueForm.tsx:108:6
Unterminated regexp literal
  106 |         </button>
  107 |       </form>
> 108 |     </section>
      |      ^^^^^^^^^
  109 |   );
  110 | }
  111 |

Parsing ecmascript source code failed

Import trace:
  Server Component:
    ./app/settings/VenueForm.tsx
    ./app/settings/page.tsx @ http://localhost:3000/_next/static/chunks/node_modules_next_dist_0u_w_5s._.js:1945
[ 1124381ms] [ERROR] ./app/settings/VenueForm.tsx:108:6
Unterminated regexp literal
  106 |         </button>
  107 |       </form>
> 108 |     </section>
      |      ^^^^^^^^^
  109 |   );
  110 | }
  111 |

Parsing ecmascript source code failed

Import trace:
  Server Component:
    ./app/settings/VenueForm.tsx
    ./app/settings/page.tsx @ http://localhost:3000/_next/static/chunks/node_modules_next_dist_0u_w_5s._.js:1945
[ 1124442ms] [ERROR] ./app/settings/VenueForm.tsx:108:6
Unterminated regexp literal
  106 |         </button>
  107 |       </form>
> 108 |     </section>
      |      ^^^^^^^^^
  109 |   );
  110 | }
  111 |

Parsing ecmascript source code failed

Import trace:
  Server Component:
    ./app/settings/VenueForm.tsx
    ./app/settings/page.tsx @ http://localhost:3000/_next/static/chunks/node_modules_next_dist_0u_w_5s._.js:1945
[ 1124505ms] [ERROR] ./app/settings/VenueForm.tsx:108:6
Unterminated regexp literal
  106 |         </button>
  107 |       </form>
> 108 |     </section>
      |      ^^^^^^^^^
  109 |   );
  110 | }
  111 |

Parsing ecmascript source code failed

Import trace:
  Server Component:
    ./app/settings/VenueForm.tsx
    ./app/settings/page.tsx @ http://localhost:3000/_next/static/chunks/node_modules_next_dist_0u_w_5s._.js:1945
[ 1124557ms] [ERROR] ./app/settings/VenueForm.tsx:108:6
Unterminated regexp literal
  106 |         </button>
  107 |       </form>
> 108 |     </section>
      |      ^^^^^^^^^
  109 |   );
  110 | }
  111 |

Parsing ecmascript source code failed

Import trace:
  Server Component:
    ./app/settings/VenueForm.tsx
    ./app/settings/page.tsx @ http://localhost:3000/_next/static/chunks/node_modules_next_dist_0u_w_5s._.js:1945
[ 1124619ms] [ERROR] ./app/settings/VenueForm.tsx:108:6
Unterminated regexp literal
  106 |         </button>
  107 |       </form>
> 108 |     </section>
      |      ^^^^^^^^^
  109 |   );
  110 | }
  111 |

Parsing ecmascript source code failed

Import trace:
  Server Component:
    ./app/settings/VenueForm.tsx
    ./app/settings/page.tsx @ http://localhost:3000/_next/static/chunks/node_modules_next_dist_0u_w_5s._.js:1945
[ 1124690ms] [ERROR] ./app/settings/VenueForm.tsx:108:6
Unterminated regexp literal
  106 |         </button>
  107 |       </form>
> 108 |     </section>
      |      ^^^^^^^^^
  109 |   );
  110 | }
  111 |

Parsing ecmascript source code failed

Import trace:
  Server Component:
    ./app/settings/VenueForm.tsx
    ./app/settings/page.tsx @ http://localhost:3000/_next/static/chunks/node_modules_next_dist_0u_w_5s._.js:1945
[ 1124751ms] [ERROR] ./app/settings/VenueForm.tsx:108:6
Unterminated regexp literal
  106 |         </button>
  107 |       </form>
> 108 |     </section>
      |      ^^^^^^^^^
  109 |   );
  110 | }
  111 |

Parsing ecmascript source code failed

Import trace:
  Server Component:
    ./app/settings/VenueForm.tsx
    ./app/settings/page.tsx @ http://localhost:3000/_next/static/chunks/node_modules_next_dist_0u_w_5s._.js:1945
[ 1124809ms] [ERROR] ./app/settings/VenueForm.tsx:108:6
Unterminated regexp literal
  106 |         </button>
  107 |       </form>
> 108 |     </section>
      |      ^^^^^^^^^
  109 |   );
  110 | }
  111 |

Parsing ecmascript source code failed

Import trace:
  Server Component:
    ./app/settings/VenueForm.tsx
    ./app/settings/page.tsx @ http://localhost:3000/_next/static/chunks/node_modules_next_dist_0u_w_5s._.js:1945
[ 1124874ms] [ERROR] ./app/settings/VenueForm.tsx:108:6
Unterminated regexp literal
  106 |         </button>
  107 |       </form>
> 108 |     </section>
      |      ^^^^^^^^^
  109 |   );
  110 | }
  111 |

Parsing ecmascript source code failed

Import trace:
  Server Component:
    ./app/settings/VenueForm.tsx
    ./app/settings/page.tsx @ http://localhost:3000/_next/static/chunks/node_modules_next_dist_0u_w_5s._.js:1945
[ 1124937ms] [ERROR] ./app/settings/VenueForm.tsx:108:6
Unterminated regexp literal
  106 |         </button>
  107 |       </form>
> 108 |     </section>
      |      ^^^^^^^^^
  109 |   );
  110 | }
  111 |

Parsing ecmascript source code failed

Import trace:
  Server Component:
    ./app/settings/VenueForm.tsx
    ./app/settings/page.tsx @ http://localhost:3000/_next/static/chunks/node_modules_next_dist_0u_w_5s._.js:1945
[ 1124999ms] [ERROR] ./app/settings/VenueForm.tsx:108:6
Unterminated regexp literal
  106 |         </button>
  107 |       </form>
> 108 |     </section>
      |      ^^^^^^^^^
  109 |   );
  110 | }
  111 |

Parsing ecmascript source code failed

Import trace:
  Server Component:
    ./app/settings/VenueForm.tsx
    ./app/settings/page.tsx @ http://localhost:3000/_next/static/chunks/node_modules_next_dist_0u_w_5s._.js:1945
[ 1125057ms] [ERROR] ./app/settings/VenueForm.tsx:108:6
Unterminated regexp literal
  106 |         </button>
  107 |       </form>
> 108 |     </section>
      |      ^^^^^^^^^
  109 |   );
  110 | }
  111 |

Parsing ecmascript source code failed

Import trace:
  Server Component:
    ./app/settings/VenueForm.tsx
    ./app/settings/page.tsx @ http://localhost:3000/_next/static/chunks/node_modules_next_dist_0u_w_5s._.js:1945
[ 1125119ms] [ERROR] ./app/settings/VenueForm.tsx:108:6
Unterminated regexp literal
  106 |         </button>
  107 |       </form>
> 108 |     </section>
      |      ^^^^^^^^^
  109 |   );
  110 | }
  111 |

Parsing ecmascript source code failed

Import trace:
  Server Component:
    ./app/settings/VenueForm.tsx
    ./app/settings/page.tsx @ http://localhost:3000/_next/static/chunks/node_modules_next_dist_0u_w_5s._.js:1945
[ 1125182ms] [ERROR] ./app/settings/VenueForm.tsx:108:6
Unterminated regexp literal
  106 |         </button>
  107 |       </form>
> 108 |     </section>
      |      ^^^^^^^^^
  109 |   );
  110 | }
  111 |

Parsing ecmascript source code failed

Import trace:
  Server Component:
    ./app/settings/VenueForm.tsx
    ./app/settings/page.tsx @ http://localhost:3000/_next/static/chunks/node_modules_next_dist_0u_w_5s._.js:1945
[ 1125239ms] [ERROR] ./app/settings/VenueForm.tsx:108:6
Unterminated regexp literal
  106 |         </button>
  107 |       </form>
> 108 |     </section>
      |      ^^^^^^^^^
  109 |   );
  110 | }
  111 |

Parsing ecmascript source code failed

Import trace:
  Server Component:
    ./app/settings/VenueForm.tsx
    ./app/settings/page.tsx @ http://localhost:3000/_next/static/chunks/node_modules_next_dist_0u_w_5s._.js:1945
[ 1125304ms] [ERROR] ./app/settings/VenueForm.tsx:108:6
Unterminated regexp literal
  106 |         </button>
  107 |       </form>
> 108 |     </section>
      |      ^^^^^^^^^
  109 |   );
  110 | }
  111 |

Parsing ecmascript source code failed

Import trace:
  Server Component:
    ./app/settings/VenueForm.tsx
    ./app/settings/page.tsx @ http://localhost:3000/_next/static/chunks/node_modules_next_dist_0u_w_5s._.js:1945
[ 1125375ms] [ERROR] ./app/settings/VenueForm.tsx:108:6
Unterminated regexp literal
  106 |         </button>
  107 |       </form>
> 108 |     </section>
      |      ^^^^^^^^^
  109 |   );
  110 | }
  111 |

Parsing ecmascript source code failed

Import trace:
  Server Component:
    ./app/settings/VenueForm.tsx
    ./app/settings/page.tsx @ http://localhost:3000/_next/static/chunks/node_modules_next_dist_0u_w_5s._.js:1945
[ 1125436ms] [ERROR] ./app/settings/VenueForm.tsx:108:6
Unterminated regexp literal
  106 |         </button>
  107 |       </form>
> 108 |     </section>
      |      ^^^^^^^^^
  109 |   );
  110 | }
  111 |

Parsing ecmascript source code failed

Import trace:
  Server Component:
    ./app/settings/VenueForm.tsx
    ./app/settings/page.tsx @ http://localhost:3000/_next/static/chunks/node_modules_next_dist_0u_w_5s._.js:1945
[ 1125490ms] [ERROR] ./app/settings/VenueForm.tsx:108:6
Unterminated regexp literal
  106 |         </button>
  107 |       </form>
> 108 |     </section>
      |      ^^^^^^^^^
  109 |   );
  110 | }
  111 |

Parsing ecmascript source code failed

Import trace:
  Server Component:
    ./app/settings/VenueForm.tsx
    ./app/settings/page.tsx @ http://localhost:3000/_next/static/chunks/node_modules_next_dist_0u_w_5s._.js:1945
[ 1125557ms] [ERROR] ./app/settings/VenueForm.tsx:108:6
Unterminated regexp literal
  106 |         </button>
  107 |       </form>
> 108 |     </section>
      |      ^^^^^^^^^
  109 |   );
  110 | }
  111 |

Parsing ecmascript source code failed

Import trace:
  Server Component:
    ./app/settings/VenueForm.tsx
    ./app/settings/page.tsx @ http://localhost:3000/_next/static/chunks/node_modules_next_dist_0u_w_5s._.js:1945
[ 1125622ms] [ERROR] ./app/settings/VenueForm.tsx:108:6
Unterminated regexp literal
  106 |         </button>
  107 |       </form>
> 108 |     </section>
      |      ^^^^^^^^^
  109 |   );
  110 | }
  111 |

Parsing ecmascript source code failed

Import trace:
  Server Component:
    ./app/settings/VenueForm.tsx
    ./app/settings/page.tsx @ http://localhost:3000/_next/static/chunks/node_modules_next_dist_0u_w_5s._.js:1945
[ 1125707ms] [ERROR] ./app/settings/VenueForm.tsx:108:6
Unterminated regexp literal
  106 |         </button>
  107 |       </form>
> 108 |     </section>
      |      ^^^^^^^^^
  109 |   );
  110 | }
  111 |

Parsing ecmascript source code failed

Import trace:
  Server Component:
    ./app/settings/VenueForm.tsx
    ./app/settings/page.tsx @ http://localhost:3000/_next/static/chunks/node_modules_next_dist_0u_w_5s._.js:1945
[ 1125784ms] [ERROR] ./app/settings/VenueForm.tsx:108:6
Unterminated regexp literal
  106 |         </button>
  107 |       </form>
> 108 |     </section>
      |      ^^^^^^^^^
  109 |   );
  110 | }
  111 |

Parsing ecmascript source code failed

Import trace:
  Server Component:
    ./app/settings/VenueForm.tsx
    ./app/settings/page.tsx @ http://localhost:3000/_next/static/chunks/node_modules_next_dist_0u_w_5s._.js:1945
[ 1125846ms] [ERROR] ./app/settings/VenueForm.tsx:108:6
Unterminated regexp literal
  106 |         </button>
  107 |       </form>
> 108 |     </section>
      |      ^^^^^^^^^
  109 |   );
  110 | }
  111 |

Parsing ecmascript source code failed

Import trace:
  Server Component:
    ./app/settings/VenueForm.tsx
    ./app/settings/page.tsx @ http://localhost:3000/_next/static/chunks/node_modules_next_dist_0u_w_5s._.js:1945
[ 1125910ms] [ERROR] ./app/settings/VenueForm.tsx:108:6
Unterminated regexp literal
  106 |         </button>
  107 |       </form>
> 108 |     </section>
      |      ^^^^^^^^^
  109 |   );
  110 | }
  111 |

Parsing ecmascript source code failed

Import trace:
  Server Component:
    ./app/settings/VenueForm.tsx
    ./app/settings/page.tsx @ http://localhost:3000/_next/static/chunks/node_modules_next_dist_0u_w_5s._.js:1945
[ 1125972ms] [ERROR] ./app/settings/VenueForm.tsx:108:6
Unterminated regexp literal
  106 |         </button>
  107 |       </form>
> 108 |     </section>
      |      ^^^^^^^^^
  109 |   );
  110 | }
  111 |

Parsing ecmascript source code failed

Import trace:
  Server Component:
    ./app/settings/VenueForm.tsx
    ./app/settings/page.tsx @ http://localhost:3000/_next/static/chunks/node_modules_next_dist_0u_w_5s._.js:1945
[ 1126035ms] [ERROR] ./app/settings/VenueForm.tsx:108:6
Unterminated regexp literal
  106 |         </button>
  107 |       </form>
> 108 |     </section>
      |      ^^^^^^^^^
  109 |   );
  110 | }
  111 |

Parsing ecmascript source code failed

Import trace:
  Server Component:
    ./app/settings/VenueForm.tsx
    ./app/settings/page.tsx @ http://localhost:3000/_next/static/chunks/node_modules_next_dist_0u_w_5s._.js:1945
[ 1126106ms] [ERROR] ./app/settings/VenueForm.tsx:108:6
Unterminated regexp literal
  106 |         </button>
  107 |       </form>
> 108 |     </section>
      |      ^^^^^^^^^
  109 |   );
  110 | }
  111 |

Parsing ecmascript source code failed

Import trace:
  Server Component:
    ./app/settings/VenueForm.tsx
    ./app/settings/page.tsx @ http://localhost:3000/_next/static/chunks/node_modules_next_dist_0u_w_5s._.js:1945
[ 1126157ms] [LOG] [Fast Refresh] rebuilding @ http://localhost:3000/_next/static/chunks/node_modules_next_dist_0u_w_5s._.js:1226
[ 1126273ms] [ERROR] ./app/settings/VenueForm.tsx:108:6
Unterminated regexp literal
  106 |         </button>
  107 |       </form>
> 108 |     </section>
      |      ^^^^^^^^^
  109 |   );
  110 | }
  111 |

Parsing ecmascript source code failed

Import trace:
  Server Component:
    ./app/settings/VenueForm.tsx
    ./app/settings/page.tsx @ http://localhost:3000/_next/static/chunks/node_modules_next_dist_0u_w_5s._.js:1945
[ 1126336ms] [ERROR] ./app/settings/VenueForm.tsx:108:6
Unterminated regexp literal
  106 |         </button>
  107 |       </form>
> 108 |     </section>
      |      ^^^^^^^^^
  109 |   );
  110 | }
  111 |

Parsing ecmascript source code failed

Import trace:
  Server Component:
    ./app/settings/VenueForm.tsx
    ./app/settings/page.tsx @ http://localhost:3000/_next/static/chunks/node_modules_next_dist_0u_w_5s._.js:1945
[ 1126407ms] [ERROR] ./app/settings/VenueForm.tsx:108:6
Unterminated regexp literal
  106 |         </button>
  107 |       </form>
> 108 |     </section>
      |      ^^^^^^^^^
  109 |   );
  110 | }
  111 |

Parsing ecmascript source code failed

Import trace:
  Server Component:
    ./app/settings/VenueForm.tsx
    ./app/settings/page.tsx @ http://localhost:3000/_next/static/chunks/node_modules_next_dist_0u_w_5s._.js:1945
[ 1126470ms] [ERROR] ./app/settings/VenueForm.tsx:108:6
Unterminated regexp literal
  106 |         </button>
  107 |       </form>
> 108 |     </section>
      |      ^^^^^^^^^
  109 |   );
  110 | }
  111 |

Parsing ecmascript source code failed

Import trace:
  Server Component:
    ./app/settings/VenueForm.tsx
    ./app/settings/page.tsx @ http://localhost:3000/_next/static/chunks/node_modules_next_dist_0u_w_5s._.js:1945
[ 1126535ms] [ERROR] ./app/settings/VenueForm.tsx:108:6
Unterminated regexp literal
  106 |         </button>
  107 |       </form>
> 108 |     </section>
      |      ^^^^^^^^^
  109 |   );
  110 | }
  111 |

Parsing ecmascript source code failed

Import trace:
  Server Component:
    ./app/settings/VenueForm.tsx
    ./app/settings/page.tsx @ http://localhost:3000/_next/static/chunks/node_modules_next_dist_0u_w_5s._.js:1945
[ 1126605ms] [ERROR] ./app/settings/VenueForm.tsx:108:6
Unterminated regexp literal
  106 |         </button>
  107 |       </form>
> 108 |     </section>
      |      ^^^^^^^^^
  109 |   );
  110 | }
  111 |

Parsing ecmascript source code failed

Import trace:
  Server Component:
    ./app/settings/VenueForm.tsx
    ./app/settings/page.tsx @ http://localhost:3000/_next/static/chunks/node_modules_next_dist_0u_w_5s._.js:1945
[ 1126671ms] [ERROR] ./app/settings/VenueForm.tsx:108:6
Unterminated regexp literal
  106 |         </button>
  107 |       </form>
> 108 |     </section>
      |      ^^^^^^^^^
  109 |   );
  110 | }
  111 |

Parsing ecmascript source code failed

Import trace:
  Server Component:
    ./app/settings/VenueForm.tsx
    ./app/settings/page.tsx @ http://localhost:3000/_next/static/chunks/node_modules_next_dist_0u_w_5s._.js:1945
[ 1126743ms] [ERROR] ./app/settings/VenueForm.tsx:108:6
Unterminated regexp literal
  106 |         </button>
  107 |       </form>
> 108 |     </section>
      |      ^^^^^^^^^
  109 |   );
  110 | }
  111 |

Parsing ecmascript source code failed

Import trace:
  Server Component:
    ./app/settings/VenueForm.tsx
    ./app/settings/page.tsx @ http://localhost:3000/_next/static/chunks/node_modules_next_dist_0u_w_5s._.js:1945
[ 1126821ms] [ERROR] ./app/settings/VenueForm.tsx:108:6
Unterminated regexp literal
  106 |         </button>
  107 |       </form>
> 108 |     </section>
      |      ^^^^^^^^^
  109 |   );
  110 | }
  111 |

Parsing ecmascript source code failed

Import trace:
  Server Component:
    ./app/settings/VenueForm.tsx
    ./app/settings/page.tsx @ http://localhost:3000/_next/static/chunks/node_modules_next_dist_0u_w_5s._.js:1945
[ 1126884ms] [ERROR] ./app/settings/VenueForm.tsx:108:6
Unterminated regexp literal
  106 |         </button>
  107 |       </form>
> 108 |     </section>
      |      ^^^^^^^^^
  109 |   );
  110 | }
  111 |

Parsing ecmascript source code failed

Import trace:
  Server Component:
    ./app/settings/VenueForm.tsx
    ./app/settings/page.tsx @ http://localhost:3000/_next/static/chunks/node_modules_next_dist_0u_w_5s._.js:1945
[ 1126962ms] [ERROR] ./app/settings/VenueForm.tsx:108:6
Unterminated regexp literal
  106 |         </button>
  107 |       </form>
> 108 |     </section>
      |      ^^^^^^^^^
  109 |   );
  110 | }
  111 |

Parsing ecmascript source code failed

Import trace:
  Server Component:
    ./app/settings/VenueForm.tsx
    ./app/settings/page.tsx @ http://localhost:3000/_next/static/chunks/node_modules_next_dist_0u_w_5s._.js:1945
[ 1127025ms] [ERROR] ./app/settings/VenueForm.tsx:108:6
Unterminated regexp literal
  106 |         </button>
  107 |       </form>
> 108 |     </section>
      |      ^^^^^^^^^
  109 |   );
  110 | }
  111 |

Parsing ecmascript source code failed

Import trace:
  Server Component:
    ./app/settings/VenueForm.tsx
    ./app/settings/page.tsx @ http://localhost:3000/_next/static/chunks/node_modules_next_dist_0u_w_5s._.js:1945
[ 1127104ms] [ERROR] ./app/settings/VenueForm.tsx:108:6
Unterminated regexp literal
  106 |         </button>
  107 |       </form>
> 108 |     </section>
      |      ^^^^^^^^^
  109 |   );
  110 | }
  111 |

Parsing ecmascript source code failed

Import trace:
  Server Component:
    ./app/settings/VenueForm.tsx
    ./app/settings/page.tsx @ http://localhost:3000/_next/static/chunks/node_modules_next_dist_0u_w_5s._.js:1945
[ 1127182ms] [ERROR] ./app/settings/VenueForm.tsx:108:6
Unterminated regexp literal
  106 |         </button>
  107 |       </form>
> 108 |     </section>
      |      ^^^^^^^^^
  109 |   );
  110 | }
  111 |

Parsing ecmascript source code failed

Import trace:
  Server Component:
    ./app/settings/VenueForm.tsx
    ./app/settings/page.tsx @ http://localhost:3000/_next/static/chunks/node_modules_next_dist_0u_w_5s._.js:1945
[ 1127243ms] [ERROR] ./app/settings/VenueForm.tsx:108:6
Unterminated regexp literal
  106 |         </button>
  107 |       </form>
> 108 |     </section>
      |      ^^^^^^^^^
  109 |   );
  110 | }
  111 |

Parsing ecmascript source code failed

Import trace:
  Server Component:
    ./app/settings/VenueForm.tsx
    ./app/settings/page.tsx @ http://localhost:3000/_next/static/chunks/node_modules_next_dist_0u_w_5s._.js:1945
[ 1127307ms] [ERROR] ./app/settings/VenueForm.tsx:108:6
Unterminated regexp literal
  106 |         </button>
  107 |       </form>
> 108 |     </section>
      |      ^^^^^^^^^
  109 |   );
  110 | }
  111 |

Parsing ecmascript source code failed

Import trace:
  Server Component:
    ./app/settings/VenueForm.tsx
    ./app/settings/page.tsx @ http://localhost:3000/_next/static/chunks/node_modules_next_dist_0u_w_5s._.js:1945
[ 1127383ms] [ERROR] ./app/settings/VenueForm.tsx:108:6
Unterminated regexp literal
  106 |         </button>
  107 |       </form>
> 108 |     </section>
      |      ^^^^^^^^^
  109 |   );
  110 | }
  111 |

Parsing ecmascript source code failed

Import trace:
  Server Component:
    ./app/settings/VenueForm.tsx
    ./app/settings/page.tsx @ http://localhost:3000/_next/static/chunks/node_modules_next_dist_0u_w_5s._.js:1945
[ 1127446ms] [ERROR] ./app/settings/VenueForm.tsx:108:6
Unterminated regexp literal
  106 |         </button>
  107 |       </form>
> 108 |     </section>
      |      ^^^^^^^^^
  109 |   );
  110 | }
  111 |

Parsing ecmascript source code failed

Import trace:
  Server Component:
    ./app/settings/VenueForm.tsx
    ./app/settings/page.tsx @ http://localhost:3000/_next/static/chunks/node_modules_next_dist_0u_w_5s._.js:1945
[ 1127508ms] [ERROR] ./app/settings/VenueForm.tsx:108:6
Unterminated regexp literal
  106 |         </button>
  107 |       </form>
> 108 |     </section>
      |      ^^^^^^^^^
  109 |   );
  110 | }
  111 |

Parsing ecmascript source code failed

Import trace:
  Server Component:
    ./app/settings/VenueForm.tsx
    ./app/settings/page.tsx @ http://localhost:3000/_next/static/chunks/node_modules_next_dist_0u_w_5s._.js:1945
[ 1127570ms] [ERROR] ./app/settings/VenueForm.tsx:108:6
Unterminated regexp literal
  106 |         </button>
  107 |       </form>
> 108 |     </section>
      |      ^^^^^^^^^
  109 |   );
  110 | }
  111 |

Parsing ecmascript source code failed

Import trace:
  Server Component:
    ./app/settings/VenueForm.tsx
    ./app/settings/page.tsx @ http://localhost:3000/_next/static/chunks/node_modules_next_dist_0u_w_5s._.js:1945
[ 1127632ms] [ERROR] ./app/settings/VenueForm.tsx:108:6
Unterminated regexp literal
  106 |         </button>
  107 |       </form>
> 108 |     </section>
      |      ^^^^^^^^^
  109 |   );
  110 | }
  111 |

Parsing ecmascript source code failed

Import trace:
  Server Component:
    ./app/settings/VenueForm.tsx
    ./app/settings/page.tsx @ http://localhost:3000/_next/static/chunks/node_modules_next_dist_0u_w_5s._.js:1945
[ 1127694ms] [ERROR] ./app/settings/VenueForm.tsx:108:6
Unterminated regexp literal
  106 |         </button>
  107 |       </form>
> 108 |     </section>
      |      ^^^^^^^^^
  109 |   );
  110 | }
  111 |

Parsing ecmascript source code failed

Import trace:
  Server Component:
    ./app/settings/VenueForm.tsx
    ./app/settings/page.tsx @ http://localhost:3000/_next/static/chunks/node_modules_next_dist_0u_w_5s._.js:1945
[ 1127755ms] [ERROR] ./app/settings/VenueForm.tsx:108:6
Unterminated regexp literal
  106 |         </button>
  107 |       </form>
> 108 |     </section>
      |      ^^^^^^^^^
  109 |   );
  110 | }
  111 |

Parsing ecmascript source code failed

Import trace:
  Server Component:
    ./app/settings/VenueForm.tsx
    ./app/settings/page.tsx @ http://localhost:3000/_next/static/chunks/node_modules_next_dist_0u_w_5s._.js:1945
[ 1127816ms] [ERROR] ./app/settings/VenueForm.tsx:108:6
Unterminated regexp literal
  106 |         </button>
  107 |       </form>
> 108 |     </section>
      |      ^^^^^^^^^
  109 |   );
  110 | }
  111 |

Parsing ecmascript source code failed

Import trace:
  Server Component:
    ./app/settings/VenueForm.tsx
    ./app/settings/page.tsx @ http://localhost:3000/_next/static/chunks/node_modules_next_dist_0u_w_5s._.js:1945
[ 1127879ms] [ERROR] ./app/settings/VenueForm.tsx:108:6
Unterminated regexp literal
  106 |         </button>
  107 |       </form>
> 108 |     </section>
      |      ^^^^^^^^^
  109 |   );
  110 | }
  111 |

Parsing ecmascript source code failed

Import trace:
  Server Component:
    ./app/settings/VenueForm.tsx
    ./app/settings/page.tsx @ http://localhost:3000/_next/static/chunks/node_modules_next_dist_0u_w_5s._.js:1945
[ 1127942ms] [ERROR] ./app/settings/VenueForm.tsx:108:6
Unterminated regexp literal
  106 |         </button>
  107 |       </form>
> 108 |     </section>
      |      ^^^^^^^^^
  109 |   );
  110 | }
  111 |

Parsing ecmascript source code failed

Import trace:
  Server Component:
    ./app/settings/VenueForm.tsx
    ./app/settings/page.tsx @ http://localhost:3000/_next/static/chunks/node_modules_next_dist_0u_w_5s._.js:1945
[ 1128005ms] [ERROR] ./app/settings/VenueForm.tsx:108:6
Unterminated regexp literal
  106 |         </button>
  107 |       </form>
> 108 |     </section>
      |      ^^^^^^^^^
  109 |   );
  110 | }
  111 |

Parsing ecmascript source code failed

Import trace:
  Server Component:
    ./app/settings/VenueForm.tsx
    ./app/settings/page.tsx @ http://localhost:3000/_next/static/chunks/node_modules_next_dist_0u_w_5s._.js:1945
[ 1128067ms] [ERROR] ./app/settings/VenueForm.tsx:108:6
Unterminated regexp literal
  106 |         </button>
  107 |       </form>
> 108 |     </section>
      |      ^^^^^^^^^
  109 |   );
  110 | }
  111 |

Parsing ecmascript source code failed

Import trace:
  Server Component:
    ./app/settings/VenueForm.tsx
    ./app/settings/page.tsx @ http://localhost:3000/_next/static/chunks/node_modules_next_dist_0u_w_5s._.js:1945
[ 1128131ms] [ERROR] ./app/settings/VenueForm.tsx:108:6
Unterminated regexp literal
  106 |         </button>
  107 |       </form>
> 108 |     </section>
      |      ^^^^^^^^^
  109 |   );
  110 | }
  111 |

Parsing ecmascript source code failed

Import trace:
  Server Component:
    ./app/settings/VenueForm.tsx
    ./app/settings/page.tsx @ http://localhost:3000/_next/static/chunks/node_modules_next_dist_0u_w_5s._.js:1945
[ 1128193ms] [ERROR] ./app/settings/VenueForm.tsx:108:6
Unterminated regexp literal
  106 |         </button>
  107 |       </form>
> 108 |     </section>
      |      ^^^^^^^^^
  109 |   );
  110 | }
  111 |

Parsing ecmascript source code failed

Import trace:
  Server Component:
    ./app/settings/VenueForm.tsx
    ./app/settings/page.tsx @ http://localhost:3000/_next/static/chunks/node_modules_next_dist_0u_w_5s._.js:1945
[ 1128257ms] [ERROR] ./app/settings/VenueForm.tsx:108:6
Unterminated regexp literal
  106 |         </button>
  107 |       </form>
> 108 |     </section>
      |      ^^^^^^^^^
  109 |   );
  110 | }
  111 |

Parsing ecmascript source code failed

Import trace:
  Server Component:
    ./app/settings/VenueForm.tsx
    ./app/settings/page.tsx @ http://localhost:3000/_next/static/chunks/node_modules_next_dist_0u_w_5s._.js:1945
[ 1128322ms] [ERROR] ./app/settings/VenueForm.tsx:108:6
Unterminated regexp literal
  106 |         </button>
  107 |       </form>
> 108 |     </section>
      |      ^^^^^^^^^
  109 |   );
  110 | }
  111 |

Parsing ecmascript source code failed

Import trace:
  Server Component:
    ./app/settings/VenueForm.tsx
    ./app/settings/page.tsx @ http://localhost:3000/_next/static/chunks/node_modules_next_dist_0u_w_5s._.js:1945
[ 1128384ms] [ERROR] ./app/settings/VenueForm.tsx:108:6
Unterminated regexp literal
  106 |         </button>
  107 |       </form>
> 108 |     </section>
      |      ^^^^^^^^^
  109 |   );
  110 | }
  111 |

Parsing ecmascript source code failed

Import trace:
  Server Component:
    ./app/settings/VenueForm.tsx
    ./app/settings/page.tsx @ http://localhost:3000/_next/static/chunks/node_modules_next_dist_0u_w_5s._.js:1945
[ 1128447ms] [ERROR] ./app/settings/VenueForm.tsx:108:6
Unterminated regexp literal
  106 |         </button>
  107 |       </form>
> 108 |     </section>
      |      ^^^^^^^^^
  109 |   );
  110 | }
  111 |

Parsing ecmascript source code failed

Import trace:
  Server Component:
    ./app/settings/VenueForm.tsx
    ./app/settings/page.tsx @ http://localhost:3000/_next/static/chunks/node_modules_next_dist_0u_w_5s._.js:1945
[ 1128511ms] [ERROR] ./app/settings/VenueForm.tsx:108:6
Unterminated regexp literal
  106 |         </button>
  107 |       </form>
> 108 |     </section>
      |      ^^^^^^^^^
  109 |   );
  110 | }
  111 |

Parsing ecmascript source code failed

Import trace:
  Server Component:
    ./app/settings/VenueForm.tsx
    ./app/settings/page.tsx @ http://localhost:3000/_next/static/chunks/node_modules_next_dist_0u_w_5s._.js:1945
[ 1128573ms] [ERROR] ./app/settings/VenueForm.tsx:108:6
Unterminated regexp literal
  106 |         </button>
  107 |       </form>
> 108 |     </section>
      |      ^^^^^^^^^
  109 |   );
  110 | }
  111 |

Parsing ecmascript source code failed

Import trace:
  Server Component:
    ./app/settings/VenueForm.tsx
    ./app/settings/page.tsx @ http://localhost:3000/_next/static/chunks/node_modules_next_dist_0u_w_5s._.js:1945
[ 1128635ms] [ERROR] ./app/settings/VenueForm.tsx:108:6
Unterminated regexp literal
  106 |         </button>
  107 |       </form>
> 108 |     </section>
      |      ^^^^^^^^^
  109 |   );
  110 | }
  111 |

Parsing ecmascript source code failed

Import trace:
  Server Component:
    ./app/settings/VenueForm.tsx
    ./app/settings/page.tsx @ http://localhost:3000/_next/static/chunks/node_modules_next_dist_0u_w_5s._.js:1945
[ 1128697ms] [ERROR] ./app/settings/VenueForm.tsx:108:6
Unterminated regexp literal
  106 |         </button>
  107 |       </form>
> 108 |     </section>
      |      ^^^^^^^^^
  109 |   );
  110 | }
  111 |

Parsing ecmascript source code failed

Import trace:
  Server Component:
    ./app/settings/VenueForm.tsx
    ./app/settings/page.tsx @ http://localhost:3000/_next/static/chunks/node_modules_next_dist_0u_w_5s._.js:1945
[ 1128761ms] [ERROR] ./app/settings/VenueForm.tsx:108:6
Unterminated regexp literal
  106 |         </button>
  107 |       </form>
> 108 |     </section>
      |      ^^^^^^^^^
  109 |   );
  110 | }
  111 |

Parsing ecmascript source code failed

Import trace:
  Server Component:
    ./app/settings/VenueForm.tsx
    ./app/settings/page.tsx @ http://localhost:3000/_next/static/chunks/node_modules_next_dist_0u_w_5s._.js:1945
[ 1128837ms] [ERROR] ./app/settings/VenueForm.tsx:108:6
Unterminated regexp literal
  106 |         </button>
  107 |       </form>
> 108 |     </section>
      |      ^^^^^^^^^
  109 |   );
  110 | }
  111 |

Parsing ecmascript source code failed

Import trace:
  Server Component:
    ./app/settings/VenueForm.tsx
    ./app/settings/page.tsx @ http://localhost:3000/_next/static/chunks/node_modules_next_dist_0u_w_5s._.js:1945
[ 1128916ms] [ERROR] ./app/settings/VenueForm.tsx:108:6
Unterminated regexp literal
  106 |         </button>
  107 |       </form>
> 108 |     </section>
      |      ^^^^^^^^^
  109 |   );
  110 | }
  111 |

Parsing ecmascript source code failed

Import trace:
  Server Component:
    ./app/settings/VenueForm.tsx
    ./app/settings/page.tsx @ http://localhost:3000/_next/static/chunks/node_modules_next_dist_0u_w_5s._.js:1945
[ 1128973ms] [ERROR] ./app/settings/VenueForm.tsx:108:6
Unterminated regexp literal
  106 |         </button>
  107 |       </form>
> 108 |     </section>
      |      ^^^^^^^^^
  109 |   );
  110 | }
  111 |

Parsing ecmascript source code failed

Import trace:
  Server Component:
    ./app/settings/VenueForm.tsx
    ./app/settings/page.tsx @ http://localhost:3000/_next/static/chunks/node_modules_next_dist_0u_w_5s._.js:1945
[ 1129035ms] [ERROR] ./app/settings/VenueForm.tsx:108:6
Unterminated regexp literal
  106 |         </button>
  107 |       </form>
> 108 |     </section>
      |      ^^^^^^^^^
  109 |   );
  110 | }
  111 |

Parsing ecmascript source code failed

Import trace:
  Server Component:
    ./app/settings/VenueForm.tsx
    ./app/settings/page.tsx @ http://localhost:3000/_next/static/chunks/node_modules_next_dist_0u_w_5s._.js:1945
[ 1129099ms] [ERROR] ./app/settings/VenueForm.tsx:108:6
Unterminated regexp literal
  106 |         </button>
  107 |       </form>
> 108 |     </section>
      |      ^^^^^^^^^
  109 |   );
  110 | }
  111 |

Parsing ecmascript source code failed

Import trace:
  Server Component:
    ./app/settings/VenueForm.tsx
    ./app/settings/page.tsx @ http://localhost:3000/_next/static/chunks/node_modules_next_dist_0u_w_5s._.js:1945
[ 1129159ms] [ERROR] ./app/settings/VenueForm.tsx:108:6
Unterminated regexp literal
  106 |         </button>
  107 |       </form>
> 108 |     </section>
      |      ^^^^^^^^^
  109 |   );
  110 | }
  111 |

Parsing ecmascript source code failed

Import trace:
  Server Component:
    ./app/settings/VenueForm.tsx
    ./app/settings/page.tsx @ http://localhost:3000/_next/static/chunks/node_modules_next_dist_0u_w_5s._.js:1945
[ 1129221ms] [ERROR] ./app/settings/VenueForm.tsx:108:6
Unterminated regexp literal
  106 |         </button>
  107 |       </form>
> 108 |     </section>
      |      ^^^^^^^^^
  109 |   );
  110 | }
  111 |

Parsing ecmascript source code failed

Import trace:
  Server Component:
    ./app/settings/VenueForm.tsx
    ./app/settings/page.tsx @ http://localhost:3000/_next/static/chunks/node_modules_next_dist_0u_w_5s._.js:1945
[ 1129285ms] [ERROR] ./app/settings/VenueForm.tsx:108:6
Unterminated regexp literal
  106 |         </button>
  107 |       </form>
> 108 |     </section>
      |      ^^^^^^^^^
  109 |   );
  110 | }
  111 |

Parsing ecmascript source code failed

Import trace:
  Server Component:
    ./app/settings/VenueForm.tsx
    ./app/settings/page.tsx @ http://localhost:3000/_next/static/chunks/node_modules_next_dist_0u_w_5s._.js:1945
[ 1129348ms] [ERROR] ./app/settings/VenueForm.tsx:108:6
Unterminated regexp literal
  106 |         </button>
  107 |       </form>
> 108 |     </section>
      |      ^^^^^^^^^
  109 |   );
  110 | }
  111 |

Parsing ecmascript source code failed

Import trace:
  Server Component:
    ./app/settings/VenueForm.tsx
    ./app/settings/page.tsx @ http://localhost:3000/_next/static/chunks/node_modules_next_dist_0u_w_5s._.js:1945
[ 1129411ms] [ERROR] ./app/settings/VenueForm.tsx:108:6
Unterminated regexp literal
  106 |         </button>
  107 |       </form>
> 108 |     </section>
      |      ^^^^^^^^^
  109 |   );
  110 | }
  111 |

Parsing ecmascript source code failed

Import trace:
  Server Component:
    ./app/settings/VenueForm.tsx
    ./app/settings/page.tsx @ http://localhost:3000/_next/static/chunks/node_modules_next_dist_0u_w_5s._.js:1945
[ 1129472ms] [ERROR] ./app/settings/VenueForm.tsx:108:6
Unterminated regexp literal
  106 |         </button>
  107 |       </form>
> 108 |     </section>
      |      ^^^^^^^^^
  109 |   );
  110 | }
  111 |

Parsing ecmascript source code failed

Import trace:
  Server Component:
    ./app/settings/VenueForm.tsx
    ./app/settings/page.tsx @ http://localhost:3000/_next/static/chunks/node_modules_next_dist_0u_w_5s._.js:1945
[ 1129537ms] [ERROR] ./app/settings/VenueForm.tsx:108:6
Unterminated regexp literal
  106 |         </button>
  107 |       </form>
> 108 |     </section>
      |      ^^^^^^^^^
  109 |   );
  110 | }
  111 |

Parsing ecmascript source code failed

Import trace:
  Server Component:
    ./app/settings/VenueForm.tsx
    ./app/settings/page.tsx @ http://localhost:3000/_next/static/chunks/node_modules_next_dist_0u_w_5s._.js:1945
[ 1129599ms] [ERROR] ./app/settings/VenueForm.tsx:108:6
Unterminated regexp literal
  106 |         </button>
  107 |       </form>
> 108 |     </section>
      |      ^^^^^^^^^
  109 |   );
  110 | }
  111 |

Parsing ecmascript source code failed

Import trace:
  Server Component:
    ./app/settings/VenueForm.tsx
    ./app/settings/page.tsx @ http://localhost:3000/_next/static/chunks/node_modules_next_dist_0u_w_5s._.js:1945
[ 1129662ms] [ERROR] ./app/settings/VenueForm.tsx:108:6
Unterminated regexp literal
  106 |         </button>
  107 |       </form>
> 108 |     </section>
      |      ^^^^^^^^^
  109 |   );
  110 | }
  111 |

Parsing ecmascript source code failed

Import trace:
  Server Component:
    ./app/settings/VenueForm.tsx
    ./app/settings/page.tsx @ http://localhost:3000/_next/static/chunks/node_modules_next_dist_0u_w_5s._.js:1945
[ 1129726ms] [ERROR] ./app/settings/VenueForm.tsx:108:6
Unterminated regexp literal
  106 |         </button>
  107 |       </form>
> 108 |     </section>
      |      ^^^^^^^^^
  109 |   );
  110 | }
  111 |

Parsing ecmascript source code failed

Import trace:
  Server Component:
    ./app/settings/VenueForm.tsx
    ./app/settings/page.tsx @ http://localhost:3000/_next/static/chunks/node_modules_next_dist_0u_w_5s._.js:1945
[ 1129786ms] [ERROR] ./app/settings/VenueForm.tsx:108:6
Unterminated regexp literal
  106 |         </button>
  107 |       </form>
> 108 |     </section>
      |      ^^^^^^^^^
  109 |   );
  110 | }
  111 |

Parsing ecmascript source code failed

Import trace:
  Server Component:
    ./app/settings/VenueForm.tsx
    ./app/settings/page.tsx @ http://localhost:3000/_next/static/chunks/node_modules_next_dist_0u_w_5s._.js:1945
[ 1129848ms] [ERROR] ./app/settings/VenueForm.tsx:108:6
Unterminated regexp literal
  106 |         </button>
  107 |       </form>
> 108 |     </section>
      |      ^^^^^^^^^
  109 |   );
  110 | }
  111 |

Parsing ecmascript source code failed

Import trace:
  Server Component:
    ./app/settings/VenueForm.tsx
    ./app/settings/page.tsx @ http://localhost:3000/_next/static/chunks/node_modules_next_dist_0u_w_5s._.js:1945
[ 1129909ms] [ERROR] ./app/settings/VenueForm.tsx:108:6
Unterminated regexp literal
  106 |         </button>
  107 |       </form>
> 108 |     </section>
      |      ^^^^^^^^^
  109 |   );
  110 | }
  111 |

Parsing ecmascript source code failed

Import trace:
  Server Component:
    ./app/settings/VenueForm.tsx
    ./app/settings/page.tsx @ http://localhost:3000/_next/static/chunks/node_modules_next_dist_0u_w_5s._.js:1945
[ 1129971ms] [ERROR] ./app/settings/VenueForm.tsx:108:6
Unterminated regexp literal
  106 |         </button>
  107 |       </form>
> 108 |     </section>
      |      ^^^^^^^^^
  109 |   );
  110 | }
  111 |

Parsing ecmascript source code failed

Import trace:
  Server Component:
    ./app/settings/VenueForm.tsx
    ./app/settings/page.tsx @ http://localhost:3000/_next/static/chunks/node_modules_next_dist_0u_w_5s._.js:1945
[ 1130034ms] [ERROR] ./app/settings/VenueForm.tsx:108:6
Unterminated regexp literal
  106 |         </button>
  107 |       </form>
> 108 |     </section>
      |      ^^^^^^^^^
  109 |   );
  110 | }
  111 |

Parsing ecmascript source code failed

Import trace:
  Server Component:
    ./app/settings/VenueForm.tsx
    ./app/settings/page.tsx @ http://localhost:3000/_next/static/chunks/node_modules_next_dist_0u_w_5s._.js:1945
[ 1130098ms] [ERROR] ./app/settings/VenueForm.tsx:108:6
Unterminated regexp literal
  106 |         </button>
  107 |       </form>
> 108 |     </section>
      |      ^^^^^^^^^
  109 |   );
  110 | }
  111 |

Parsing ecmascript source code failed

Import trace:
  Server Component:
    ./app/settings/VenueForm.tsx
    ./app/settings/page.tsx @ http://localhost:3000/_next/static/chunks/node_modules_next_dist_0u_w_5s._.js:1945
[ 1130176ms] [ERROR] ./app/settings/VenueForm.tsx:108:6
Unterminated regexp literal
  106 |         </button>
  107 |       </form>
> 108 |     </section>
      |      ^^^^^^^^^
  109 |   );
  110 | }
  111 |

Parsing ecmascript source code failed

Import trace:
  Server Component:
    ./app/settings/VenueForm.tsx
    ./app/settings/page.tsx @ http://localhost:3000/_next/static/chunks/node_modules_next_dist_0u_w_5s._.js:1945
[ 1130238ms] [ERROR] ./app/settings/VenueForm.tsx:108:6
Unterminated regexp literal
  106 |         </button>
  107 |       </form>
> 108 |     </section>
      |      ^^^^^^^^^
  109 |   );
  110 | }
  111 |

Parsing ecmascript source code failed

Import trace:
  Server Component:
    ./app/settings/VenueForm.tsx
    ./app/settings/page.tsx @ http://localhost:3000/_next/static/chunks/node_modules_next_dist_0u_w_5s._.js:1945
[ 1130301ms] [ERROR] ./app/settings/VenueForm.tsx:108:6
Unterminated regexp literal
  106 |         </button>
  107 |       </form>
> 108 |     </section>
      |      ^^^^^^^^^
  109 |   );
  110 | }
  111 |

Parsing ecmascript source code failed

Import trace:
  Server Component:
    ./app/settings/VenueForm.tsx
    ./app/settings/page.tsx @ http://localhost:3000/_next/static/chunks/node_modules_next_dist_0u_w_5s._.js:1945
[ 1130355ms] [ERROR] ./app/settings/VenueForm.tsx:108:6
Unterminated regexp literal
  106 |         </button>
  107 |       </form>
> 108 |     </section>
      |      ^^^^^^^^^
  109 |   );
  110 | }
  111 |

Parsing ecmascript source code failed

Import trace:
  Server Component:
    ./app/settings/VenueForm.tsx
    ./app/settings/page.tsx @ http://localhost:3000/_next/static/chunks/node_modules_next_dist_0u_w_5s._.js:1945
[ 1130417ms] [ERROR] ./app/settings/VenueForm.tsx:108:6
Unterminated regexp literal
  106 |         </button>
  107 |       </form>
> 108 |     </section>
      |      ^^^^^^^^^
  109 |   );
  110 | }
  111 |

Parsing ecmascript source code failed

Import trace:
  Server Component:
    ./app/settings/VenueForm.tsx
    ./app/settings/page.tsx @ http://localhost:3000/_next/static/chunks/node_modules_next_dist_0u_w_5s._.js:1945
[ 1130480ms] [ERROR] ./app/settings/VenueForm.tsx:108:6
Unterminated regexp literal
  106 |         </button>
  107 |       </form>
> 108 |     </section>
      |      ^^^^^^^^^
  109 |   );
  110 | }
  111 |

Parsing ecmascript source code failed

Import trace:
  Server Component:
    ./app/settings/VenueForm.tsx
    ./app/settings/page.tsx @ http://localhost:3000/_next/static/chunks/node_modules_next_dist_0u_w_5s._.js:1945
[ 1130542ms] [ERROR] ./app/settings/VenueForm.tsx:108:6
Unterminated regexp literal
  106 |         </button>
  107 |       </form>
> 108 |     </section>
      |      ^^^^^^^^^
  109 |   );
  110 | }
  111 |

Parsing ecmascript source code failed

Import trace:
  Server Component:
    ./app/settings/VenueForm.tsx
    ./app/settings/page.tsx @ http://localhost:3000/_next/static/chunks/node_modules_next_dist_0u_w_5s._.js:1945
[ 1130604ms] [ERROR] ./app/settings/VenueForm.tsx:108:6
Unterminated regexp literal
  106 |         </button>
  107 |       </form>
> 108 |     </section>
      |      ^^^^^^^^^
  109 |   );
  110 | }
  111 |

Parsing ecmascript source code failed

Import trace:
  Server Component:
    ./app/settings/VenueForm.tsx
    ./app/settings/page.tsx @ http://localhost:3000/_next/static/chunks/node_modules_next_dist_0u_w_5s._.js:1945
[ 1130666ms] [ERROR] ./app/settings/VenueForm.tsx:108:6
Unterminated regexp literal
  106 |         </button>
  107 |       </form>
> 108 |     </section>
      |      ^^^^^^^^^
  109 |   );
  110 | }
  111 |

Parsing ecmascript source code failed

Import trace:
  Server Component:
    ./app/settings/VenueForm.tsx
    ./app/settings/page.tsx @ http://localhost:3000/_next/static/chunks/node_modules_next_dist_0u_w_5s._.js:1945
[ 1130740ms] [ERROR] ./app/settings/VenueForm.tsx:108:6
Unterminated regexp literal
  106 |         </button>
  107 |       </form>
> 108 |     </section>
      |      ^^^^^^^^^
  109 |   );
  110 | }
  111 |

Parsing ecmascript source code failed

Import trace:
  Server Component:
    ./app/settings/VenueForm.tsx
    ./app/settings/page.tsx @ http://localhost:3000/_next/static/chunks/node_modules_next_dist_0u_w_5s._.js:1945
[ 1130803ms] [ERROR] ./app/settings/VenueForm.tsx:108:6
Unterminated regexp literal
  106 |         </button>
  107 |       </form>
> 108 |     </section>
      |      ^^^^^^^^^
  109 |   );
  110 | }
  111 |

Parsing ecmascript source code failed

Import trace:
  Server Component:
    ./app/settings/VenueForm.tsx
    ./app/settings/page.tsx @ http://localhost:3000/_next/static/chunks/node_modules_next_dist_0u_w_5s._.js:1945
[ 1130881ms] [ERROR] ./app/settings/VenueForm.tsx:108:6
Unterminated regexp literal
  106 |         </button>
  107 |       </form>
> 108 |     </section>
      |      ^^^^^^^^^
  109 |   );
  110 | }
  111 |

Parsing ecmascript source code failed

Import trace:
  Server Component:
    ./app/settings/VenueForm.tsx
    ./app/settings/page.tsx @ http://localhost:3000/_next/static/chunks/node_modules_next_dist_0u_w_5s._.js:1945
[ 1130944ms] [ERROR] ./app/settings/VenueForm.tsx:108:6
Unterminated regexp literal
  106 |         </button>
  107 |       </form>
> 108 |     </section>
      |      ^^^^^^^^^
  109 |   );
  110 | }
  111 |

Parsing ecmascript source code failed

Import trace:
  Server Component:
    ./app/settings/VenueForm.tsx
    ./app/settings/page.tsx @ http://localhost:3000/_next/static/chunks/node_modules_next_dist_0u_w_5s._.js:1945
[ 1131007ms] [ERROR] ./app/settings/VenueForm.tsx:108:6
Unterminated regexp literal
  106 |         </button>
  107 |       </form>
> 108 |     </section>
      |      ^^^^^^^^^
  109 |   );
  110 | }
  111 |

Parsing ecmascript source code failed

Import trace:
  Server Component:
    ./app/settings/VenueForm.tsx
    ./app/settings/page.tsx @ http://localhost:3000/_next/static/chunks/node_modules_next_dist_0u_w_5s._.js:1945
[ 1131069ms] [ERROR] ./app/settings/VenueForm.tsx:108:6
Unterminated regexp literal
  106 |         </button>
  107 |       </form>
> 108 |     </section>
      |      ^^^^^^^^^
  109 |   );
  110 | }
  111 |

Parsing ecmascript source code failed

Import trace:
  Server Component:
    ./app/settings/VenueForm.tsx
    ./app/settings/page.tsx @ http://localhost:3000/_next/static/chunks/node_modules_next_dist_0u_w_5s._.js:1945
[ 1131132ms] [ERROR] ./app/settings/VenueForm.tsx:108:6
Unterminated regexp literal
  106 |         </button>
  107 |       </form>
> 108 |     </section>
      |      ^^^^^^^^^
  109 |   );
  110 | }
  111 |

Parsing ecmascript source code failed

Import trace:
  Server Component:
    ./app/settings/VenueForm.tsx
    ./app/settings/page.tsx @ http://localhost:3000/_next/static/chunks/node_modules_next_dist_0u_w_5s._.js:1945
[ 1131192ms] [ERROR] ./app/settings/VenueForm.tsx:108:6
Unterminated regexp literal
  106 |         </button>
  107 |       </form>
> 108 |     </section>
      |      ^^^^^^^^^
  109 |   );
  110 | }
  111 |

Parsing ecmascript source code failed

Import trace:
  Server Component:
    ./app/settings/VenueForm.tsx
    ./app/settings/page.tsx @ http://localhost:3000/_next/static/chunks/node_modules_next_dist_0u_w_5s._.js:1945
[ 1131273ms] [ERROR] ./app/settings/VenueForm.tsx:108:6
Unterminated regexp literal
  106 |         </button>
  107 |       </form>
> 108 |     </section>
      |      ^^^^^^^^^
  109 |   );
  110 | }
  111 |

Parsing ecmascript source code failed

Import trace:
  Server Component:
    ./app/settings/VenueForm.tsx
    ./app/settings/page.tsx @ http://localhost:3000/_next/static/chunks/node_modules_next_dist_0u_w_5s._.js:1945
[ 1131361ms] [ERROR] ./app/settings/VenueForm.tsx:108:6
Unterminated regexp literal
  106 |         </button>
  107 |       </form>
> 108 |     </section>
      |      ^^^^^^^^^
  109 |   );
  110 | }
  111 |

Parsing ecmascript source code failed

Import trace:
  Server Component:
    ./app/settings/VenueForm.tsx
    ./app/settings/page.tsx @ http://localhost:3000/_next/static/chunks/node_modules_next_dist_0u_w_5s._.js:1945
[ 1131382ms] [LOG] [Fast Refresh] rebuilding @ http://localhost:3000/_next/static/chunks/node_modules_next_dist_0u_w_5s._.js:1226
[ 1131420ms] [ERROR] ./app/settings/VenueForm.tsx:108:6
Unterminated regexp literal
  106 |         </button>
  107 |       </form>
> 108 |     </section>
      |      ^^^^^^^^^
  109 |   );
  110 | }
  111 |

Parsing ecmascript source code failed

Import trace:
  Server Component:
    ./app/settings/VenueForm.tsx
    ./app/settings/page.tsx @ http://localhost:3000/_next/static/chunks/node_modules_next_dist_0u_w_5s._.js:1945
[ 1131452ms] [LOG] [Fast Refresh] rebuilding @ http://localhost:3000/_next/static/chunks/node_modules_next_dist_0u_w_5s._.js:1226
[ 1131590ms] [LOG] [Fast Refresh] done in 69ms @ http://localhost:3000/_next/static/chunks/node_modules_next_dist_0u_w_5s._.js:1226
[ 1132039ms] [LOG] [Fast Refresh] rebuilding @ http://localhost:3000/_next/static/chunks/node_modules_next_dist_0u_w_5s._.js:1226
[ 1132478ms] [LOG] [Fast Refresh] done in 548ms @ http://localhost:3000/_next/static/chunks/node_modules_next_dist_0u_w_5s._.js:1226
[ 1133274ms] [INFO] %cDownload the React DevTools for a better development experience: https://react.dev/link/react-devtools font-weight:bold @ http://localhost:3000/_next/static/chunks/node_modules_next_dist_115brz8._.js:2477
[ 1133311ms] [LOG] [HMR] connected @ http://localhost:3000/_next/static/chunks/node_modules_next_dist_115brz8._.js:2477
[ 1139940ms] [LOG] [Fast Refresh] rebuilding @ http://localhost:3000/_next/static/chunks/node_modules_next_dist_115brz8._.js:2477
[ 1140006ms] [ERROR] ./app/settings/UnitsManager.tsx:202:6
Unterminated regexp literal
  200 |         )}
  201 |       </div>
> 202 |     </section>
      |      ^^^^^^^^^
  203 |   );
  204 | }
  205 |

Parsing ecmascript source code failed

Import trace:
  Server Component:
    ./app/settings/UnitsManager.tsx
    ./app/settings/page.tsx @ http://localhost:3000/_next/static/chunks/node_modules_next_dist_115brz8._.js:3318
[ 1140065ms] [ERROR] ./app/settings/UnitsManager.tsx:202:6
Unterminated regexp literal
  200 |         )}
  201 |       </div>
> 202 |     </section>
      |      ^^^^^^^^^
  203 |   );
  204 | }
  205 |

Parsing ecmascript source code failed

Import trace:
  Server Component:
    ./app/settings/UnitsManager.tsx
    ./app/settings/page.tsx @ http://localhost:3000/_next/static/chunks/node_modules_next_dist_115brz8._.js:3318
[ 1140127ms] [ERROR] ./app/settings/UnitsManager.tsx:202:6
Unterminated regexp literal
  200 |         )}
  201 |       </div>
> 202 |     </section>
      |      ^^^^^^^^^
  203 |   );
  204 | }
  205 |

Parsing ecmascript source code failed

Import trace:
  Server Component:
    ./app/settings/UnitsManager.tsx
    ./app/settings/page.tsx @ http://localhost:3000/_next/static/chunks/node_modules_next_dist_115brz8._.js:3318
[ 1140193ms] [ERROR] ./app/settings/UnitsManager.tsx:202:6
Unterminated regexp literal
  200 |         )}
  201 |       </div>
> 202 |     </section>
      |      ^^^^^^^^^
  203 |   );
  204 | }
  205 |

Parsing ecmascript source code failed

Import trace:
  Server Component:
    ./app/settings/UnitsManager.tsx
    ./app/settings/page.tsx @ http://localhost:3000/_next/static/chunks/node_modules_next_dist_115brz8._.js:3318
[ 1140231ms] [ERROR] Failed to load resource: the server responded with a status of 500 (Internal Server Error) @ http://localhost:3000/settings?_rsc=4AdqWRpmpZQXAEx-:0
[ 1140285ms] [ERROR] ./app/settings/UnitsManager.tsx:202:6
Unterminated regexp literal
  200 |         )}
  201 |       </div>
> 202 |     </section>
      |      ^^^^^^^^^
  203 |   );
  204 | }
  205 |

Parsing ecmascript source code failed

Import trace:
  Server Component:
    ./app/settings/UnitsManager.tsx
    ./app/settings/page.tsx @ http://localhost:3000/_next/static/chunks/node_modules_next_dist_115brz8._.js:3318
[ 1140294ms] [LOG] [Fast Refresh] rebuilding @ http://localhost:3000/_next/static/chunks/node_modules_next_dist_115brz8._.js:2477
[ 1140347ms] [ERROR] ./app/settings/UnitsManager.tsx:202:6
Unterminated regexp literal
  200 |         )}
  201 |       </div>
> 202 |     </section>
      |      ^^^^^^^^^
  203 |   );
  204 | }
  205 |

Parsing ecmascript source code failed

Import trace:
  Server Component:
    ./app/settings/UnitsManager.tsx
    ./app/settings/page.tsx @ http://localhost:3000/_next/static/chunks/node_modules_next_dist_115brz8._.js:3318
[ 1140385ms] [ERROR] Failed to load resource: the server responded with a status of 500 (Internal Server Error) @ http://localhost:3000/settings?_rsc=4AdqWRpmpZQXAEx-:0
[ 1140404ms] [ERROR] ./app/settings/UnitsManager.tsx:202:6
Unterminated regexp literal
  200 |         )}
  201 |       </div>
> 202 |     </section>
      |      ^^^^^^^^^
  203 |   );
  204 | }
  205 |

Parsing ecmascript source code failed

Import trace:
  Server Component:
    ./app/settings/UnitsManager.tsx
    ./app/settings/page.tsx @ http://localhost:3000/_next/static/chunks/node_modules_next_dist_115brz8._.js:3318
[ 1140455ms] [ERROR] Failed to load resource: the server responded with a status of 500 (Internal Server Error) @ http://localhost:3000/settings:0
[ 1140512ms] [INFO] %cDownload the React DevTools for a better development experience: https://react.dev/link/react-devtools font-weight:bold @ http://localhost:3000/_next/static/chunks/node_modules_react-dom_0bruynb._.js:15305
[ 1140516ms] Error: ./app/settings/UnitsManager.tsx:202:6
Unterminated regexp literal
  200 |         )}
  201 |       </div>
> 202 |     </section>
      |      ^^^^^^^^^
  203 |   );
  204 | }
  205 |

Parsing ecmascript source code failed

Import trace:
  Server Component:
    ./app/settings/UnitsManager.tsx
    ./app/settings/page.tsx


    at <unknown> (Error: ./app/settings/UnitsManager.tsx:202:6)
    at Object.getCompilationErrors (file://D:\קלוד קוד\פרויקט ניהול אירוח חכם\node_modules\next\dist\server\dev\hot-reloader-turbopack.js:1186:59)
    at DevBundlerService.getCompilationError (file://D:\קלוד קוד\פרויקט ניהול אירוח חכם\node_modules\next\dist\server\lib\dev-bundler-service.js:44:55)
    at DevServer.getCompilationError (file://D:\קלוד קוד\פרויקט ניהול אירוח חכם\node_modules\next\dist\server\dev\next-dev-server.js:720:42)
    at DevServer.findPageComponents (file://D:\קלוד קוד\פרויקט ניהול אירוח חכם\node_modules\next\dist\server\dev\next-dev-server.js:690:43)
    at async DevServer.renderErrorToResponseImpl (file://D:\קלוד קוד\פרויקט ניהול אירוח חכם\node_modules\next\dist\server\base-server.js:1753:26)
[ 1140529ms] [LOG] [HMR] connected @ http://localhost:3000/_next/static/chunks/node_modules_next_dist_0u_w_5s._.js:1226
[ 1140550ms] [ERROR] ./app/settings/UnitsManager.tsx:202:6
Unterminated regexp literal
  200 |         )}
  201 |       </div>
> 202 |     </section>
      |      ^^^^^^^^^
  203 |   );
  204 | }
  205 |

Parsing ecmascript source code failed

Import trace:
  Server Component:
    ./app/settings/UnitsManager.tsx
    ./app/settings/page.tsx @ http://localhost:3000/_next/static/chunks/node_modules_next_dist_0u_w_5s._.js:1945
[ 1140611ms] [ERROR] ./app/settings/UnitsManager.tsx:202:6
Unterminated regexp literal
  200 |         )}
  201 |       </div>
> 202 |     </section>
      |      ^^^^^^^^^
  203 |   );
  204 | }
  205 |

Parsing ecmascript source code failed

Import trace:
  Server Component:
    ./app/settings/UnitsManager.tsx
    ./app/settings/page.tsx @ http://localhost:3000/_next/static/chunks/node_modules_next_dist_0u_w_5s._.js:1945
[ 1140673ms] [ERROR] ./app/settings/UnitsManager.tsx:202:6
Unterminated regexp literal
  200 |         )}
  201 |       </div>
> 202 |     </section>
      |      ^^^^^^^^^
  203 |   );
  204 | }
  205 |

Parsing ecmascript source code failed

Import trace:
  Server Component:
    ./app/settings/UnitsManager.tsx
    ./app/settings/page.tsx @ http://localhost:3000/_next/static/chunks/node_modules_next_dist_0u_w_5s._.js:1945
[ 1140737ms] [ERROR] ./app/settings/UnitsManager.tsx:202:6
Unterminated regexp literal
  200 |         )}
  201 |       </div>
> 202 |     </section>
      |      ^^^^^^^^^
  203 |   );
  204 | }
  205 |

Parsing ecmascript source code failed

Import trace:
  Server Component:
    ./app/settings/UnitsManager.tsx
    ./app/settings/page.tsx @ http://localhost:3000/_next/static/chunks/node_modules_next_dist_0u_w_5s._.js:1945
[ 1140799ms] [ERROR] ./app/settings/UnitsManager.tsx:202:6
Unterminated regexp literal
  200 |         )}
  201 |       </div>
> 202 |     </section>
      |      ^^^^^^^^^
  203 |   );
  204 | }
  205 |

Parsing ecmascript source code failed

Import trace:
  Server Component:
    ./app/settings/UnitsManager.tsx
    ./app/settings/page.tsx @ http://localhost:3000/_next/static/chunks/node_modules_next_dist_0u_w_5s._.js:1945
[ 1140876ms] [ERROR] ./app/settings/UnitsManager.tsx:202:6
Unterminated regexp literal
  200 |         )}
  201 |       </div>
> 202 |     </section>
      |      ^^^^^^^^^
  203 |   );
  204 | }
  205 |

Parsing ecmascript source code failed

Import trace:
  Server Component:
    ./app/settings/UnitsManager.tsx
    ./app/settings/page.tsx @ http://localhost:3000/_next/static/chunks/node_modules_next_dist_0u_w_5s._.js:1945
[ 1140941ms] [ERROR] ./app/settings/UnitsManager.tsx:202:6
Unterminated regexp literal
  200 |         )}
  201 |       </div>
> 202 |     </section>
      |      ^^^^^^^^^
  203 |   );
  204 | }
  205 |

Parsing ecmascript source code failed

Import trace:
  Server Component:
    ./app/settings/UnitsManager.tsx
    ./app/settings/page.tsx @ http://localhost:3000/_next/static/chunks/node_modules_next_dist_0u_w_5s._.js:1945
[ 1141004ms] [ERROR] ./app/settings/UnitsManager.tsx:202:6
Unterminated regexp literal
  200 |         )}
  201 |       </div>
> 202 |     </section>
      |      ^^^^^^^^^
  203 |   );
  204 | }
  205 |

Parsing ecmascript source code failed

Import trace:
  Server Component:
    ./app/settings/UnitsManager.tsx
    ./app/settings/page.tsx @ http://localhost:3000/_next/static/chunks/node_modules_next_dist_0u_w_5s._.js:1945
[ 1141076ms] [ERROR] ./app/settings/UnitsManager.tsx:202:6
Unterminated regexp literal
  200 |         )}
  201 |       </div>
> 202 |     </section>
      |      ^^^^^^^^^
  203 |   );
  204 | }
  205 |

Parsing ecmascript source code failed

Import trace:
  Server Component:
    ./app/settings/UnitsManager.tsx
    ./app/settings/page.tsx @ http://localhost:3000/_next/static/chunks/node_modules_next_dist_0u_w_5s._.js:1945
[ 1141137ms] [ERROR] ./app/settings/UnitsManager.tsx:202:6
Unterminated regexp literal
  200 |         )}
  201 |       </div>
> 202 |     </section>
      |      ^^^^^^^^^
  203 |   );
  204 | }
  205 |

Parsing ecmascript source code failed

Import trace:
  Server Component:
    ./app/settings/UnitsManager.tsx
    ./app/settings/page.tsx @ http://localhost:3000/_next/static/chunks/node_modules_next_dist_0u_w_5s._.js:1945
[ 1141201ms] [ERROR] ./app/settings/UnitsManager.tsx:202:6
Unterminated regexp literal
  200 |         )}
  201 |       </div>
> 202 |     </section>
      |      ^^^^^^^^^
  203 |   );
  204 | }
  205 |

Parsing ecmascript source code failed

Import trace:
  Server Component:
    ./app/settings/UnitsManager.tsx
    ./app/settings/page.tsx @ http://localhost:3000/_next/static/chunks/node_modules_next_dist_0u_w_5s._.js:1945
[ 1141264ms] [ERROR] ./app/settings/UnitsManager.tsx:202:6
Unterminated regexp literal
  200 |         )}
  201 |       </div>
> 202 |     </section>
      |      ^^^^^^^^^
  203 |   );
  204 | }
  205 |

Parsing ecmascript source code failed

Import trace:
  Server Component:
    ./app/settings/UnitsManager.tsx
    ./app/settings/page.tsx @ http://localhost:3000/_next/static/chunks/node_modules_next_dist_0u_w_5s._.js:1945
[ 1141326ms] [ERROR] ./app/settings/UnitsManager.tsx:202:6
Unterminated regexp literal
  200 |         )}
  201 |       </div>
> 202 |     </section>
      |      ^^^^^^^^^
  203 |   );
  204 | }
  205 |

Parsing ecmascript source code failed

Import trace:
  Server Component:
    ./app/settings/UnitsManager.tsx
    ./app/settings/page.tsx @ http://localhost:3000/_next/static/chunks/node_modules_next_dist_0u_w_5s._.js:1945
[ 1141387ms] [ERROR] ./app/settings/UnitsManager.tsx:202:6
Unterminated regexp literal
  200 |         )}
  201 |       </div>
> 202 |     </section>
      |      ^^^^^^^^^
  203 |   );
  204 | }
  205 |

Parsing ecmascript source code failed

Import trace:
  Server Component:
    ./app/settings/UnitsManager.tsx
    ./app/settings/page.tsx @ http://localhost:3000/_next/static/chunks/node_modules_next_dist_0u_w_5s._.js:1945
[ 1141451ms] [ERROR] ./app/settings/UnitsManager.tsx:202:6
Unterminated regexp literal
  200 |         )}
  201 |       </div>
> 202 |     </section>
      |      ^^^^^^^^^
  203 |   );
  204 | }
  205 |

Parsing ecmascript source code failed

Import trace:
  Server Component:
    ./app/settings/UnitsManager.tsx
    ./app/settings/page.tsx @ http://localhost:3000/_next/static/chunks/node_modules_next_dist_0u_w_5s._.js:1945
[ 1141524ms] [ERROR] ./app/settings/UnitsManager.tsx:202:6
Unterminated regexp literal
  200 |         )}
  201 |       </div>
> 202 |     </section>
      |      ^^^^^^^^^
  203 |   );
  204 | }
  205 |

Parsing ecmascript source code failed

Import trace:
  Server Component:
    ./app/settings/UnitsManager.tsx
    ./app/settings/page.tsx @ http://localhost:3000/_next/static/chunks/node_modules_next_dist_0u_w_5s._.js:1945
[ 1141603ms] [ERROR] ./app/settings/UnitsManager.tsx:202:6
Unterminated regexp literal
  200 |         )}
  201 |       </div>
> 202 |     </section>
      |      ^^^^^^^^^
  203 |   );
  204 | }
  205 |

Parsing ecmascript source code failed

Import trace:
  Server Component:
    ./app/settings/UnitsManager.tsx
    ./app/settings/page.tsx @ http://localhost:3000/_next/static/chunks/node_modules_next_dist_0u_w_5s._.js:1945
[ 1141682ms] [ERROR] ./app/settings/UnitsManager.tsx:202:6
Unterminated regexp literal
  200 |         )}
  201 |       </div>
> 202 |     </section>
      |      ^^^^^^^^^
  203 |   );
  204 | }
  205 |

Parsing ecmascript source code failed

Import trace:
  Server Component:
    ./app/settings/UnitsManager.tsx
    ./app/settings/page.tsx @ http://localhost:3000/_next/static/chunks/node_modules_next_dist_0u_w_5s._.js:1945
[ 1141760ms] [ERROR] ./app/settings/UnitsManager.tsx:202:6
Unterminated regexp literal
  200 |         )}
  201 |       </div>
> 202 |     </section>
      |      ^^^^^^^^^
  203 |   );
  204 | }
  205 |

Parsing ecmascript source code failed

Import trace:
  Server Component:
    ./app/settings/UnitsManager.tsx
    ./app/settings/page.tsx @ http://localhost:3000/_next/static/chunks/node_modules_next_dist_0u_w_5s._.js:1945
[ 1141837ms] [ERROR] ./app/settings/UnitsManager.tsx:202:6
Unterminated regexp literal
  200 |         )}
  201 |       </div>
> 202 |     </section>
      |      ^^^^^^^^^
  203 |   );
  204 | }
  205 |

Parsing ecmascript source code failed

Import trace:
  Server Component:
    ./app/settings/UnitsManager.tsx
    ./app/settings/page.tsx @ http://localhost:3000/_next/static/chunks/node_modules_next_dist_0u_w_5s._.js:1945
[ 1141914ms] [ERROR] ./app/settings/UnitsManager.tsx:202:6
Unterminated regexp literal
  200 |         )}
  201 |       </div>
> 202 |     </section>
      |      ^^^^^^^^^
  203 |   );
  204 | }
  205 |

Parsing ecmascript source code failed

Import trace:
  Server Component:
    ./app/settings/UnitsManager.tsx
    ./app/settings/page.tsx @ http://localhost:3000/_next/static/chunks/node_modules_next_dist_0u_w_5s._.js:1945
[ 1141992ms] [ERROR] ./app/settings/UnitsManager.tsx:202:6
Unterminated regexp literal
  200 |         )}
  201 |       </div>
> 202 |     </section>
      |      ^^^^^^^^^
  203 |   );
  204 | }
  205 |

Parsing ecmascript source code failed

Import trace:
  Server Component:
    ./app/settings/UnitsManager.tsx
    ./app/settings/page.tsx @ http://localhost:3000/_next/static/chunks/node_modules_next_dist_0u_w_5s._.js:1945
[ 1142070ms] [ERROR] ./app/settings/UnitsManager.tsx:202:6
Unterminated regexp literal
  200 |         )}
  201 |       </div>
> 202 |     </section>
      |      ^^^^^^^^^
  203 |   );
  204 | }
  205 |

Parsing ecmascript source code failed

Import trace:
  Server Component:
    ./app/settings/UnitsManager.tsx
    ./app/settings/page.tsx @ http://localhost:3000/_next/static/chunks/node_modules_next_dist_0u_w_5s._.js:1945
[ 1142148ms] [ERROR] ./app/settings/UnitsManager.tsx:202:6
Unterminated regexp literal
  200 |         )}
  201 |       </div>
> 202 |     </section>
      |      ^^^^^^^^^
  203 |   );
  204 | }
  205 |

Parsing ecmascript source code failed

Import trace:
  Server Component:
    ./app/settings/UnitsManager.tsx
    ./app/settings/page.tsx @ http://localhost:3000/_next/static/chunks/node_modules_next_dist_0u_w_5s._.js:1945
[ 1142226ms] [ERROR] ./app/settings/UnitsManager.tsx:202:6
Unterminated regexp literal
  200 |         )}
  201 |       </div>
> 202 |     </section>
      |      ^^^^^^^^^
  203 |   );
  204 | }
  205 |

Parsing ecmascript source code failed

Import trace:
  Server Component:
    ./app/settings/UnitsManager.tsx
    ./app/settings/page.tsx @ http://localhost:3000/_next/static/chunks/node_modules_next_dist_0u_w_5s._.js:1945
[ 1142289ms] [ERROR] ./app/settings/UnitsManager.tsx:202:6
Unterminated regexp literal
  200 |         )}
  201 |       </div>
> 202 |     </section>
      |      ^^^^^^^^^
  203 |   );
  204 | }
  205 |

Parsing ecmascript source code failed

Import trace:
  Server Component:
    ./app/settings/UnitsManager.tsx
    ./app/settings/page.tsx @ http://localhost:3000/_next/static/chunks/node_modules_next_dist_0u_w_5s._.js:1945
[ 1142351ms] [ERROR] ./app/settings/UnitsManager.tsx:202:6
Unterminated regexp literal
  200 |         )}
  201 |       </div>
> 202 |     </section>
      |      ^^^^^^^^^
  203 |   );
  204 | }
  205 |

Parsing ecmascript source code failed

Import trace:
  Server Component:
    ./app/settings/UnitsManager.tsx
    ./app/settings/page.tsx @ http://localhost:3000/_next/static/chunks/node_modules_next_dist_0u_w_5s._.js:1945
[ 1142414ms] [ERROR] ./app/settings/UnitsManager.tsx:202:6
Unterminated regexp literal
  200 |         )}
  201 |       </div>
> 202 |     </section>
      |      ^^^^^^^^^
  203 |   );
  204 | }
  205 |

Parsing ecmascript source code failed

Import trace:
  Server Component:
    ./app/settings/UnitsManager.tsx
    ./app/settings/page.tsx @ http://localhost:3000/_next/static/chunks/node_modules_next_dist_0u_w_5s._.js:1945
[ 1142491ms] [ERROR] ./app/settings/UnitsManager.tsx:202:6
Unterminated regexp literal
  200 |         )}
  201 |       </div>
> 202 |     </section>
      |      ^^^^^^^^^
  203 |   );
  204 | }
  205 |

Parsing ecmascript source code failed

Import trace:
  Server Component:
    ./app/settings/UnitsManager.tsx
    ./app/settings/page.tsx @ http://localhost:3000/_next/static/chunks/node_modules_next_dist_0u_w_5s._.js:1945
[ 1142544ms] [LOG] [Fast Refresh] rebuilding @ http://localhost:3000/_next/static/chunks/node_modules_next_dist_0u_w_5s._.js:1226
[ 1142659ms] [ERROR] ./app/settings/UnitsManager.tsx:202:6
Unterminated regexp literal
  200 |         )}
  201 |       </div>
> 202 |     </section>
      |      ^^^^^^^^^
  203 |   );
  204 | }
  205 |

Parsing ecmascript source code failed

Import trace:
  Server Component:
    ./app/settings/UnitsManager.tsx
    ./app/settings/page.tsx @ http://localhost:3000/_next/static/chunks/node_modules_next_dist_0u_w_5s._.js:1945
[ 1142723ms] [ERROR] ./app/settings/UnitsManager.tsx:202:6
Unterminated regexp literal
  200 |         )}
  201 |       </div>
> 202 |     </section>
      |      ^^^^^^^^^
  203 |   );
  204 | }
  205 |

Parsing ecmascript source code failed

Import trace:
  Server Component:
    ./app/settings/UnitsManager.tsx
    ./app/settings/page.tsx @ http://localhost:3000/_next/static/chunks/node_modules_next_dist_0u_w_5s._.js:1945
[ 1142786ms] [ERROR] ./app/settings/UnitsManager.tsx:202:6
Unterminated regexp literal
  200 |         )}
  201 |       </div>
> 202 |     </section>
      |      ^^^^^^^^^
  203 |   );
  204 | }
  205 |

Parsing ecmascript source code failed

Import trace:
  Server Component:
    ./app/settings/UnitsManager.tsx
    ./app/settings/page.tsx @ http://localhost:3000/_next/static/chunks/node_modules_next_dist_0u_w_5s._.js:1945
[ 1142849ms] [ERROR] ./app/settings/UnitsManager.tsx:202:6
Unterminated regexp literal
  200 |         )}
  201 |       </div>
> 202 |     </section>
      |      ^^^^^^^^^
  203 |   );
  204 | }
  205 |

Parsing ecmascript source code failed

Import trace:
  Server Component:
    ./app/settings/UnitsManager.tsx
    ./app/settings/page.tsx @ http://localhost:3000/_next/static/chunks/node_modules_next_dist_0u_w_5s._.js:1945
[ 1142928ms] [ERROR] ./app/settings/UnitsManager.tsx:202:6
Unterminated regexp literal
  200 |         )}
  201 |       </div>
> 202 |     </section>
      |      ^^^^^^^^^
  203 |   );
  204 | }
  205 |

Parsing ecmascript source code failed

Import trace:
  Server Component:
    ./app/settings/UnitsManager.tsx
    ./app/settings/page.tsx @ http://localhost:3000/_next/static/chunks/node_modules_next_dist_0u_w_5s._.js:1945
[ 1143006ms] [ERROR] ./app/settings/UnitsManager.tsx:202:6
Unterminated regexp literal
  200 |         )}
  201 |       </div>
> 202 |     </section>
      |      ^^^^^^^^^
  203 |   );
  204 | }
  205 |

Parsing ecmascript source code failed

Import trace:
  Server Component:
    ./app/settings/UnitsManager.tsx
    ./app/settings/page.tsx @ http://localhost:3000/_next/static/chunks/node_modules_next_dist_0u_w_5s._.js:1945
[ 1143085ms] [ERROR] ./app/settings/UnitsManager.tsx:202:6
Unterminated regexp literal
  200 |         )}
  201 |       </div>
> 202 |     </section>
      |      ^^^^^^^^^
  203 |   );
  204 | }
  205 |

Parsing ecmascript source code failed

Import trace:
  Server Component:
    ./app/settings/UnitsManager.tsx
    ./app/settings/page.tsx @ http://localhost:3000/_next/static/chunks/node_modules_next_dist_0u_w_5s._.js:1945
[ 1143162ms] [ERROR] ./app/settings/UnitsManager.tsx:202:6
Unterminated regexp literal
  200 |         )}
  201 |       </div>
> 202 |     </section>
      |      ^^^^^^^^^
  203 |   );
  204 | }
  205 |

Parsing ecmascript source code failed

Import trace:
  Server Component:
    ./app/settings/UnitsManager.tsx
    ./app/settings/page.tsx @ http://localhost:3000/_next/static/chunks/node_modules_next_dist_0u_w_5s._.js:1945
[ 1143224ms] [ERROR] ./app/settings/UnitsManager.tsx:202:6
Unterminated regexp literal
  200 |         )}
  201 |       </div>
> 202 |     </section>
      |      ^^^^^^^^^
  203 |   );
  204 | }
  205 |

Parsing ecmascript source code failed

Import trace:
  Server Component:
    ./app/settings/UnitsManager.tsx
    ./app/settings/page.tsx @ http://localhost:3000/_next/static/chunks/node_modules_next_dist_0u_w_5s._.js:1945
[ 1143301ms] [ERROR] ./app/settings/UnitsManager.tsx:202:6
Unterminated regexp literal
  200 |         )}
  201 |       </div>
> 202 |     </section>
      |      ^^^^^^^^^
  203 |   );
  204 | }
  205 |

Parsing ecmascript source code failed

Import trace:
  Server Component:
    ./app/settings/UnitsManager.tsx
    ./app/settings/page.tsx @ http://localhost:3000/_next/static/chunks/node_modules_next_dist_0u_w_5s._.js:1945
[ 1143375ms] [ERROR] ./app/settings/UnitsManager.tsx:202:6
Unterminated regexp literal
  200 |         )}
  201 |       </div>
> 202 |     </section>
      |      ^^^^^^^^^
  203 |   );
  204 | }
  205 |

Parsing ecmascript source code failed

Import trace:
  Server Component:
    ./app/settings/UnitsManager.tsx
    ./app/settings/page.tsx @ http://localhost:3000/_next/static/chunks/node_modules_next_dist_0u_w_5s._.js:1945
[ 1143438ms] [ERROR] ./app/settings/UnitsManager.tsx:202:6
Unterminated regexp literal
  200 |         )}
  201 |       </div>
> 202 |     </section>
      |      ^^^^^^^^^
  203 |   );
  204 | }
  205 |

Parsing ecmascript source code failed

Import trace:
  Server Component:
    ./app/settings/UnitsManager.tsx
    ./app/settings/page.tsx @ http://localhost:3000/_next/static/chunks/node_modules_next_dist_0u_w_5s._.js:1945
[ 1143509ms] [ERROR] ./app/settings/UnitsManager.tsx:202:6
Unterminated regexp literal
  200 |         )}
  201 |       </div>
> 202 |     </section>
      |      ^^^^^^^^^
  203 |   );
  204 | }
  205 |

Parsing ecmascript source code failed

Import trace:
  Server Component:
    ./app/settings/UnitsManager.tsx
    ./app/settings/page.tsx @ http://localhost:3000/_next/static/chunks/node_modules_next_dist_0u_w_5s._.js:1945
[ 1143588ms] [ERROR] ./app/settings/UnitsManager.tsx:202:6
Unterminated regexp literal
  200 |         )}
  201 |       </div>
> 202 |     </section>
      |      ^^^^^^^^^
  203 |   );
  204 | }
  205 |

Parsing ecmascript source code failed

Import trace:
  Server Component:
    ./app/settings/UnitsManager.tsx
    ./app/settings/page.tsx @ http://localhost:3000/_next/static/chunks/node_modules_next_dist_0u_w_5s._.js:1945
[ 1143665ms] [ERROR] ./app/settings/UnitsManager.tsx:202:6
Unterminated regexp literal
  200 |         )}
  201 |       </div>
> 202 |     </section>
      |      ^^^^^^^^^
  203 |   );
  204 | }
  205 |

Parsing ecmascript source code failed

Import trace:
  Server Component:
    ./app/settings/UnitsManager.tsx
    ./app/settings/page.tsx @ http://localhost:3000/_next/static/chunks/node_modules_next_dist_0u_w_5s._.js:1945
[ 1143723ms] [ERROR] ./app/settings/UnitsManager.tsx:202:6
Unterminated regexp literal
  200 |         )}
  201 |       </div>
> 202 |     </section>
      |      ^^^^^^^^^
  203 |   );
  204 | }
  205 |

Parsing ecmascript source code failed

Import trace:
  Server Component:
    ./app/settings/UnitsManager.tsx
    ./app/settings/page.tsx @ http://localhost:3000/_next/static/chunks/node_modules_next_dist_0u_w_5s._.js:1945
[ 1143810ms] [ERROR] ./app/settings/UnitsManager.tsx:202:6
Unterminated regexp literal
  200 |         )}
  201 |       </div>
> 202 |     </section>
      |      ^^^^^^^^^
  203 |   );
  204 | }
  205 |

Parsing ecmascript source code failed

Import trace:
  Server Component:
    ./app/settings/UnitsManager.tsx
    ./app/settings/page.tsx @ http://localhost:3000/_next/static/chunks/node_modules_next_dist_0u_w_5s._.js:1945
[ 1143891ms] [ERROR] ./app/settings/UnitsManager.tsx:202:6
Unterminated regexp literal
  200 |         )}
  201 |       </div>
> 202 |     </section>
      |      ^^^^^^^^^
  203 |   );
  204 | }
  205 |

Parsing ecmascript source code failed

Import trace:
  Server Component:
    ./app/settings/UnitsManager.tsx
    ./app/settings/page.tsx @ http://localhost:3000/_next/static/chunks/node_modules_next_dist_0u_w_5s._.js:1945
[ 1143959ms] [ERROR] ./app/settings/UnitsManager.tsx:202:6
Unterminated regexp literal
  200 |         )}
  201 |       </div>
> 202 |     </section>
      |      ^^^^^^^^^
  203 |   );
  204 | }
  205 |

Parsing ecmascript source code failed

Import trace:
  Server Component:
    ./app/settings/UnitsManager.tsx
    ./app/settings/page.tsx @ http://localhost:3000/_next/static/chunks/node_modules_next_dist_0u_w_5s._.js:1945
[ 1144042ms] [ERROR] ./app/settings/UnitsManager.tsx:202:6
Unterminated regexp literal
  200 |         )}
  201 |       </div>
> 202 |     </section>
      |      ^^^^^^^^^
  203 |   );
  204 | }
  205 |

Parsing ecmascript source code failed

Import trace:
  Server Component:
    ./app/settings/UnitsManager.tsx
    ./app/settings/page.tsx @ http://localhost:3000/_next/static/chunks/node_modules_next_dist_0u_w_5s._.js:1945
[ 1144105ms] [ERROR] ./app/settings/UnitsManager.tsx:202:6
Unterminated regexp literal
  200 |         )}
  201 |       </div>
> 202 |     </section>
      |      ^^^^^^^^^
  203 |   );
  204 | }
  205 |

Parsing ecmascript source code failed

Import trace:
  Server Component:
    ./app/settings/UnitsManager.tsx
    ./app/settings/page.tsx @ http://localhost:3000/_next/static/chunks/node_modules_next_dist_0u_w_5s._.js:1945
[ 1144167ms] [ERROR] ./app/settings/UnitsManager.tsx:202:6
Unterminated regexp literal
  200 |         )}
  201 |       </div>
> 202 |     </section>
      |      ^^^^^^^^^
  203 |   );
  204 | }
  205 |

Parsing ecmascript source code failed

Import trace:
  Server Component:
    ./app/settings/UnitsManager.tsx
    ./app/settings/page.tsx @ http://localhost:3000/_next/static/chunks/node_modules_next_dist_0u_w_5s._.js:1945
[ 1144245ms] [ERROR] ./app/settings/UnitsManager.tsx:202:6
Unterminated regexp literal
  200 |         )}
  201 |       </div>
> 202 |     </section>
      |      ^^^^^^^^^
  203 |   );
  204 | }
  205 |

Parsing ecmascript source code failed

Import trace:
  Server Component:
    ./app/settings/UnitsManager.tsx
    ./app/settings/page.tsx @ http://localhost:3000/_next/static/chunks/node_modules_next_dist_0u_w_5s._.js:1945
[ 1144325ms] [ERROR] ./app/settings/UnitsManager.tsx:202:6
Unterminated regexp literal
  200 |         )}
  201 |       </div>
> 202 |     </section>
      |      ^^^^^^^^^
  203 |   );
  204 | }
  205 |

Parsing ecmascript source code failed

Import trace:
  Server Component:
    ./app/settings/UnitsManager.tsx
    ./app/settings/page.tsx @ http://localhost:3000/_next/static/chunks/node_modules_next_dist_0u_w_5s._.js:1945
[ 1144387ms] [ERROR] ./app/settings/UnitsManager.tsx:202:6
Unterminated regexp literal
  200 |         )}
  201 |       </div>
> 202 |     </section>
      |      ^^^^^^^^^
  203 |   );
  204 | }
  205 |

Parsing ecmascript source code failed

Import trace:
  Server Component:
    ./app/settings/UnitsManager.tsx
    ./app/settings/page.tsx @ http://localhost:3000/_next/static/chunks/node_modules_next_dist_0u_w_5s._.js:1945
[ 1144456ms] [ERROR] ./app/settings/UnitsManager.tsx:202:6
Unterminated regexp literal
  200 |         )}
  201 |       </div>
> 202 |     </section>
      |      ^^^^^^^^^
  203 |   );
  204 | }
  205 |

Parsing ecmascript source code failed

Import trace:
  Server Component:
    ./app/settings/UnitsManager.tsx
    ./app/settings/page.tsx @ http://localhost:3000/_next/static/chunks/node_modules_next_dist_0u_w_5s._.js:1945
[ 1144519ms] [ERROR] ./app/settings/UnitsManager.tsx:202:6
Unterminated regexp literal
  200 |         )}
  201 |       </div>
> 202 |     </section>
      |      ^^^^^^^^^
  203 |   );
  204 | }
  205 |

Parsing ecmascript source code failed

Import trace:
  Server Component:
    ./app/settings/UnitsManager.tsx
    ./app/settings/page.tsx @ http://localhost:3000/_next/static/chunks/node_modules_next_dist_0u_w_5s._.js:1945
[ 1144590ms] [ERROR] ./app/settings/UnitsManager.tsx:202:6
Unterminated regexp literal
  200 |         )}
  201 |       </div>
> 202 |     </section>
      |      ^^^^^^^^^
  203 |   );
  204 | }
  205 |

Parsing ecmascript source code failed

Import trace:
  Server Component:
    ./app/settings/UnitsManager.tsx
    ./app/settings/page.tsx @ http://localhost:3000/_next/static/chunks/node_modules_next_dist_0u_w_5s._.js:1945
[ 1144658ms] [ERROR] ./app/settings/UnitsManager.tsx:202:6
Unterminated regexp literal
  200 |         )}
  201 |       </div>
> 202 |     </section>
      |      ^^^^^^^^^
  203 |   );
  204 | }
  205 |

Parsing ecmascript source code failed

Import trace:
  Server Component:
    ./app/settings/UnitsManager.tsx
    ./app/settings/page.tsx @ http://localhost:3000/_next/static/chunks/node_modules_next_dist_0u_w_5s._.js:1945
[ 1144720ms] [ERROR] ./app/settings/UnitsManager.tsx:202:6
Unterminated regexp literal
  200 |         )}
  201 |       </div>
> 202 |     </section>
      |      ^^^^^^^^^
  203 |   );
  204 | }
  205 |

Parsing ecmascript source code failed

Import trace:
  Server Component:
    ./app/settings/UnitsManager.tsx
    ./app/settings/page.tsx @ http://localhost:3000/_next/static/chunks/node_modules_next_dist_0u_w_5s._.js:1945
[ 1144797ms] [ERROR] ./app/settings/UnitsManager.tsx:202:6
Unterminated regexp literal
  200 |         )}
  201 |       </div>
> 202 |     </section>
      |      ^^^^^^^^^
  203 |   );
  204 | }
  205 |

Parsing ecmascript source code failed

Import trace:
  Server Component:
    ./app/settings/UnitsManager.tsx
    ./app/settings/page.tsx @ http://localhost:3000/_next/static/chunks/node_modules_next_dist_0u_w_5s._.js:1945
[ 1144860ms] [ERROR] ./app/settings/UnitsManager.tsx:202:6
Unterminated regexp literal
  200 |         )}
  201 |       </div>
> 202 |     </section>
      |      ^^^^^^^^^
  203 |   );
  204 | }
  205 |

Parsing ecmascript source code failed

Import trace:
  Server Component:
    ./app/settings/UnitsManager.tsx
    ./app/settings/page.tsx @ http://localhost:3000/_next/static/chunks/node_modules_next_dist_0u_w_5s._.js:1945
[ 1144923ms] [ERROR] ./app/settings/UnitsManager.tsx:202:6
Unterminated regexp literal
  200 |         )}
  201 |       </div>
> 202 |     </section>
      |      ^^^^^^^^^
  203 |   );
  204 | }
  205 |

Parsing ecmascript source code failed

Import trace:
  Server Component:
    ./app/settings/UnitsManager.tsx
    ./app/settings/page.tsx @ http://localhost:3000/_next/static/chunks/node_modules_next_dist_0u_w_5s._.js:1945
[ 1144986ms] [ERROR] ./app/settings/UnitsManager.tsx:202:6
Unterminated regexp literal
  200 |         )}
  201 |       </div>
> 202 |     </section>
      |      ^^^^^^^^^
  203 |   );
  204 | }
  205 |

Parsing ecmascript source code failed

Import trace:
  Server Component:
    ./app/settings/UnitsManager.tsx
    ./app/settings/page.tsx @ http://localhost:3000/_next/static/chunks/node_modules_next_dist_0u_w_5s._.js:1945
[ 1145049ms] [ERROR] ./app/settings/UnitsManager.tsx:202:6
Unterminated regexp literal
  200 |         )}
  201 |       </div>
> 202 |     </section>
      |      ^^^^^^^^^
  203 |   );
  204 | }
  205 |

Parsing ecmascript source code failed

Import trace:
  Server Component:
    ./app/settings/UnitsManager.tsx
    ./app/settings/page.tsx @ http://localhost:3000/_next/static/chunks/node_modules_next_dist_0u_w_5s._.js:1945
[ 1145110ms] [ERROR] ./app/settings/UnitsManager.tsx:202:6
Unterminated regexp literal
  200 |         )}
  201 |       </div>
> 202 |     </section>
      |      ^^^^^^^^^
  203 |   );
  204 | }
  205 |

Parsing ecmascript source code failed

Import trace:
  Server Component:
    ./app/settings/UnitsManager.tsx
    ./app/settings/page.tsx @ http://localhost:3000/_next/static/chunks/node_modules_next_dist_0u_w_5s._.js:1945
[ 1145173ms] [ERROR] ./app/settings/UnitsManager.tsx:202:6
Unterminated regexp literal
  200 |         )}
  201 |       </div>
> 202 |     </section>
      |      ^^^^^^^^^
  203 |   );
  204 | }
  205 |

Parsing ecmascript source code failed

Import trace:
  Server Component:
    ./app/settings/UnitsManager.tsx
    ./app/settings/page.tsx @ http://localhost:3000/_next/static/chunks/node_modules_next_dist_0u_w_5s._.js:1945
[ 1145238ms] [ERROR] ./app/settings/UnitsManager.tsx:202:6
Unterminated regexp literal
  200 |         )}
  201 |       </div>
> 202 |     </section>
      |      ^^^^^^^^^
  203 |   );
  204 | }
  205 |

Parsing ecmascript source code failed

Import trace:
  Server Component:
    ./app/settings/UnitsManager.tsx
    ./app/settings/page.tsx @ http://localhost:3000/_next/static/chunks/node_modules_next_dist_0u_w_5s._.js:1945
[ 1145318ms] [ERROR] ./app/settings/UnitsManager.tsx:202:6
Unterminated regexp literal
  200 |         )}
  201 |       </div>
> 202 |     </section>
      |      ^^^^^^^^^
  203 |   );
  204 | }
  205 |

Parsing ecmascript source code failed

Import trace:
  Server Component:
    ./app/settings/UnitsManager.tsx
    ./app/settings/page.tsx @ http://localhost:3000/_next/static/chunks/node_modules_next_dist_0u_w_5s._.js:1945
[ 1145395ms] [ERROR] ./app/settings/UnitsManager.tsx:202:6
Unterminated regexp literal
  200 |         )}
  201 |       </div>
> 202 |     </section>
      |      ^^^^^^^^^
  203 |   );
  204 | }
  205 |

Parsing ecmascript source code failed

Import trace:
  Server Component:
    ./app/settings/UnitsManager.tsx
    ./app/settings/page.tsx @ http://localhost:3000/_next/static/chunks/node_modules_next_dist_0u_w_5s._.js:1945
[ 1145459ms] [ERROR] ./app/settings/UnitsManager.tsx:202:6
Unterminated regexp literal
  200 |         )}
  201 |       </div>
> 202 |     </section>
      |      ^^^^^^^^^
  203 |   );
  204 | }
  205 |

Parsing ecmascript source code failed

Import trace:
  Server Component:
    ./app/settings/UnitsManager.tsx
    ./app/settings/page.tsx @ http://localhost:3000/_next/static/chunks/node_modules_next_dist_0u_w_5s._.js:1945
[ 1145539ms] [ERROR] ./app/settings/UnitsManager.tsx:202:6
Unterminated regexp literal
  200 |         )}
  201 |       </div>
> 202 |     </section>
      |      ^^^^^^^^^
  203 |   );
  204 | }
  205 |

Parsing ecmascript source code failed

Import trace:
  Server Component:
    ./app/settings/UnitsManager.tsx
    ./app/settings/page.tsx @ http://localhost:3000/_next/static/chunks/node_modules_next_dist_0u_w_5s._.js:1945
[ 1145618ms] [ERROR] ./app/settings/UnitsManager.tsx:202:6
Unterminated regexp literal
  200 |         )}
  201 |       </div>
> 202 |     </section>
      |      ^^^^^^^^^
  203 |   );
  204 | }
  205 |

Parsing ecmascript source code failed

Import trace:
  Server Component:
    ./app/settings/UnitsManager.tsx
    ./app/settings/page.tsx @ http://localhost:3000/_next/static/chunks/node_modules_next_dist_0u_w_5s._.js:1945
[ 1145696ms] [ERROR] ./app/settings/UnitsManager.tsx:202:6
Unterminated regexp literal
  200 |         )}
  201 |       </div>
> 202 |     </section>
      |      ^^^^^^^^^
  203 |   );
  204 | }
  205 |

Parsing ecmascript source code failed

Import trace:
  Server Component:
    ./app/settings/UnitsManager.tsx
    ./app/settings/page.tsx @ http://localhost:3000/_next/static/chunks/node_modules_next_dist_0u_w_5s._.js:1945
[ 1145774ms] [ERROR] ./app/settings/UnitsManager.tsx:202:6
Unterminated regexp literal
  200 |         )}
  201 |       </div>
> 202 |     </section>
      |      ^^^^^^^^^
  203 |   );
  204 | }
  205 |

Parsing ecmascript source code failed

Import trace:
  Server Component:
    ./app/settings/UnitsManager.tsx
    ./app/settings/page.tsx @ http://localhost:3000/_next/static/chunks/node_modules_next_dist_0u_w_5s._.js:1945
[ 1145852ms] [ERROR] ./app/settings/UnitsManager.tsx:202:6
Unterminated regexp literal
  200 |         )}
  201 |       </div>
> 202 |     </section>
      |      ^^^^^^^^^
  203 |   );
  204 | }
  205 |

Parsing ecmascript source code failed

Import trace:
  Server Component:
    ./app/settings/UnitsManager.tsx
    ./app/settings/page.tsx @ http://localhost:3000/_next/static/chunks/node_modules_next_dist_0u_w_5s._.js:1945
[ 1145924ms] [ERROR] ./app/settings/UnitsManager.tsx:202:6
Unterminated regexp literal
  200 |         )}
  201 |       </div>
> 202 |     </section>
      |      ^^^^^^^^^
  203 |   );
  204 | }
  205 |

Parsing ecmascript source code failed

Import trace:
  Server Component:
    ./app/settings/UnitsManager.tsx
    ./app/settings/page.tsx @ http://localhost:3000/_next/static/chunks/node_modules_next_dist_0u_w_5s._.js:1945
[ 1146001ms] [ERROR] ./app/settings/UnitsManager.tsx:202:6
Unterminated regexp literal
  200 |         )}
  201 |       </div>
> 202 |     </section>
      |      ^^^^^^^^^
  203 |   );
  204 | }
  205 |

Parsing ecmascript source code failed

Import trace:
  Server Component:
    ./app/settings/UnitsManager.tsx
    ./app/settings/page.tsx @ http://localhost:3000/_next/static/chunks/node_modules_next_dist_0u_w_5s._.js:1945
[ 1146075ms] [ERROR] ./app/settings/UnitsManager.tsx:202:6
Unterminated regexp literal
  200 |         )}
  201 |       </div>
> 202 |     </section>
      |      ^^^^^^^^^
  203 |   );
  204 | }
  205 |

Parsing ecmascript source code failed

Import trace:
  Server Component:
    ./app/settings/UnitsManager.tsx
    ./app/settings/page.tsx @ http://localhost:3000/_next/static/chunks/node_modules_next_dist_0u_w_5s._.js:1945
[ 1146161ms] [ERROR] ./app/settings/UnitsManager.tsx:202:6
Unterminated regexp literal
  200 |         )}
  201 |       </div>
> 202 |     </section>
      |      ^^^^^^^^^
  203 |   );
  204 | }
  205 |

Parsing ecmascript source code failed

Import trace:
  Server Component:
    ./app/settings/UnitsManager.tsx
    ./app/settings/page.tsx @ http://localhost:3000/_next/static/chunks/node_modules_next_dist_0u_w_5s._.js:1945
[ 1146244ms] [ERROR] ./app/settings/UnitsManager.tsx:202:6
Unterminated regexp literal
  200 |         )}
  201 |       </div>
> 202 |     </section>
      |      ^^^^^^^^^
  203 |   );
  204 | }
  205 |

Parsing ecmascript source code failed

Import trace:
  Server Component:
    ./app/settings/UnitsManager.tsx
    ./app/settings/page.tsx @ http://localhost:3000/_next/static/chunks/node_modules_next_dist_0u_w_5s._.js:1945
[ 1146323ms] [ERROR] ./app/settings/UnitsManager.tsx:202:6
Unterminated regexp literal
  200 |         )}
  201 |       </div>
> 202 |     </section>
      |      ^^^^^^^^^
  203 |   );
  204 | }
  205 |

Parsing ecmascript source code failed

Import trace:
  Server Component:
    ./app/settings/UnitsManager.tsx
    ./app/settings/page.tsx @ http://localhost:3000/_next/static/chunks/node_modules_next_dist_0u_w_5s._.js:1945
[ 1146400ms] [ERROR] ./app/settings/UnitsManager.tsx:202:6
Unterminated regexp literal
  200 |         )}
  201 |       </div>
> 202 |     </section>
      |      ^^^^^^^^^
  203 |   );
  204 | }
  205 |

Parsing ecmascript source code failed

Import trace:
  Server Component:
    ./app/settings/UnitsManager.tsx
    ./app/settings/page.tsx @ http://localhost:3000/_next/static/chunks/node_modules_next_dist_0u_w_5s._.js:1945
[ 1146478ms] [ERROR] ./app/settings/UnitsManager.tsx:202:6
Unterminated regexp literal
  200 |         )}
  201 |       </div>
> 202 |     </section>
      |      ^^^^^^^^^
  203 |   );
  204 | }
  205 |

Parsing ecmascript source code failed

Import trace:
  Server Component:
    ./app/settings/UnitsManager.tsx
    ./app/settings/page.tsx @ http://localhost:3000/_next/static/chunks/node_modules_next_dist_0u_w_5s._.js:1945
[ 1146543ms] [ERROR] ./app/settings/UnitsManager.tsx:202:6
Unterminated regexp literal
  200 |         )}
  201 |       </div>
> 202 |     </section>
      |      ^^^^^^^^^
  203 |   );
  204 | }
  205 |

Parsing ecmascript source code failed

Import trace:
  Server Component:
    ./app/settings/UnitsManager.tsx
    ./app/settings/page.tsx @ http://localhost:3000/_next/static/chunks/node_modules_next_dist_0u_w_5s._.js:1945
[ 1146622ms] [ERROR] ./app/settings/UnitsManager.tsx:202:6
Unterminated regexp literal
  200 |         )}
  201 |       </div>
> 202 |     </section>
      |      ^^^^^^^^^
  203 |   );
  204 | }
  205 |

Parsing ecmascript source code failed

Import trace:
  Server Component:
    ./app/settings/UnitsManager.tsx
    ./app/settings/page.tsx @ http://localhost:3000/_next/static/chunks/node_modules_next_dist_0u_w_5s._.js:1945
[ 1146699ms] [ERROR] ./app/settings/UnitsManager.tsx:202:6
Unterminated regexp literal
  200 |         )}
  201 |       </div>
> 202 |     </section>
      |      ^^^^^^^^^
  203 |   );
  204 | }
  205 |

Parsing ecmascript source code failed

Import trace:
  Server Component:
    ./app/settings/UnitsManager.tsx
    ./app/settings/page.tsx @ http://localhost:3000/_next/static/chunks/node_modules_next_dist_0u_w_5s._.js:1945
[ 1146776ms] [ERROR] ./app/settings/UnitsManager.tsx:202:6
Unterminated regexp literal
  200 |         )}
  201 |       </div>
> 202 |     </section>
      |      ^^^^^^^^^
  203 |   );
  204 | }
  205 |

Parsing ecmascript source code failed

Import trace:
  Server Component:
    ./app/settings/UnitsManager.tsx
    ./app/settings/page.tsx @ http://localhost:3000/_next/static/chunks/node_modules_next_dist_0u_w_5s._.js:1945
[ 1146855ms] [ERROR] ./app/settings/UnitsManager.tsx:202:6
Unterminated regexp literal
  200 |         )}
  201 |       </div>
> 202 |     </section>
      |      ^^^^^^^^^
  203 |   );
  204 | }
  205 |

Parsing ecmascript source code failed

Import trace:
  Server Component:
    ./app/settings/UnitsManager.tsx
    ./app/settings/page.tsx @ http://localhost:3000/_next/static/chunks/node_modules_next_dist_0u_w_5s._.js:1945
[ 1146933ms] [ERROR] ./app/settings/UnitsManager.tsx:202:6
Unterminated regexp literal
  200 |         )}
  201 |       </div>
> 202 |     </section>
      |      ^^^^^^^^^
  203 |   );
  204 | }
  205 |

Parsing ecmascript source code failed

Import trace:
  Server Component:
    ./app/settings/UnitsManager.tsx
    ./app/settings/page.tsx @ http://localhost:3000/_next/static/chunks/node_modules_next_dist_0u_w_5s._.js:1945
[ 1147011ms] [ERROR] ./app/settings/UnitsManager.tsx:202:6
Unterminated regexp literal
  200 |         )}
  201 |       </div>
> 202 |     </section>
      |      ^^^^^^^^^
  203 |   );
  204 | }
  205 |

Parsing ecmascript source code failed

Import trace:
  Server Component:
    ./app/settings/UnitsManager.tsx
    ./app/settings/page.tsx @ http://localhost:3000/_next/static/chunks/node_modules_next_dist_0u_w_5s._.js:1945
[ 1147089ms] [ERROR] ./app/settings/UnitsManager.tsx:202:6
Unterminated regexp literal
  200 |         )}
  201 |       </div>
> 202 |     </section>
      |      ^^^^^^^^^
  203 |   );
  204 | }
  205 |

Parsing ecmascript source code failed

Import trace:
  Server Component:
    ./app/settings/UnitsManager.tsx
    ./app/settings/page.tsx @ http://localhost:3000/_next/static/chunks/node_modules_next_dist_0u_w_5s._.js:1945
[ 1147168ms] [ERROR] ./app/settings/UnitsManager.tsx:202:6
Unterminated regexp literal
  200 |         )}
  201 |       </div>
> 202 |     </section>
      |      ^^^^^^^^^
  203 |   );
  204 | }
  205 |

Parsing ecmascript source code failed

Import trace:
  Server Component:
    ./app/settings/UnitsManager.tsx
    ./app/settings/page.tsx @ http://localhost:3000/_next/static/chunks/node_modules_next_dist_0u_w_5s._.js:1945
[ 1147233ms] [ERROR] ./app/settings/UnitsManager.tsx:202:6
Unterminated regexp literal
  200 |         )}
  201 |       </div>
> 202 |     </section>
      |      ^^^^^^^^^
  203 |   );
  204 | }
  205 |

Parsing ecmascript source code failed

Import trace:
  Server Component:
    ./app/settings/UnitsManager.tsx
    ./app/settings/page.tsx @ http://localhost:3000/_next/static/chunks/node_modules_next_dist_0u_w_5s._.js:1945
[ 1147312ms] [ERROR] ./app/settings/UnitsManager.tsx:202:6
Unterminated regexp literal
  200 |         )}
  201 |       </div>
> 202 |     </section>
      |      ^^^^^^^^^
  203 |   );
  204 | }
  205 |

Parsing ecmascript source code failed

Import trace:
  Server Component:
    ./app/settings/UnitsManager.tsx
    ./app/settings/page.tsx @ http://localhost:3000/_next/static/chunks/node_modules_next_dist_0u_w_5s._.js:1945
[ 1147390ms] [ERROR] ./app/settings/UnitsManager.tsx:202:6
Unterminated regexp literal
  200 |         )}
  201 |       </div>
> 202 |     </section>
      |      ^^^^^^^^^
  203 |   );
  204 | }
  205 |

Parsing ecmascript source code failed

Import trace:
  Server Component:
    ./app/settings/UnitsManager.tsx
    ./app/settings/page.tsx @ http://localhost:3000/_next/static/chunks/node_modules_next_dist_0u_w_5s._.js:1945
[ 1147448ms] [ERROR] ./app/settings/UnitsManager.tsx:202:6
Unterminated regexp literal
  200 |         )}
  201 |       </div>
> 202 |     </section>
      |      ^^^^^^^^^
  203 |   );
  204 | }
  205 |

Parsing ecmascript source code failed

Import trace:
  Server Component:
    ./app/settings/UnitsManager.tsx
    ./app/settings/page.tsx @ http://localhost:3000/_next/static/chunks/node_modules_next_dist_0u_w_5s._.js:1945
[ 1147511ms] [ERROR] ./app/settings/UnitsManager.tsx:202:6
Unterminated regexp literal
  200 |         )}
  201 |       </div>
> 202 |     </section>
      |      ^^^^^^^^^
  203 |   );
  204 | }
  205 |

Parsing ecmascript source code failed

Import trace:
  Server Component:
    ./app/settings/UnitsManager.tsx
    ./app/settings/page.tsx @ http://localhost:3000/_next/static/chunks/node_modules_next_dist_0u_w_5s._.js:1945
[ 1147574ms] [ERROR] ./app/settings/UnitsManager.tsx:202:6
Unterminated regexp literal
  200 |         )}
  201 |       </div>
> 202 |     </section>
      |      ^^^^^^^^^
  203 |   );
  204 | }
  205 |

Parsing ecmascript source code failed

Import trace:
  Server Component:
    ./app/settings/UnitsManager.tsx
    ./app/settings/page.tsx @ http://localhost:3000/_next/static/chunks/node_modules_next_dist_0u_w_5s._.js:1945
[ 1147636ms] [ERROR] ./app/settings/UnitsManager.tsx:202:6
Unterminated regexp literal
  200 |         )}
  201 |       </div>
> 202 |     </section>
      |      ^^^^^^^^^
  203 |   );
  204 | }
  205 |

Parsing ecmascript source code failed

Import trace:
  Server Component:
    ./app/settings/UnitsManager.tsx
    ./app/settings/page.tsx @ http://localhost:3000/_next/static/chunks/node_modules_next_dist_0u_w_5s._.js:1945
[ 1147700ms] [ERROR] ./app/settings/UnitsManager.tsx:202:6
Unterminated regexp literal
  200 |         )}
  201 |       </div>
> 202 |     </section>
      |      ^^^^^^^^^
  203 |   );
  204 | }
  205 |

Parsing ecmascript source code failed

Import trace:
  Server Component:
    ./app/settings/UnitsManager.tsx
    ./app/settings/page.tsx @ http://localhost:3000/_next/static/chunks/node_modules_next_dist_0u_w_5s._.js:1945
[ 1147763ms] [ERROR] ./app/settings/UnitsManager.tsx:202:6
Unterminated regexp literal
  200 |         )}
  201 |       </div>
> 202 |     </section>
      |      ^^^^^^^^^
  203 |   );
  204 | }
  205 |

Parsing ecmascript source code failed

Import trace:
  Server Component:
    ./app/settings/UnitsManager.tsx
    ./app/settings/page.tsx @ http://localhost:3000/_next/static/chunks/node_modules_next_dist_0u_w_5s._.js:1945
[ 1147837ms] [ERROR] ./app/settings/UnitsManager.tsx:202:6
Unterminated regexp literal
  200 |         )}
  201 |       </div>
> 202 |     </section>
      |      ^^^^^^^^^
  203 |   );
  204 | }
  205 |

Parsing ecmascript source code failed

Import trace:
  Server Component:
    ./app/settings/UnitsManager.tsx
    ./app/settings/page.tsx @ http://localhost:3000/_next/static/chunks/node_modules_next_dist_0u_w_5s._.js:1945
[ 1147904ms] [ERROR] ./app/settings/UnitsManager.tsx:202:6
Unterminated regexp literal
  200 |         )}
  201 |       </div>
> 202 |     </section>
      |      ^^^^^^^^^
  203 |   );
  204 | }
  205 |

Parsing ecmascript source code failed

Import trace:
  Server Component:
    ./app/settings/UnitsManager.tsx
    ./app/settings/page.tsx @ http://localhost:3000/_next/static/chunks/node_modules_next_dist_0u_w_5s._.js:1945
[ 1147970ms] [ERROR] ./app/settings/UnitsManager.tsx:202:6
Unterminated regexp literal
  200 |         )}
  201 |       </div>
> 202 |     </section>
      |      ^^^^^^^^^
  203 |   );
  204 | }
  205 |

Parsing ecmascript source code failed

Import trace:
  Server Component:
    ./app/settings/UnitsManager.tsx
    ./app/settings/page.tsx @ http://localhost:3000/_next/static/chunks/node_modules_next_dist_0u_w_5s._.js:1945
[ 1148037ms] [ERROR] ./app/settings/UnitsManager.tsx:202:6
Unterminated regexp literal
  200 |         )}
  201 |       </div>
> 202 |     </section>
      |      ^^^^^^^^^
  203 |   );
  204 | }
  205 |

Parsing ecmascript source code failed

Import trace:
  Server Component:
    ./app/settings/UnitsManager.tsx
    ./app/settings/page.tsx @ http://localhost:3000/_next/static/chunks/node_modules_next_dist_0u_w_5s._.js:1945
[ 1148104ms] [ERROR] ./app/settings/UnitsManager.tsx:202:6
Unterminated regexp literal
  200 |         )}
  201 |       </div>
> 202 |     </section>
      |      ^^^^^^^^^
  203 |   );
  204 | }
  205 |

Parsing ecmascript source code failed

Import trace:
  Server Component:
    ./app/settings/UnitsManager.tsx
    ./app/settings/page.tsx @ http://localhost:3000/_next/static/chunks/node_modules_next_dist_0u_w_5s._.js:1945
[ 1148171ms] [ERROR] ./app/settings/UnitsManager.tsx:202:6
Unterminated regexp literal
  200 |         )}
  201 |       </div>
> 202 |     </section>
      |      ^^^^^^^^^
  203 |   );
  204 | }
  205 |

Parsing ecmascript source code failed

Import trace:
  Server Component:
    ./app/settings/UnitsManager.tsx
    ./app/settings/page.tsx @ http://localhost:3000/_next/static/chunks/node_modules_next_dist_0u_w_5s._.js:1945
[ 1148240ms] [ERROR] ./app/settings/UnitsManager.tsx:202:6
Unterminated regexp literal
  200 |         )}
  201 |       </div>
> 202 |     </section>
      |      ^^^^^^^^^
  203 |   );
  204 | }
  205 |

Parsing ecmascript source code failed

Import trace:
  Server Component:
    ./app/settings/UnitsManager.tsx
    ./app/settings/page.tsx @ http://localhost:3000/_next/static/chunks/node_modules_next_dist_0u_w_5s._.js:1945
[ 1148316ms] [ERROR] ./app/settings/UnitsManager.tsx:202:6
Unterminated regexp literal
  200 |         )}
  201 |       </div>
> 202 |     </section>
      |      ^^^^^^^^^
  203 |   );
  204 | }
  205 |

Parsing ecmascript source code failed

Import trace:
  Server Component:
    ./app/settings/UnitsManager.tsx
    ./app/settings/page.tsx @ http://localhost:3000/_next/static/chunks/node_modules_next_dist_0u_w_5s._.js:1945
[ 1148371ms] [ERROR] ./app/settings/UnitsManager.tsx:202:6
Unterminated regexp literal
  200 |         )}
  201 |       </div>
> 202 |     </section>
      |      ^^^^^^^^^
  203 |   );
  204 | }
  205 |

Parsing ecmascript source code failed

Import trace:
  Server Component:
    ./app/settings/UnitsManager.tsx
    ./app/settings/page.tsx @ http://localhost:3000/_next/static/chunks/node_modules_next_dist_0u_w_5s._.js:1945
[ 1148437ms] [ERROR] ./app/settings/UnitsManager.tsx:202:6
Unterminated regexp literal
  200 |         )}
  201 |       </div>
> 202 |     </section>
      |      ^^^^^^^^^
  203 |   );
  204 | }
  205 |

Parsing ecmascript source code failed

Import trace:
  Server Component:
    ./app/settings/UnitsManager.tsx
    ./app/settings/page.tsx @ http://localhost:3000/_next/static/chunks/node_modules_next_dist_0u_w_5s._.js:1945
[ 1148504ms] [ERROR] ./app/settings/UnitsManager.tsx:202:6
Unterminated regexp literal
  200 |         )}
  201 |       </div>
> 202 |     </section>
      |      ^^^^^^^^^
  203 |   );
  204 | }
  205 |

Parsing ecmascript source code failed

Import trace:
  Server Component:
    ./app/settings/UnitsManager.tsx
    ./app/settings/page.tsx @ http://localhost:3000/_next/static/chunks/node_modules_next_dist_0u_w_5s._.js:1945
[ 1148571ms] [ERROR] ./app/settings/UnitsManager.tsx:202:6
Unterminated regexp literal
  200 |         )}
  201 |       </div>
> 202 |     </section>
      |      ^^^^^^^^^
  203 |   );
  204 | }
  205 |

Parsing ecmascript source code failed

Import trace:
  Server Component:
    ./app/settings/UnitsManager.tsx
    ./app/settings/page.tsx @ http://localhost:3000/_next/static/chunks/node_modules_next_dist_0u_w_5s._.js:1945
[ 1148655ms] [ERROR] ./app/settings/UnitsManager.tsx:202:6
Unterminated regexp literal
  200 |         )}
  201 |       </div>
> 202 |     </section>
      |      ^^^^^^^^^
  203 |   );
  204 | }
  205 |

Parsing ecmascript source code failed

Import trace:
  Server Component:
    ./app/settings/UnitsManager.tsx
    ./app/settings/page.tsx @ http://localhost:3000/_next/static/chunks/node_modules_next_dist_0u_w_5s._.js:1945
[ 1148739ms] [ERROR] ./app/settings/UnitsManager.tsx:202:6
Unterminated regexp literal
  200 |         )}
  201 |       </div>
> 202 |     </section>
      |      ^^^^^^^^^
  203 |   );
  204 | }
  205 |

Parsing ecmascript source code failed

Import trace:
  Server Component:
    ./app/settings/UnitsManager.tsx
    ./app/settings/page.tsx @ http://localhost:3000/_next/static/chunks/node_modules_next_dist_0u_w_5s._.js:1945
[ 1148800ms] [LOG] [Fast Refresh] rebuilding @ http://localhost:3000/_next/static/chunks/node_modules_next_dist_0u_w_5s._.js:1226
[ 1148870ms] [ERROR] ./app/settings/UnitsManager.tsx:202:6
Unterminated regexp literal
  200 |         )}
  201 |       </div>
> 202 |     </section>
      |      ^^^^^^^^^
  203 |   );
  204 | }
  205 |

Parsing ecmascript source code failed

Import trace:
  Server Component:
    ./app/settings/UnitsManager.tsx
    ./app/settings/page.tsx @ http://localhost:3000/_next/static/chunks/node_modules_next_dist_0u_w_5s._.js:1945
[ 1148932ms] [ERROR] ./app/settings/UnitsManager.tsx:202:6
Unterminated regexp literal
  200 |         )}
  201 |       </div>
> 202 |     </section>
      |      ^^^^^^^^^
  203 |   );
  204 | }
  205 |

Parsing ecmascript source code failed

Import trace:
  Server Component:
    ./app/settings/UnitsManager.tsx
    ./app/settings/page.tsx @ http://localhost:3000/_next/static/chunks/node_modules_next_dist_0u_w_5s._.js:1945
[ 1149006ms] [ERROR] ./app/settings/UnitsManager.tsx:202:6
Unterminated regexp literal
  200 |         )}
  201 |       </div>
> 202 |     </section>
      |      ^^^^^^^^^
  203 |   );
  204 | }
  205 |

Parsing ecmascript source code failed

Import trace:
  Server Component:
    ./app/settings/UnitsManager.tsx
    ./app/settings/page.tsx @ http://localhost:3000/_next/static/chunks/node_modules_next_dist_0u_w_5s._.js:1945
[ 1149072ms] [ERROR] ./app/settings/UnitsManager.tsx:202:6
Unterminated regexp literal
  200 |         )}
  201 |       </div>
> 202 |     </section>
      |      ^^^^^^^^^
  203 |   );
  204 | }
  205 |

Parsing ecmascript source code failed

Import trace:
  Server Component:
    ./app/settings/UnitsManager.tsx
    ./app/settings/page.tsx @ http://localhost:3000/_next/static/chunks/node_modules_next_dist_0u_w_5s._.js:1945
[ 1149138ms] [ERROR] ./app/settings/UnitsManager.tsx:202:6
Unterminated regexp literal
  200 |         )}
  201 |       </div>
> 202 |     </section>
      |      ^^^^^^^^^
  203 |   );
  204 | }
  205 |

Parsing ecmascript source code failed

Import trace:
  Server Component:
    ./app/settings/UnitsManager.tsx
    ./app/settings/page.tsx @ http://localhost:3000/_next/static/chunks/node_modules_next_dist_0u_w_5s._.js:1945
[ 1149204ms] [ERROR] ./app/settings/UnitsManager.tsx:202:6
Unterminated regexp literal
  200 |         )}
  201 |       </div>
> 202 |     </section>
      |      ^^^^^^^^^
  203 |   );
  204 | }
  205 |

Parsing ecmascript source code failed

Import trace:
  Server Component:
    ./app/settings/UnitsManager.tsx
    ./app/settings/page.tsx @ http://localhost:3000/_next/static/chunks/node_modules_next_dist_0u_w_5s._.js:1945
[ 1149272ms] [ERROR] ./app/settings/UnitsManager.tsx:202:6
Unterminated regexp literal
  200 |         )}
  201 |       </div>
> 202 |     </section>
      |      ^^^^^^^^^
  203 |   );
  204 | }
  205 |

Parsing ecmascript source code failed

Import trace:
  Server Component:
    ./app/settings/UnitsManager.tsx
    ./app/settings/page.tsx @ http://localhost:3000/_next/static/chunks/node_modules_next_dist_0u_w_5s._.js:1945
[ 1149334ms] [ERROR] ./app/settings/UnitsManager.tsx:202:6
Unterminated regexp literal
  200 |         )}
  201 |       </div>
> 202 |     </section>
      |      ^^^^^^^^^
  203 |   );
  204 | }
  205 |

Parsing ecmascript source code failed

Import trace:
  Server Component:
    ./app/settings/UnitsManager.tsx
    ./app/settings/page.tsx @ http://localhost:3000/_next/static/chunks/node_modules_next_dist_0u_w_5s._.js:1945
[ 1149405ms] [ERROR] ./app/settings/UnitsManager.tsx:202:6
Unterminated regexp literal
  200 |         )}
  201 |       </div>
> 202 |     </section>
      |      ^^^^^^^^^
  203 |   );
  204 | }
  205 |

Parsing ecmascript source code failed

Import trace:
  Server Component:
    ./app/settings/UnitsManager.tsx
    ./app/settings/page.tsx @ http://localhost:3000/_next/static/chunks/node_modules_next_dist_0u_w_5s._.js:1945
[ 1149471ms] [ERROR] ./app/settings/UnitsManager.tsx:202:6
Unterminated regexp literal
  200 |         )}
  201 |       </div>
> 202 |     </section>
      |      ^^^^^^^^^
  203 |   );
  204 | }
  205 |

Parsing ecmascript source code failed

Import trace:
  Server Component:
    ./app/settings/UnitsManager.tsx
    ./app/settings/page.tsx @ http://localhost:3000/_next/static/chunks/node_modules_next_dist_0u_w_5s._.js:1945
[ 1149537ms] [ERROR] ./app/settings/UnitsManager.tsx:202:6
Unterminated regexp literal
  200 |         )}
  201 |       </div>
> 202 |     </section>
      |      ^^^^^^^^^
  203 |   );
  204 | }
  205 |

Parsing ecmascript source code failed

Import trace:
  Server Component:
    ./app/settings/UnitsManager.tsx
    ./app/settings/page.tsx @ http://localhost:3000/_next/static/chunks/node_modules_next_dist_0u_w_5s._.js:1945
[ 1149604ms] [ERROR] ./app/settings/UnitsManager.tsx:202:6
Unterminated regexp literal
  200 |         )}
  201 |       </div>
> 202 |     </section>
      |      ^^^^^^^^^
  203 |   );
  204 | }
  205 |

Parsing ecmascript source code failed

Import trace:
  Server Component:
    ./app/settings/UnitsManager.tsx
    ./app/settings/page.tsx @ http://localhost:3000/_next/static/chunks/node_modules_next_dist_0u_w_5s._.js:1945
[ 1149668ms] [ERROR] ./app/settings/UnitsManager.tsx:202:6
Unterminated regexp literal
  200 |         )}
  201 |       </div>
> 202 |     </section>
      |      ^^^^^^^^^
  203 |   );
  204 | }
  205 |

Parsing ecmascript source code failed

Import trace:
  Server Component:
    ./app/settings/UnitsManager.tsx
    ./app/settings/page.tsx @ http://localhost:3000/_next/static/chunks/node_modules_next_dist_0u_w_5s._.js:1945
[ 1149730ms] [ERROR] ./app/settings/UnitsManager.tsx:202:6
Unterminated regexp literal
  200 |         )}
  201 |       </div>
> 202 |     </section>
      |      ^^^^^^^^^
  203 |   );
  204 | }
  205 |

Parsing ecmascript source code failed

Import trace:
  Server Component:
    ./app/settings/UnitsManager.tsx
    ./app/settings/page.tsx @ http://localhost:3000/_next/static/chunks/node_modules_next_dist_0u_w_5s._.js:1945
[ 1149792ms] [ERROR] ./app/settings/UnitsManager.tsx:202:6
Unterminated regexp literal
  200 |         )}
  201 |       </div>
> 202 |     </section>
      |      ^^^^^^^^^
  203 |   );
  204 | }
  205 |

Parsing ecmascript source code failed

Import trace:
  Server Component:
    ./app/settings/UnitsManager.tsx
    ./app/settings/page.tsx @ http://localhost:3000/_next/static/chunks/node_modules_next_dist_0u_w_5s._.js:1945
[ 1149856ms] [ERROR] ./app/settings/UnitsManager.tsx:202:6
Unterminated regexp literal
  200 |         )}
  201 |       </div>
> 202 |     </section>
      |      ^^^^^^^^^
  203 |   );
  204 | }
  205 |

Parsing ecmascript source code failed

Import trace:
  Server Component:
    ./app/settings/UnitsManager.tsx
    ./app/settings/page.tsx @ http://localhost:3000/_next/static/chunks/node_modules_next_dist_0u_w_5s._.js:1945
[ 1149918ms] [ERROR] ./app/settings/UnitsManager.tsx:202:6
Unterminated regexp literal
  200 |         )}
  201 |       </div>
> 202 |     </section>
      |      ^^^^^^^^^
  203 |   );
  204 | }
  205 |

Parsing ecmascript source code failed

Import trace:
  Server Component:
    ./app/settings/UnitsManager.tsx
    ./app/settings/page.tsx @ http://localhost:3000/_next/static/chunks/node_modules_next_dist_0u_w_5s._.js:1945
[ 1149988ms] [ERROR] ./app/settings/UnitsManager.tsx:202:6
Unterminated regexp literal
  200 |         )}
  201 |       </div>
> 202 |     </section>
      |      ^^^^^^^^^
  203 |   );
  204 | }
  205 |

Parsing ecmascript source code failed

Import trace:
  Server Component:
    ./app/settings/UnitsManager.tsx
    ./app/settings/page.tsx @ http://localhost:3000/_next/static/chunks/node_modules_next_dist_0u_w_5s._.js:1945
[ 1150047ms] [ERROR] ./app/settings/UnitsManager.tsx:202:6
Unterminated regexp literal
  200 |         )}
  201 |       </div>
> 202 |     </section>
      |      ^^^^^^^^^
  203 |   );
  204 | }
  205 |

Parsing ecmascript source code failed

Import trace:
  Server Component:
    ./app/settings/UnitsManager.tsx
    ./app/settings/page.tsx @ http://localhost:3000/_next/static/chunks/node_modules_next_dist_0u_w_5s._.js:1945
[ 1150146ms] [LOG] [Fast Refresh] rebuilding @ http://localhost:3000/_next/static/chunks/node_modules_next_dist_0u_w_5s._.js:1226
[ 1150272ms] [LOG] [Fast Refresh] done in 125ms @ http://localhost:3000/_next/static/chunks/node_modules_next_dist_0u_w_5s._.js:1226
[ 1150515ms] [LOG] [Fast Refresh] rebuilding @ http://localhost:3000/_next/static/chunks/node_modules_next_dist_0u_w_5s._.js:1226
[ 1150881ms] [LOG] [Fast Refresh] done in 467ms @ http://localhost:3000/_next/static/chunks/node_modules_next_dist_0u_w_5s._.js:1226
[ 1151344ms] [INFO] %cDownload the React DevTools for a better development experience: https://react.dev/link/react-devtools font-weight:bold @ http://localhost:3000/_next/static/chunks/node_modules_next_dist_115brz8._.js:2477
[ 1151467ms] [LOG] [HMR] connected @ http://localhost:3000/_next/static/chunks/node_modules_next_dist_115brz8._.js:2477
[ 1339616ms] [LOG] [Fast Refresh] rebuilding @ http://localhost:3000/_next/static/chunks/node_modules_next_dist_115brz8._.js:2477
[ 1341160ms] [LOG] [Fast Refresh] done in 1654ms @ http://localhost:3000/_next/static/chunks/node_modules_next_dist_115brz8._.js:2477
[ 1341381ms] [LOG] [Fast Refresh] rebuilding @ http://localhost:3000/_next/static/chunks/node_modules_next_dist_115brz8._.js:2477
[ 1341472ms] [LOG] [Fast Refresh] done in 144ms @ http://localhost:3000/_next/static/chunks/node_modules_next_dist_115brz8._.js:2477
[ 1341964ms] [LOG] [Fast Refresh] rebuilding @ http://localhost:3000/_next/static/chunks/node_modules_next_dist_115brz8._.js:2477
[ 1342188ms] [LOG] [Fast Refresh] done in 326ms @ http://localhost:3000/_next/static/chunks/node_modules_next_dist_115brz8._.js:2477
[ 1398108ms] [LOG] [Fast Refresh] rebuilding @ http://localhost:3000/_next/static/chunks/node_modules_next_dist_115brz8._.js:2477
[ 1399874ms] [LOG] [Fast Refresh] done in 1815ms @ http://localhost:3000/_next/static/chunks/node_modules_next_dist_115brz8._.js:2477
[ 1400162ms] [LOG] [Fast Refresh] rebuilding @ http://localhost:3000/_next/static/chunks/node_modules_next_dist_115brz8._.js:2477
[ 1400356ms] [LOG] [Fast Refresh] done in 294ms @ http://localhost:3000/_next/static/chunks/node_modules_next_dist_115brz8._.js:2477
[ 1415953ms] [LOG] [Fast Refresh] rebuilding @ http://localhost:3000/_next/static/chunks/node_modules_next_dist_115brz8._.js:2477
[ 1416004ms] [LOG] [Fast Refresh] done in 71ms @ http://localhost:3000/_next/static/chunks/node_modules_next_dist_115brz8._.js:2477
[ 1416252ms] [LOG] [Fast Refresh] rebuilding @ http://localhost:3000/_next/static/chunks/node_modules_next_dist_115brz8._.js:2477
[ 1416428ms] [LOG] [Fast Refresh] done in 279ms @ http://localhost:3000/_next/static/chunks/node_modules_next_dist_115brz8._.js:2477
[ 1426705ms] [LOG] [Fast Refresh] rebuilding @ http://localhost:3000/_next/static/chunks/node_modules_next_dist_115brz8._.js:2477
[ 1426796ms] [LOG] [Fast Refresh] done in 184ms @ http://localhost:3000/_next/static/chunks/node_modules_next_dist_115brz8._.js:2477
[ 1427079ms] [LOG] [Fast Refresh] rebuilding @ http://localhost:3000/_next/static/chunks/node_modules_next_dist_115brz8._.js:2477
[ 1427282ms] [LOG] [Fast Refresh] done in 305ms @ http://localhost:3000/_next/static/chunks/node_modules_next_dist_115brz8._.js:2477
[ 1434814ms] [LOG] [Fast Refresh] rebuilding @ http://localhost:3000/_next/static/chunks/node_modules_next_dist_115brz8._.js:2477
[ 1434874ms] [LOG] [Fast Refresh] done in 66ms @ http://localhost:3000/_next/static/chunks/node_modules_next_dist_115brz8._.js:2477
[ 1435110ms] [LOG] [Fast Refresh] rebuilding @ http://localhost:3000/_next/static/chunks/node_modules_next_dist_115brz8._.js:2477
[ 1435305ms] [LOG] [Fast Refresh] done in 302ms @ http://localhost:3000/_next/static/chunks/node_modules_next_dist_115brz8._.js:2477
[ 1915177ms] [LOG] [Fast Refresh] rebuilding @ http://localhost:3000/_next/static/chunks/node_modules_next_dist_115brz8._.js:2477
[ 1927283ms] [LOG] [Fast Refresh] done in 12217ms @ http://localhost:3000/_next/static/chunks/node_modules_next_dist_115brz8._.js:2477
[ 1927550ms] [LOG] [Fast Refresh] rebuilding @ http://localhost:3000/_next/static/chunks/node_modules_next_dist_115brz8._.js:2477
[ 1927729ms] [LOG] [Fast Refresh] done in 286ms @ http://localhost:3000/_next/static/chunks/node_modules_next_dist_115brz8._.js:2477
[ 1963851ms] [LOG] [Fast Refresh] rebuilding @ http://localhost:3000/_next/static/chunks/node_modules_next_dist_115brz8._.js:2477
[ 1964090ms] [LOG] [Fast Refresh] done in 354ms @ http://localhost:3000/_next/static/chunks/node_modules_next_dist_115brz8._.js:2477
[ 1996542ms] [LOG] [Fast Refresh] rebuilding @ http://localhost:3000/_next/static/chunks/node_modules_next_dist_115brz8._.js:2477
[ 1996913ms] [LOG] [Fast Refresh] done in 473ms @ http://localhost:3000/_next/static/chunks/node_modules_next_dist_115brz8._.js:2477
[ 2531116ms] [LOG] [Fast Refresh] rebuilding @ http://localhost:3000/_next/static/chunks/node_modules_next_dist_115brz8._.js:2477
[ 2533416ms] [LOG] [Fast Refresh] done in 2301ms @ http://localhost:3000/_next/static/chunks/node_modules_next_dist_115brz8._.js:2477
[ 2533982ms] [LOG] [Fast Refresh] rebuilding @ http://localhost:3000/_next/static/chunks/node_modules_next_dist_115brz8._.js:2477
[ 2534215ms] [LOG] [Fast Refresh] done in 339ms @ http://localhost:3000/_next/static/chunks/node_modules_next_dist_115brz8._.js:2477
[ 3145936ms] [LOG] [Fast Refresh] rebuilding @ http://localhost:3000/_next/static/chunks/node_modules_next_dist_115brz8._.js:2477
[ 3150239ms] [LOG] [Fast Refresh] done in 4408ms @ http://localhost:3000/_next/static/chunks/node_modules_next_dist_115brz8._.js:2477
[ 3150651ms] [LOG] [Fast Refresh] rebuilding @ http://localhost:3000/_next/static/chunks/node_modules_next_dist_115brz8._.js:2477
[ 3150825ms] [LOG] [Fast Refresh] done in 285ms @ http://localhost:3000/_next/static/chunks/node_modules_next_dist_115brz8._.js:2477
[ 3405447ms] [LOG] [Fast Refresh] rebuilding @ http://localhost:3000/_next/static/chunks/node_modules_next_dist_115brz8._.js:2477
[ 3405462ms] [LOG] [Fast Refresh] done in 119ms @ http://localhost:3000/_next/static/chunks/node_modules_next_dist_115brz8._.js:2477
[ 3975624ms] [LOG] [Fast Refresh] rebuilding @ http://localhost:3000/_next/static/chunks/node_modules_next_dist_115brz8._.js:2477
[ 3977546ms] [LOG] [Fast Refresh] done in 2029ms @ http://localhost:3000/_next/static/chunks/node_modules_next_dist_115brz8._.js:2477
[ 3980645ms] [LOG] [Fast Refresh] rebuilding @ http://localhost:3000/_next/static/chunks/node_modules_next_dist_115brz8._.js:2477
[ 3980965ms] [LOG] [Fast Refresh] done in 427ms @ http://localhost:3000/_next/static/chunks/node_modules_next_dist_115brz8._.js:2477
[ 4154749ms] [LOG] [Fast Refresh] rebuilding @ http://localhost:3000/_next/static/chunks/node_modules_next_dist_115brz8._.js:2477
[ 4156498ms] [LOG] [Fast Refresh] done in 1865ms @ http://localhost:3000/_next/static/chunks/node_modules_next_dist_115brz8._.js:2477
[ 4156601ms] [LOG] [Fast Refresh] rebuilding @ http://localhost:3000/_next/static/chunks/node_modules_next_dist_115brz8._.js:2477
[ 4158375ms] [LOG] [Fast Refresh] done in 1847ms @ http://localhost:3000/_next/static/chunks/node_modules_next_dist_115brz8._.js:2477
[ 4158740ms] [LOG] [Fast Refresh] rebuilding @ http://localhost:3000/_next/static/chunks/node_modules_next_dist_115brz8._.js:2477
[ 4159059ms] [LOG] [Fast Refresh] done in 419ms @ http://localhost:3000/_next/static/chunks/node_modules_next_dist_115brz8._.js:2477
[ 4176680ms] [LOG] [Fast Refresh] rebuilding @ http://localhost:3000/_next/static/chunks/node_modules_next_dist_115brz8._.js:2477
[ 4176734ms] [LOG] [Fast Refresh] done in 77ms @ http://localhost:3000/_next/static/chunks/node_modules_next_dist_115brz8._.js:2477
[ 4177174ms] [LOG] [Fast Refresh] rebuilding @ http://localhost:3000/_next/static/chunks/node_modules_next_dist_115brz8._.js:2477
[ 4177411ms] [LOG] [Fast Refresh] done in 338ms @ http://localhost:3000/_next/static/chunks/node_modules_next_dist_115brz8._.js:2477
[ 4201710ms] [LOG] [Fast Refresh] rebuilding @ http://localhost:3000/_next/static/chunks/node_modules_next_dist_115brz8._.js:2477
[ 4201763ms] [LOG] [Fast Refresh] done in 61ms @ http://localhost:3000/_next/static/chunks/node_modules_next_dist_115brz8._.js:2477
[ 4202023ms] [LOG] [Fast Refresh] rebuilding @ http://localhost:3000/_next/static/chunks/node_modules_next_dist_115brz8._.js:2477
[ 4202453ms] [LOG] [Fast Refresh] done in 535ms @ http://localhost:3000/_next/static/chunks/node_modules_next_dist_115brz8._.js:2477
[ 4301284ms] [LOG] [Fast Refresh] rebuilding @ http://localhost:3000/_next/static/chunks/node_modules_next_dist_115brz8._.js:2477
[ 4303193ms] [LOG] [Fast Refresh] done in 1976ms @ http://localhost:3000/_next/static/chunks/node_modules_next_dist_115brz8._.js:2477
[ 4303651ms] [LOG] [Fast Refresh] rebuilding @ http://localhost:3000/_next/static/chunks/node_modules_next_dist_115brz8._.js:2477
[ 4303896ms] [LOG] [Fast Refresh] done in 353ms @ http://localhost:3000/_next/static/chunks/node_modules_next_dist_115brz8._.js:2477
[ 4381703ms] [LOG] [Fast Refresh] rebuilding @ http://localhost:3000/_next/static/chunks/node_modules_next_dist_115brz8._.js:2477
[ 4383283ms] [LOG] [Fast Refresh] done in 1684ms @ http://localhost:3000/_next/static/chunks/node_modules_next_dist_115brz8._.js:2477
[ 4383322ms] [LOG] [Fast Refresh] rebuilding @ http://localhost:3000/_next/static/chunks/node_modules_next_dist_115brz8._.js:2477
[ 4383375ms] [LOG] [Fast Refresh] done in 50ms @ http://localhost:3000/_next/static/chunks/node_modules_next_dist_115brz8._.js:2477
[ 4383820ms] [LOG] [Fast Refresh] rebuilding @ http://localhost:3000/_next/static/chunks/node_modules_next_dist_115brz8._.js:2477
[ 4384070ms] [LOG] [Fast Refresh] done in 361ms @ http://localhost:3000/_next/static/chunks/node_modules_next_dist_115brz8._.js:2477
[ 4636985ms] [LOG] [Fast Refresh] rebuilding @ http://localhost:3000/_next/static/chunks/node_modules_next_dist_115brz8._.js:2477
[ 4638570ms] [LOG] [Fast Refresh] done in 1697ms @ http://localhost:3000/_next/static/chunks/node_modules_next_dist_115brz8._.js:2477
[ 4638737ms] [LOG] [Fast Refresh] rebuilding @ http://localhost:3000/_next/static/chunks/node_modules_next_dist_115brz8._.js:2477
[ 4638794ms] [LOG] [Fast Refresh] done in 76ms @ http://localhost:3000/_next/static/chunks/node_modules_next_dist_115brz8._.js:2477
[ 4639403ms] [LOG] [Fast Refresh] rebuilding @ http://localhost:3000/_next/static/chunks/node_modules_next_dist_115brz8._.js:2477
[ 4639672ms] [LOG] [Fast Refresh] done in 384ms @ http://localhost:3000/_next/static/chunks/node_modules_next_dist_115brz8._.js:2477
[ 4932041ms] [LOG] [Fast Refresh] rebuilding @ http://localhost:3000/_next/static/chunks/node_modules_next_dist_115brz8._.js:2477
[ 4933769ms] [LOG] [Fast Refresh] done in 1829ms @ http://localhost:3000/_next/static/chunks/node_modules_next_dist_115brz8._.js:2477
[ 4933821ms] [LOG] [Fast Refresh] rebuilding @ http://localhost:3000/_next/static/chunks/node_modules_next_dist_115brz8._.js:2477
[ 4933876ms] [LOG] [Fast Refresh] done in 60ms @ http://localhost:3000/_next/static/chunks/node_modules_next_dist_115brz8._.js:2477
[ 4934235ms] [LOG] [Fast Refresh] rebuilding @ http://localhost:3000/_next/static/chunks/node_modules_next_dist_115brz8._.js:2477
[ 4934502ms] [LOG] [Fast Refresh] done in 372ms @ http://localhost:3000/_next/static/chunks/node_modules_next_dist_115brz8._.js:2477
[ 4943816ms] [LOG] [Fast Refresh] rebuilding @ http://localhost:3000/_next/static/chunks/node_modules_next_dist_115brz8._.js:2477
[ 4943869ms] [LOG] [Fast Refresh] done in 67ms @ http://localhost:3000/_next/static/chunks/node_modules_next_dist_115brz8._.js:2477
[ 4944121ms] [LOG] [Fast Refresh] rebuilding @ http://localhost:3000/_next/static/chunks/node_modules_next_dist_115brz8._.js:2477
[ 4944350ms] [LOG] [Fast Refresh] done in 334ms @ http://localhost:3000/_next/static/chunks/node_modules_next_dist_115brz8._.js:2477
[ 4951121ms] [LOG] [Fast Refresh] rebuilding @ http://localhost:3000/_next/static/chunks/node_modules_next_dist_115brz8._.js:2477
[ 4951172ms] [LOG] [Fast Refresh] done in 79ms @ http://localhost:3000/_next/static/chunks/node_modules_next_dist_115brz8._.js:2477
[ 4951434ms] [LOG] [Fast Refresh] rebuilding @ http://localhost:3000/_next/static/chunks/node_modules_next_dist_115brz8._.js:2477
[ 4951665ms] [LOG] [Fast Refresh] done in 335ms @ http://localhost:3000/_next/static/chunks/node_modules_next_dist_115brz8._.js:2477
[ 4959552ms] [LOG] [Fast Refresh] rebuilding @ http://localhost:3000/_next/static/chunks/node_modules_next_dist_115brz8._.js:2477
[ 4959605ms] [LOG] [Fast Refresh] done in 68ms @ http://localhost:3000/_next/static/chunks/node_modules_next_dist_115brz8._.js:2477
[ 4959849ms] [LOG] [Fast Refresh] rebuilding @ http://localhost:3000/_next/static/chunks/node_modules_next_dist_115brz8._.js:2477
[ 4960067ms] [LOG] [Fast Refresh] done in 326ms @ http://localhost:3000/_next/static/chunks/node_modules_next_dist_115brz8._.js:2477
