[     289ms] [LOG] [Fast Refresh] rebuilding @ http://localhost:3000/_next/static/chunks/node_modules_next_dist_115brz8._.js:2477
[     371ms] [LOG] [Fast Refresh] done in 196ms @ http://localhost:3000/_next/static/chunks/node_modules_next_dist_115brz8._.js:2477
[     820ms] [INFO] %cDownload the React DevTools for a better development experience: https://react.dev/link/react-devtools font-weight:bold @ http://localhost:3000/_next/static/chunks/node_modules_next_dist_115brz8._.js:2477
[     857ms] [LOG] [HMR] connected @ http://localhost:3000/_next/static/chunks/node_modules_next_dist_115brz8._.js:2477
[  188877ms] [LOG] [Fast Refresh] rebuilding @ http://localhost:3000/_next/static/chunks/node_modules_next_dist_115brz8._.js:2477
[  188943ms] [LOG] [Fast Refresh] done in 52ms @ http://localhost:3000/_next/static/chunks/node_modules_next_dist_115brz8._.js:2477
[  189426ms] [LOG] [Fast Refresh] rebuilding @ http://localhost:3000/_next/static/chunks/node_modules_next_dist_115brz8._.js:2477
[  189558ms] [LOG] [Fast Refresh] done in 245ms @ http://localhost:3000/_next/static/chunks/node_modules_next_dist_115brz8._.js:2477
[  208608ms] [LOG] [Fast Refresh] rebuilding @ http://localhost:3000/_next/static/chunks/node_modules_next_dist_115brz8._.js:2477
[  208684ms] [LOG] [Fast Refresh] done in 172ms @ http://localhost:3000/_next/static/chunks/node_modules_next_dist_115brz8._.js:2477
[  209043ms] [LOG] [Fast Refresh] rebuilding @ http://localhost:3000/_next/static/chunks/node_modules_next_dist_115brz8._.js:2477
[  209181ms] [LOG] [Fast Refresh] done in 239ms @ http://localhost:3000/_next/static/chunks/node_modules_next_dist_115brz8._.js:2477
[  223234ms] [LOG] [Fast Refresh] rebuilding @ http://localhost:3000/_next/static/chunks/node_modules_next_dist_115brz8._.js:2477
[  223361ms] [LOG] [Fast Refresh] done in 228ms @ http://localhost:3000/_next/static/chunks/node_modules_next_dist_115brz8._.js:2477
[  323643ms] [LOG] [Fast Refresh] rebuilding @ http://localhost:3000/_next/static/chunks/node_modules_next_dist_115brz8._.js:2477
[  323670ms] [LOG] [Fast Refresh] done in 135ms @ http://localhost:3000/_next/static/chunks/node_modules_next_dist_115brz8._.js:2477
[  424442ms] [LOG] [Fast Refresh] rebuilding @ http://localhost:3000/_next/static/chunks/node_modules_next_dist_115brz8._.js:2477
[  424471ms] [LOG] [Fast Refresh] done in 140ms @ http://localhost:3000/_next/static/chunks/node_modules_next_dist_115brz8._.js:2477
[  425207ms] [INFO] %cDownload the React DevTools for a better development experience: https://react.dev/link/react-devtools font-weight:bold @ http://localhost:3000/_next/static/chunks/node_modules_next_dist_115brz8._.js:2477
[  425225ms] [LOG] [HMR] connected @ http://localhost:3000/_next/static/chunks/node_modules_next_dist_115brz8._.js:2477
[  425293ms] [ERROR] Failed to load resource: the server responded with a status of 404 (Not Found) @ http://localhost:3000/favicon.ico:0
[  431092ms] [INFO] %cDownload the React DevTools for a better development experience: https://react.dev/link/react-devtools font-weight:bold @ http://localhost:3000/_next/static/chunks/node_modules_next_dist_115brz8._.js:2477
[  431114ms] [LOG] [HMR] connected @ http://localhost:3000/_next/static/chunks/node_modules_next_dist_115brz8._.js:2477
[  431174ms] [ERROR] Failed to load resource: the server responded with a status of 404 (Not Found) @ http://localhost:3000/favicon.ico:0
[  446407ms] [LOG] [Fast Refresh] rebuilding @ http://localhost:3000/_next/static/chunks/node_modules_next_dist_115brz8._.js:2477
[  446479ms] [LOG] [Fast Refresh] done in 100ms @ http://localhost:3000/_next/static/chunks/node_modules_next_dist_115brz8._.js:2477
[  446714ms] [LOG] [Fast Refresh] rebuilding @ http://localhost:3000/_next/static/chunks/node_modules_next_dist_115brz8._.js:2477
[  446851ms] [LOG] [Fast Refresh] done in 238ms @ http://localhost:3000/_next/static/chunks/node_modules_next_dist_115brz8._.js:2477
[  446980ms] [LOG] [Fast Refresh] rebuilding @ http://localhost:3000/_next/static/chunks/node_modules_next_dist_115brz8._.js:2477
[  447191ms] [LOG] [Fast Refresh] done in 319ms @ http://localhost:3000/_next/static/chunks/node_modules_next_dist_115brz8._.js:2477
[  463545ms] [LOG] [Fast Refresh] rebuilding @ http://localhost:3000/_next/static/chunks/node_modules_next_dist_115brz8._.js:2477
[  463568ms] [LOG] [Fast Refresh] done in 131ms @ http://localhost:3000/_next/static/chunks/node_modules_next_dist_115brz8._.js:2477
[ 1008606ms] [LOG] [Fast Refresh] rebuilding @ http://localhost:3000/_next/static/chunks/node_modules_next_dist_115brz8._.js:2477
[ 1010293ms] [LOG] [Fast Refresh] done in 1799ms @ http://localhost:3000/_next/static/chunks/node_modules_next_dist_115brz8._.js:2477
[ 1010365ms] [LOG] [Fast Refresh] rebuilding @ http://localhost:3000/_next/static/chunks/node_modules_next_dist_115brz8._.js:2477
[ 1010393ms] [LOG] [Fast Refresh] done in 87ms @ http://localhost:3000/_next/static/chunks/node_modules_next_dist_115brz8._.js:2477
[ 1010856ms] [LOG] [Fast Refresh] rebuilding @ http://localhost:3000/_next/static/chunks/node_modules_next_dist_115brz8._.js:2477
[ 1011183ms] [LOG] [Fast Refresh] done in 433ms @ http://localhost:3000/_next/static/chunks/node_modules_next_dist_115brz8._.js:2477
[ 1025338ms] [LOG] [Fast Refresh] rebuilding @ http://localhost:3000/_next/static/chunks/node_modules_next_dist_115brz8._.js:2477
[ 1025378ms] [LOG] [Fast Refresh] done in 146ms @ http://localhost:3000/_next/static/chunks/node_modules_next_dist_115brz8._.js:2477
[ 1025491ms] [LOG] [Fast Refresh] rebuilding @ http://localhost:3000/_next/static/chunks/node_modules_next_dist_115brz8._.js:2477
[ 1026220ms] [LOG] [Fast Refresh] done in 711ms @ http://localhost:3000/_next/static/chunks/node_modules_next_dist_115brz8._.js:2477
[ 1026480ms] [LOG] [Fast Refresh] rebuilding @ http://localhost:3000/_next/static/chunks/node_modules_next_dist_115brz8._.js:2477
[ 1026511ms] [LOG] [Fast Refresh] done in 135ms @ http://localhost:3000/_next/static/chunks/node_modules_next_dist_115brz8._.js:2477
[ 1026650ms] [LOG] [Fast Refresh] rebuilding @ http://localhost:3000/_next/static/chunks/node_modules_next_dist_115brz8._.js:2477
[ 1026719ms] [LOG] [Fast Refresh] done in 179ms @ http://localhost:3000/_next/static/chunks/node_modules_next_dist_115brz8._.js:2477
[ 1027623ms] [LOG] [Fast Refresh] rebuilding @ http://localhost:3000/_next/static/chunks/node_modules_next_dist_115brz8._.js:2477
[ 1027681ms] [LOG] [Fast Refresh] done in 163ms @ http://localhost:3000/_next/static/chunks/node_modules_next_dist_115brz8._.js:2477
[ 1032325ms] [INFO] %cDownload the React DevTools for a better development experience: https://react.dev/link/react-devtools font-weight:bold @ http://localhost:3000/_next/static/chunks/node_modules_next_dist_115brz8._.js:2477
[ 1032381ms] [LOG] [HMR] connected @ http://localhost:3000/_next/static/chunks/node_modules_next_dist_115brz8._.js:2477
[ 1032529ms] [LOG] [Fast Refresh] rebuilding @ http://localhost:3000/_next/static/chunks/node_modules_next_dist_115brz8._.js:2477
[ 1032611ms] [LOG] [Fast Refresh] done in 191ms @ http://localhost:3000/_next/static/chunks/node_modules_next_dist_115brz8._.js:2477
[ 1034231ms] [LOG] [Fast Refresh] rebuilding @ http://localhost:3000/_next/static/chunks/node_modules_next_dist_115brz8._.js:2477
[ 1034327ms] [LOG] [Fast Refresh] done in 200ms @ http://localhost:3000/_next/static/chunks/node_modules_next_dist_115brz8._.js:2477
[ 1034573ms] [LOG] [Fast Refresh] rebuilding @ http://localhost:3000/_next/static/chunks/node_modules_next_dist_115brz8._.js:2477
[ 1034775ms] [LOG] [Fast Refresh] done in 308ms @ http://localhost:3000/_next/static/chunks/node_modules_next_dist_115brz8._.js:2477
[ 1034888ms] [LOG] [Fast Refresh] rebuilding @ http://localhost:3000/_next/static/chunks/node_modules_next_dist_115brz8._.js:2477
[ 1035021ms] [LOG] [Fast Refresh] done in 241ms @ http://localhost:3000/_next/static/chunks/node_modules_next_dist_115brz8._.js:2477
[ 1079151ms] [LOG] [Fast Refresh] rebuilding @ http://localhost:3000/_next/static/chunks/node_modules_next_dist_115brz8._.js:2477
[ 1079220ms] [LOG] [Fast Refresh] done in 68ms @ http://localhost:3000/_next/static/chunks/node_modules_next_dist_115brz8._.js:2477
[ 1079491ms] [LOG] [Fast Refresh] rebuilding @ http://localhost:3000/_next/static/chunks/node_modules_next_dist_115brz8._.js:2477
[ 1079699ms] [LOG] [Fast Refresh] done in 311ms @ http://localhost:3000/_next/static/chunks/node_modules_next_dist_115brz8._.js:2477
[ 1092736ms] [LOG] [Fast Refresh] rebuilding @ http://localhost:3000/_next/static/chunks/node_modules_next_dist_115brz8._.js:2477
[ 1092801ms] [LOG] [Fast Refresh] done in 71ms @ http://localhost:3000/_next/static/chunks/node_modules_next_dist_115brz8._.js:2477
[ 1093122ms] [LOG] [Fast Refresh] rebuilding @ http://localhost:3000/_next/static/chunks/node_modules_next_dist_115brz8._.js:2477
[ 1093528ms] [LOG] [Fast Refresh] done in 509ms @ http://localhost:3000/_next/static/chunks/node_modules_next_dist_115brz8._.js:2477
[ 1105547ms] [LOG] [Fast Refresh] rebuilding @ http://localhost:3000/_next/static/chunks/node_modules_next_dist_115brz8._.js:2477
[ 1105623ms] [LOG] [Fast Refresh] done in 64ms @ http://localhost:3000/_next/static/chunks/node_modules_next_dist_115brz8._.js:2477
[ 1105878ms] [LOG] [Fast Refresh] rebuilding @ http://localhost:3000/_next/static/chunks/node_modules_next_dist_115brz8._.js:2477
[ 1106050ms] [LOG] [Fast Refresh] done in 277ms @ http://localhost:3000/_next/static/chunks/node_modules_next_dist_115brz8._.js:2477
[ 1106168ms] [LOG] [Fast Refresh] rebuilding @ http://localhost:3000/_next/static/chunks/node_modules_next_dist_115brz8._.js:2477
[ 1106320ms] [LOG] [Fast Refresh] done in 252ms @ http://localhost:3000/_next/static/chunks/node_modules_next_dist_115brz8._.js:2477
[ 1118093ms] [LOG] [Fast Refresh] rebuilding @ http://localhost:3000/_next/static/chunks/node_modules_next_dist_115brz8._.js:2477
[ 1118173ms] [LOG] [Fast Refresh] done in 58ms @ http://localhost:3000/_next/static/chunks/node_modules_next_dist_115brz8._.js:2477
[ 1118408ms] [LOG] [Fast Refresh] rebuilding @ http://localhost:3000/_next/static/chunks/node_modules_next_dist_115brz8._.js:2477
[ 1118618ms] [LOG] [Fast Refresh] done in 316ms @ http://localhost:3000/_next/static/chunks/node_modules_next_dist_115brz8._.js:2477
[ 1119441ms] [LOG] [Fast Refresh] rebuilding @ http://localhost:3000/_next/static/chunks/node_modules_next_dist_115brz8._.js:2477
[ 1119537ms] [LOG] [Fast Refresh] done in 211ms @ http://localhost:3000/_next/static/chunks/node_modules_next_dist_115brz8._.js:2477
[ 1119657ms] [LOG] [Fast Refresh] rebuilding @ http://localhost:3000/_next/static/chunks/node_modules_next_dist_115brz8._.js:2477
[ 1119715ms] [LOG] [Fast Refresh] done in 165ms @ http://localhost:3000/_next/static/chunks/node_modules_next_dist_115brz8._.js:2477
[ 1127529ms] [LOG] [Fast Refresh] rebuilding @ http://localhost:3000/_next/static/chunks/node_modules_next_dist_115brz8._.js:2477
[ 1127603ms] [LOG] [Fast Refresh] done in 101ms @ http://localhost:3000/_next/static/chunks/node_modules_next_dist_115brz8._.js:2477
[ 1127874ms] [LOG] [Fast Refresh] rebuilding @ http://localhost:3000/_next/static/chunks/node_modules_next_dist_115brz8._.js:2477
[ 1128094ms] [LOG] [Fast Refresh] done in 321ms @ http://localhost:3000/_next/static/chunks/node_modules_next_dist_115brz8._.js:2477
[ 1128211ms] [LOG] [Fast Refresh] rebuilding @ http://localhost:3000/_next/static/chunks/node_modules_next_dist_115brz8._.js:2477
[ 1128211ms] [LOG] [Fast Refresh] done in 100ms @ http://localhost:3000/_next/static/chunks/node_modules_next_dist_115brz8._.js:2477
[ 1136243ms] [LOG] [Fast Refresh] rebuilding @ http://localhost:3000/_next/static/chunks/node_modules_next_dist_115brz8._.js:2477
[ 1136482ms] [LOG] [Fast Refresh] done in 343ms @ http://localhost:3000/_next/static/chunks/node_modules_next_dist_115brz8._.js:2477
[ 1136535ms] [LOG] [Fast Refresh] rebuilding @ http://localhost:3000/_next/static/chunks/node_modules_next_dist_115brz8._.js:2477
[ 1136608ms] [LOG] [Fast Refresh] done in 90ms @ http://localhost:3000/_next/static/chunks/node_modules_next_dist_115brz8._.js:2477
[ 1136867ms] [LOG] [Fast Refresh] rebuilding @ http://localhost:3000/_next/static/chunks/node_modules_next_dist_115brz8._.js:2477
[ 1136999ms] [LOG] [Fast Refresh] done in 240ms @ http://localhost:3000/_next/static/chunks/node_modules_next_dist_115brz8._.js:2477
[ 1160946ms] [LOG] [Fast Refresh] rebuilding @ http://localhost:3000/_next/static/chunks/node_modules_next_dist_115brz8._.js:2477
[ 1161016ms] [LOG] [Fast Refresh] done in 101ms @ http://localhost:3000/_next/static/chunks/node_modules_next_dist_115brz8._.js:2477
[ 1161456ms] [LOG] [Fast Refresh] rebuilding @ http://localhost:3000/_next/static/chunks/node_modules_next_dist_115brz8._.js:2477
[ 1161696ms] [LOG] [Fast Refresh] done in 343ms @ http://localhost:3000/_next/static/chunks/node_modules_next_dist_115brz8._.js:2477
[ 1161817ms] [LOG] [Fast Refresh] rebuilding @ http://localhost:3000/_next/static/chunks/node_modules_next_dist_115brz8._.js:2477
[ 1162331ms] [LOG] [Fast Refresh] done in 614ms @ http://localhost:3000/_next/static/chunks/node_modules_next_dist_115brz8._.js:2477
[ 1173243ms] [LOG] [Fast Refresh] rebuilding @ http://localhost:3000/_next/static/chunks/node_modules_next_dist_115brz8._.js:2477
[ 1173311ms] [LOG] [Fast Refresh] done in 53ms @ http://localhost:3000/_next/static/chunks/node_modules_next_dist_115brz8._.js:2477
[ 1173558ms] [LOG] [Fast Refresh] rebuilding @ http://localhost:3000/_next/static/chunks/node_modules_next_dist_115brz8._.js:2477
[ 1173759ms] [LOG] [Fast Refresh] done in 311ms @ http://localhost:3000/_next/static/chunks/node_modules_next_dist_115brz8._.js:2477
[ 1174150ms] [LOG] [Fast Refresh] rebuilding @ http://localhost:3000/_next/static/chunks/node_modules_next_dist_115brz8._.js:2477
[ 1174205ms] [LOG] [Fast Refresh] done in 162ms @ http://localhost:3000/_next/static/chunks/node_modules_next_dist_115brz8._.js:2477
[ 1174325ms] [LOG] [Fast Refresh] rebuilding @ http://localhost:3000/_next/static/chunks/node_modules_next_dist_115brz8._.js:2477
[ 1174330ms] [LOG] [Fast Refresh] done in 111ms @ http://localhost:3000/_next/static/chunks/node_modules_next_dist_115brz8._.js:2477
[ 1193191ms] [LOG] [Fast Refresh] rebuilding @ http://localhost:3000/_next/static/chunks/node_modules_next_dist_115brz8._.js:2477
[ 1193279ms] [LOG] [Fast Refresh] done in 60ms @ http://localhost:3000/_next/static/chunks/node_modules_next_dist_115brz8._.js:2477
[ 1193510ms] [LOG] [Fast Refresh] rebuilding @ http://localhost:3000/_next/static/chunks/node_modules_next_dist_115brz8._.js:2477
[ 1193712ms] [LOG] [Fast Refresh] done in 308ms @ http://localhost:3000/_next/static/chunks/node_modules_next_dist_115brz8._.js:2477
[ 1193823ms] [LOG] [Fast Refresh] rebuilding @ http://localhost:3000/_next/static/chunks/node_modules_next_dist_115brz8._.js:2477
[ 1193835ms] [LOG] [Fast Refresh] done in 119ms @ http://localhost:3000/_next/static/chunks/node_modules_next_dist_115brz8._.js:2477
[ 1194488ms] [LOG] [Fast Refresh] rebuilding @ http://localhost:3000/_next/static/chunks/node_modules_next_dist_115brz8._.js:2477
[ 1194637ms] [LOG] [Fast Refresh] done in 261ms @ http://localhost:3000/_next/static/chunks/node_modules_next_dist_115brz8._.js:2477
[ 1259694ms] [INFO] %cDownload the React DevTools for a better development experience: https://react.dev/link/react-devtools font-weight:bold @ http://localhost:3000/_next/static/chunks/node_modules_next_dist_115brz8._.js:2477
[ 1259710ms] [LOG] [HMR] connected @ http://localhost:3000/_next/static/chunks/node_modules_next_dist_115brz8._.js:2477
[ 1259783ms] [ERROR] Failed to load resource: the server responded with a status of 404 (Not Found) @ http://localhost:3000/favicon.ico:0
[ 1329933ms] [INFO] %cDownload the React DevTools for a better development experience: https://react.dev/link/react-devtools font-weight:bold @ http://localhost:3000/_next/static/chunks/node_modules_next_dist_115brz8._.js:2477
[ 1330068ms] [LOG] [HMR] connected @ http://localhost:3000/_next/static/chunks/node_modules_next_dist_115brz8._.js:2477
[ 1330140ms] [ERROR] Failed to load resource: the server responded with a status of 404 (Not Found) @ http://localhost:3000/favicon.ico:0
[ 1594486ms] [LOG] [Fast Refresh] rebuilding @ http://localhost:3000/_next/static/chunks/node_modules_next_dist_115brz8._.js:2477
[ 1596179ms] [LOG] [Fast Refresh] done in 1803ms @ http://localhost:3000/_next/static/chunks/node_modules_next_dist_115brz8._.js:2477
[ 1596258ms] [LOG] [Fast Refresh] rebuilding @ http://localhost:3000/_next/static/chunks/node_modules_next_dist_115brz8._.js:2477
[ 1596310ms] [LOG] [Fast Refresh] done in 119ms @ http://localhost:3000/_next/static/chunks/node_modules_next_dist_115brz8._.js:2477
[ 1596831ms] [LOG] [Fast Refresh] rebuilding @ http://localhost:3000/_next/static/chunks/node_modules_next_dist_115brz8._.js:2477
[ 1597121ms] [LOG] [Fast Refresh] done in 390ms @ http://localhost:3000/_next/static/chunks/node_modules_next_dist_115brz8._.js:2477
[ 1597237ms] [LOG] [Fast Refresh] rebuilding @ http://localhost:3000/_next/static/chunks/node_modules_next_dist_115brz8._.js:2477
[ 1597255ms] [LOG] [Fast Refresh] done in 120ms @ http://localhost:3000/_next/static/chunks/node_modules_next_dist_115brz8._.js:2477
[ 1615055ms] [LOG] [Fast Refresh] rebuilding @ http://localhost:3000/_next/static/chunks/node_modules_next_dist_115brz8._.js:2477
[ 1615115ms] [LOG] [Fast Refresh] done in 76ms @ http://localhost:3000/_next/static/chunks/node_modules_next_dist_115brz8._.js:2477
[ 1615393ms] [LOG] [Fast Refresh] rebuilding @ http://localhost:3000/_next/static/chunks/node_modules_next_dist_115brz8._.js:2477
[ 1615611ms] [LOG] [Fast Refresh] done in 326ms @ http://localhost:3000/_next/static/chunks/node_modules_next_dist_115brz8._.js:2477
[ 1645012ms] [LOG] [Fast Refresh] rebuilding @ http://localhost:3000/_next/static/chunks/node_modules_next_dist_115brz8._.js:2477
[ 1645138ms] [LOG] [Fast Refresh] done in 212ms @ http://localhost:3000/_next/static/chunks/node_modules_next_dist_115brz8._.js:2477
[ 1645278ms] [LOG] [Fast Refresh] rebuilding @ http://localhost:3000/_next/static/chunks/node_modules_next_dist_115brz8._.js:2477
[ 1645368ms] [LOG] [Fast Refresh] done in 114ms @ http://localhost:3000/_next/static/chunks/node_modules_next_dist_115brz8._.js:2477
[ 1645766ms] [LOG] [Fast Refresh] rebuilding @ http://localhost:3000/_next/static/chunks/node_modules_next_dist_115brz8._.js:2477
[ 1646350ms] [LOG] [Fast Refresh] done in 687ms @ http://localhost:3000/_next/static/chunks/node_modules_next_dist_115brz8._.js:2477
[ 2576909ms] [LOG] [Fast Refresh] rebuilding @ http://localhost:3000/_next/static/chunks/node_modules_next_dist_115brz8._.js:2477
[ 2578648ms] [LOG] [Fast Refresh] done in 1840ms @ http://localhost:3000/_next/static/chunks/node_modules_next_dist_115brz8._.js:2477
[ 2578737ms] [LOG] [Fast Refresh] rebuilding @ http://localhost:3000/_next/static/chunks/node_modules_next_dist_115brz8._.js:2477
[ 2578788ms] [LOG] [Fast Refresh] done in 96ms @ http://localhost:3000/_next/static/chunks/node_modules_next_dist_115brz8._.js:2477
[ 2579549ms] [LOG] [Fast Refresh] rebuilding @ http://localhost:3000/_next/static/chunks/node_modules_next_dist_115brz8._.js:2477
[ 2579811ms] [LOG] [Fast Refresh] done in 369ms @ http://localhost:3000/_next/static/chunks/node_modules_next_dist_115brz8._.js:2477
[ 2594250ms] [LOG] [Fast Refresh] rebuilding @ http://localhost:3000/_next/static/chunks/node_modules_next_dist_115brz8._.js:2477
[ 2594354ms] [LOG] [Fast Refresh] done in 196ms @ http://localhost:3000/_next/static/chunks/node_modules_next_dist_115brz8._.js:2477
[ 2594616ms] [LOG] [Fast Refresh] rebuilding @ http://localhost:3000/_next/static/chunks/node_modules_next_dist_115brz8._.js:2477
[ 2594748ms] [LOG] [Fast Refresh] done in 244ms @ http://localhost:3000/_next/static/chunks/node_modules_next_dist_115brz8._.js:2477
[ 2594880ms] [LOG] [Fast Refresh] rebuilding @ http://localhost:3000/_next/static/chunks/node_modules_next_dist_115brz8._.js:2477
[ 2595615ms] [LOG] [Fast Refresh] done in 846ms @ http://localhost:3000/_next/static/chunks/node_modules_next_dist_115brz8._.js:2477
[ 2657362ms] [LOG] [Fast Refresh] rebuilding @ http://localhost:3000/_next/static/chunks/node_modules_next_dist_115brz8._.js:2477
[ 2659111ms] [LOG] [Fast Refresh] done in 1858ms @ http://localhost:3000/_next/static/chunks/node_modules_next_dist_115brz8._.js:2477
[ 2659171ms] [LOG] [Fast Refresh] rebuilding @ http://localhost:3000/_next/static/chunks/node_modules_next_dist_115brz8._.js:2477
[ 2659252ms] [LOG] [Fast Refresh] done in 96ms @ http://localhost:3000/_next/static/chunks/node_modules_next_dist_115brz8._.js:2477
[ 2659668ms] [LOG] [Fast Refresh] rebuilding @ http://localhost:3000/_next/static/chunks/node_modules_next_dist_115brz8._.js:2477
[ 2660029ms] [LOG] [Fast Refresh] done in 461ms @ http://localhost:3000/_next/static/chunks/node_modules_next_dist_115brz8._.js:2477
[ 2691718ms] [LOG] [Fast Refresh] rebuilding @ http://localhost:3000/_next/static/chunks/node_modules_next_dist_115brz8._.js:2477
[ 2691972ms] [LOG] [Fast Refresh] done in 356ms @ http://localhost:3000/_next/static/chunks/node_modules_next_dist_115brz8._.js:2477
[ 2692081ms] [LOG] [Fast Refresh] rebuilding @ http://localhost:3000/_next/static/chunks/node_modules_next_dist_115brz8._.js:2477
[ 2692158ms] [LOG] [Fast Refresh] done in 124ms @ http://localhost:3000/_next/static/chunks/node_modules_next_dist_115brz8._.js:2477
[ 2692413ms] [LOG] [Fast Refresh] rebuilding @ http://localhost:3000/_next/static/chunks/node_modules_next_dist_115brz8._.js:2477
[ 2692563ms] [LOG] [Fast Refresh] done in 254ms @ http://localhost:3000/_next/static/chunks/node_modules_next_dist_115brz8._.js:2477
[ 2692676ms] [LOG] [Fast Refresh] rebuilding @ http://localhost:3000/_next/static/chunks/node_modules_next_dist_115brz8._.js:2477
[ 2692917ms] [LOG] [Fast Refresh] done in 343ms @ http://localhost:3000/_next/static/chunks/node_modules_next_dist_115brz8._.js:2477
[ 2728720ms] [LOG] [Fast Refresh] rebuilding @ http://localhost:3000/_next/static/chunks/node_modules_next_dist_115brz8._.js:2477
[ 2728966ms] [LOG] [Fast Refresh] done in 346ms @ http://localhost:3000/_next/static/chunks/node_modules_next_dist_115brz8._.js:2477
[ 2729076ms] [LOG] [Fast Refresh] rebuilding @ http://localhost:3000/_next/static/chunks/node_modules_next_dist_115brz8._.js:2477
[ 2729150ms] [LOG] [Fast Refresh] done in 96ms @ http://localhost:3000/_next/static/chunks/node_modules_next_dist_115brz8._.js:2477
[ 2766157ms] [LOG] [Fast Refresh] rebuilding @ http://localhost:3000/_next/static/chunks/node_modules_next_dist_115brz8._.js:2477
[ 2766172ms] [LOG] [Fast Refresh] done in 117ms @ http://localhost:3000/_next/static/chunks/node_modules_next_dist_115brz8._.js:2477
[ 2766351ms] [LOG] [Fast Refresh] rebuilding @ http://localhost:3000/_next/static/chunks/node_modules_next_dist_115brz8._.js:2477
[ 2766430ms] [LOG] [Fast Refresh] done in 110ms @ http://localhost:3000/_next/static/chunks/node_modules_next_dist_115brz8._.js:2477
[ 2766687ms] [LOG] [Fast Refresh] rebuilding @ http://localhost:3000/_next/static/chunks/node_modules_next_dist_115brz8._.js:2477
[ 2767052ms] [LOG] [Fast Refresh] done in 466ms @ http://localhost:3000/_next/static/chunks/node_modules_next_dist_115brz8._.js:2477
[ 2791089ms] [LOG] [Fast Refresh] rebuilding @ http://localhost:3000/_next/static/chunks/node_modules_next_dist_115brz8._.js:2477
[ 2791089ms] [LOG] [Fast Refresh] done in 105ms @ http://localhost:3000/_next/static/chunks/node_modules_next_dist_115brz8._.js:2477
[ 2791174ms] [LOG] [Fast Refresh] rebuilding @ http://localhost:3000/_next/static/chunks/node_modules_next_dist_115brz8._.js:2477
[ 2791242ms] [LOG] [Fast Refresh] done in 68ms @ http://localhost:3000/_next/static/chunks/node_modules_next_dist_115brz8._.js:2477
[ 2791553ms] [LOG] [Fast Refresh] rebuilding @ http://localhost:3000/_next/static/chunks/node_modules_next_dist_115brz8._.js:2477
[ 2791684ms] [LOG] [Fast Refresh] done in 239ms @ http://localhost:3000/_next/static/chunks/node_modules_next_dist_115brz8._.js:2477
[ 2792703ms] [LOG] [Fast Refresh] rebuilding @ http://localhost:3000/_next/static/chunks/node_modules_next_dist_115brz8._.js:2477
[ 2792733ms] [LOG] [Fast Refresh] done in 136ms @ http://localhost:3000/_next/static/chunks/node_modules_next_dist_115brz8._.js:2477
[ 2792937ms] [LOG] [Fast Refresh] rebuilding @ http://localhost:3000/_next/static/chunks/node_modules_next_dist_115brz8._.js:2477
[ 2792991ms] [LOG] [Fast Refresh] done in 154ms @ http://localhost:3000/_next/static/chunks/node_modules_next_dist_115brz8._.js:2477
[ 2814231ms] [LOG] [Fast Refresh] rebuilding @ http://localhost:3000/_next/static/chunks/node_modules_next_dist_115brz8._.js:2477
[ 2814469ms] [LOG] [Fast Refresh] done in 345ms @ http://localhost:3000/_next/static/chunks/node_modules_next_dist_115brz8._.js:2477
[ 2814559ms] [LOG] [Fast Refresh] rebuilding @ http://localhost:3000/_next/static/chunks/node_modules_next_dist_115brz8._.js:2477
[ 2814650ms] [LOG] [Fast Refresh] done in 49ms @ http://localhost:3000/_next/static/chunks/node_modules_next_dist_115brz8._.js:2477
[ 2814996ms] [LOG] [Fast Refresh] rebuilding @ http://localhost:3000/_next/static/chunks/node_modules_next_dist_115brz8._.js:2477
[ 2815302ms] [LOG] [Fast Refresh] done in 414ms @ http://localhost:3000/_next/static/chunks/node_modules_next_dist_115brz8._.js:2477
[ 2815436ms] [LOG] [Fast Refresh] rebuilding @ http://localhost:3000/_next/static/chunks/node_modules_next_dist_115brz8._.js:2477
[ 2815463ms] [LOG] [Fast Refresh] done in 140ms @ http://localhost:3000/_next/static/chunks/node_modules_next_dist_115brz8._.js:2477
[ 2815654ms] [LOG] [Fast Refresh] rebuilding @ http://localhost:3000/_next/static/chunks/node_modules_next_dist_115brz8._.js:2477
[ 2815694ms] [LOG] [Fast Refresh] done in 139ms @ http://localhost:3000/_next/static/chunks/node_modules_next_dist_115brz8._.js:2477
[ 3010785ms] [LOG] [Fast Refresh] rebuilding @ http://localhost:3000/_next/static/chunks/node_modules_next_dist_115brz8._.js:2477
[ 3012377ms] [LOG] [Fast Refresh] done in 1695ms @ http://localhost:3000/_next/static/chunks/node_modules_next_dist_115brz8._.js:2477
[ 3012525ms] [LOG] [Fast Refresh] rebuilding @ http://localhost:3000/_next/static/chunks/node_modules_next_dist_115brz8._.js:2477
[ 3012578ms] [LOG] [Fast Refresh] done in 122ms @ http://localhost:3000/_next/static/chunks/node_modules_next_dist_115brz8._.js:2477
[ 3013190ms] [LOG] [Fast Refresh] rebuilding @ http://localhost:3000/_next/static/chunks/node_modules_next_dist_115brz8._.js:2477
[ 3013409ms] [LOG] [Fast Refresh] done in 324ms @ http://localhost:3000/_next/static/chunks/node_modules_next_dist_115brz8._.js:2477
[ 3013523ms] [LOG] [Fast Refresh] rebuilding @ http://localhost:3000/_next/static/chunks/node_modules_next_dist_115brz8._.js:2477
[ 3013601ms] [LOG] [Fast Refresh] done in 180ms @ http://localhost:3000/_next/static/chunks/node_modules_next_dist_115brz8._.js:2477
[ 3013737ms] [LOG] [Fast Refresh] rebuilding @ http://localhost:3000/_next/static/chunks/node_modules_next_dist_115brz8._.js:2477
[ 3013880ms] [LOG] [Fast Refresh] done in 255ms @ http://localhost:3000/_next/static/chunks/node_modules_next_dist_115brz8._.js:2477
[ 3070489ms] [LOG] [Fast Refresh] rebuilding @ http://localhost:3000/_next/static/chunks/node_modules_next_dist_115brz8._.js:2477
[ 3072201ms] [LOG] [Fast Refresh] done in 1813ms @ http://localhost:3000/_next/static/chunks/node_modules_next_dist_115brz8._.js:2477
[ 3072251ms] [LOG] [Fast Refresh] rebuilding @ http://localhost:3000/_next/static/chunks/node_modules_next_dist_115brz8._.js:2477
[ 3072334ms] [LOG] [Fast Refresh] done in 89ms @ http://localhost:3000/_next/static/chunks/node_modules_next_dist_115brz8._.js:2477
[ 3072623ms] [LOG] [Fast Refresh] rebuilding @ http://localhost:3000/_next/static/chunks/node_modules_next_dist_115brz8._.js:2477
[ 3072976ms] [LOG] [Fast Refresh] done in 458ms @ http://localhost:3000/_next/static/chunks/node_modules_next_dist_115brz8._.js:2477
[ 4186982ms] [LOG] [Fast Refresh] rebuilding @ http://localhost:3000/_next/static/chunks/node_modules_next_dist_115brz8._.js:2477
[ 4188549ms] [LOG] [Fast Refresh] done in 1680ms @ http://localhost:3000/_next/static/chunks/node_modules_next_dist_115brz8._.js:2477
[ 4188694ms] [LOG] [Fast Refresh] rebuilding @ http://localhost:3000/_next/static/chunks/node_modules_next_dist_115brz8._.js:2477
[ 4188768ms] [LOG] [Fast Refresh] done in 119ms @ http://localhost:3000/_next/static/chunks/node_modules_next_dist_115brz8._.js:2477
[ 4189576ms] [LOG] [Fast Refresh] rebuilding @ http://localhost:3000/_next/static/chunks/node_modules_next_dist_115brz8._.js:2477
[ 4189774ms] [LOG] [Fast Refresh] done in 299ms @ http://localhost:3000/_next/static/chunks/node_modules_next_dist_115brz8._.js:2477
[ 4196769ms] [LOG] [Fast Refresh] rebuilding @ http://localhost:3000/_next/static/chunks/node_modules_next_dist_115brz8._.js:2477
[ 4196849ms] [LOG] [Fast Refresh] done in 101ms @ http://localhost:3000/_next/static/chunks/node_modules_next_dist_115brz8._.js:2477
[ 4197094ms] [LOG] [Fast Refresh] rebuilding @ http://localhost:3000/_next/static/chunks/node_modules_next_dist_115brz8._.js:2477
[ 4197803ms] [LOG] [Fast Refresh] done in 823ms @ http://localhost:3000/_next/static/chunks/node_modules_next_dist_115brz8._.js:2477
[ 4197928ms] [LOG] [Fast Refresh] rebuilding @ http://localhost:3000/_next/static/chunks/node_modules_next_dist_115brz8._.js:2477
[ 4197947ms] [LOG] [Fast Refresh] done in 132ms @ http://localhost:3000/_next/static/chunks/node_modules_next_dist_115brz8._.js:2477
[ 4219395ms] [LOG] [Fast Refresh] rebuilding @ http://localhost:3000/_next/static/chunks/node_modules_next_dist_115brz8._.js:2477
[ 4219457ms] [LOG] [Fast Refresh] done in 103ms @ http://localhost:3000/_next/static/chunks/node_modules_next_dist_115brz8._.js:2477
[ 4219730ms] [LOG] [Fast Refresh] rebuilding @ http://localhost:3000/_next/static/chunks/node_modules_next_dist_115brz8._.js:2477
[ 4220081ms] [LOG] [Fast Refresh] done in 465ms @ http://localhost:3000/_next/static/chunks/node_modules_next_dist_115brz8._.js:2477
[ 4227247ms] [LOG] [Fast Refresh] rebuilding @ http://localhost:3000/_next/static/chunks/node_modules_next_dist_115brz8._.js:2477
[ 4227565ms] [ERROR] ./app/admin/AdminDashboard.tsx:908:9
Expected corresponding JSX closing tag for <main>
  906 |           </div>
  907 |         </div>
> 908 |       </section>
      |         ^^^^^^^
  909 |
  910 |       {/* תוצאות חיפוש */}
  911 |       <div>

Parsing ecmascript source code failed

Import trace:
  Server Component:
    ./app/admin/AdminDashboard.tsx
    ./app/admin/page.tsx @ http://localhost:3000/_next/static/chunks/node_modules_next_dist_115brz8._.js:3318
[ 4227636ms] [ERROR] ./app/admin/AdminDashboard.tsx:908:9
Expected corresponding JSX closing tag for <main>
  906 |           </div>
  907 |         </div>
> 908 |       </section>
      |         ^^^^^^^
  909 |
  910 |       {/* תוצאות חיפוש */}
  911 |       <div>

Parsing ecmascript source code failed

Import trace:
  Server Component:
    ./app/admin/AdminDashboard.tsx
    ./app/admin/page.tsx @ http://localhost:3000/_next/static/chunks/node_modules_next_dist_115brz8._.js:3318
[ 4227701ms] [ERROR] ./app/admin/AdminDashboard.tsx:908:9
Expected corresponding JSX closing tag for <main>
  906 |           </div>
  907 |         </div>
> 908 |       </section>
      |         ^^^^^^^
  909 |
  910 |       {/* תוצאות חיפוש */}
  911 |       <div>

Parsing ecmascript source code failed

Import trace:
  Server Component:
    ./app/admin/AdminDashboard.tsx
    ./app/admin/page.tsx @ http://localhost:3000/_next/static/chunks/node_modules_next_dist_115brz8._.js:3318
[ 4227759ms] [ERROR] ./app/admin/AdminDashboard.tsx:908:9
Expected corresponding JSX closing tag for <main>
  906 |           </div>
  907 |         </div>
> 908 |       </section>
      |         ^^^^^^^
  909 |
  910 |       {/* תוצאות חיפוש */}
  911 |       <div>

Parsing ecmascript source code failed

Import trace:
  Server Component:
    ./app/admin/AdminDashboard.tsx
    ./app/admin/page.tsx @ http://localhost:3000/_next/static/chunks/node_modules_next_dist_115brz8._.js:3318
[ 4227883ms] [LOG] [Fast Refresh] rebuilding @ http://localhost:3000/_next/static/chunks/node_modules_next_dist_115brz8._.js:2477
[ 4227912ms] [ERROR] ./app/admin/AdminDashboard.tsx:908:9
Expected corresponding JSX closing tag for <main>
  906 |           </div>
  907 |         </div>
> 908 |       </section>
      |         ^^^^^^^
  909 |
  910 |       {/* תוצאות חיפוש */}
  911 |       <div>

Parsing ecmascript source code failed

Import trace:
  Server Component:
    ./app/admin/AdminDashboard.tsx
    ./app/admin/page.tsx @ http://localhost:3000/_next/static/chunks/node_modules_next_dist_115brz8._.js:3318
[ 4227914ms] [ERROR] Failed to load resource: the server responded with a status of 500 (Internal Server Error) @ http://localhost:3000/messages?_rsc=UjUv2c7qDxfI4S2F:0
[ 4227977ms] [ERROR] ./app/admin/AdminDashboard.tsx:908:9
Expected corresponding JSX closing tag for <main>
  906 |           </div>
  907 |         </div>
> 908 |       </section>
      |         ^^^^^^^
  909 |
  910 |       {/* תוצאות חיפוש */}
  911 |       <div>

Parsing ecmascript source code failed

Import trace:
  Server Component:
    ./app/admin/AdminDashboard.tsx
    ./app/admin/page.tsx @ http://localhost:3000/_next/static/chunks/node_modules_next_dist_115brz8._.js:3318
[ 4227980ms] [ERROR] ./app/admin/AdminDashboard.tsx:908:9
Expected corresponding JSX closing tag for <main>
  906 |           </div>
  907 |         </div>
> 908 |       </section>
      |         ^^^^^^^
  909 |
  910 |       {/* תוצאות חיפוש */}
  911 |       <div>

Parsing ecmascript source code failed

Import trace:
  Server Component:
    ./app/admin/AdminDashboard.tsx
    ./app/admin/page.tsx @ http://localhost:3000/_next/static/chunks/node_modules_next_dist_115brz8._.js:3318
[ 4228036ms] [ERROR] ./app/admin/AdminDashboard.tsx:908:9
Expected corresponding JSX closing tag for <main>
  906 |           </div>
  907 |         </div>
> 908 |       </section>
      |         ^^^^^^^
  909 |
  910 |       {/* תוצאות חיפוש */}
  911 |       <div>

Parsing ecmascript source code failed

Import trace:
  Server Component:
    ./app/admin/AdminDashboard.tsx
    ./app/admin/page.tsx @ http://localhost:3000/_next/static/chunks/node_modules_next_dist_115brz8._.js:3318
[ 4228133ms] [ERROR] Failed to load resource: the server responded with a status of 500 (Internal Server Error) @ http://localhost:3000/messages?_rsc=UjUv2c7qDxfI4S2F:0
[ 4228158ms] [LOG] [Fast Refresh] rebuilding @ http://localhost:3000/_next/static/chunks/node_modules_next_dist_115brz8._.js:2477
[ 4228250ms] [ERROR] Failed to load resource: the server responded with a status of 500 (Internal Server Error) @ http://localhost:3000/messages:0
[ 4228457ms] [INFO] %cDownload the React DevTools for a better development experience: https://react.dev/link/react-devtools font-weight:bold @ http://localhost:3000/_next/static/chunks/node_modules_react-dom_0bruynb._.js:15305
[ 4228543ms] Error: ./app/admin/AdminDashboard.tsx:908:9
Expected corresponding JSX closing tag for <main>
  906 |           </div>
  907 |         </div>
> 908 |       </section>
      |         ^^^^^^^
  909 |
  910 |       {/* תוצאות חיפוש */}
  911 |       <div>

Parsing ecmascript source code failed

Import trace:
  Server Component:
    ./app/admin/AdminDashboard.tsx
    ./app/admin/page.tsx


    at <unknown> (Error: ./app/admin/AdminDashboard.tsx:908:9)
    at Object.getCompilationErrors (file://D:\קלוד קוד\פרויקט ניהול אירוח חכם\node_modules\next\dist\server\dev\hot-reloader-turbopack.js:1186:59)
    at DevBundlerService.getCompilationError (file://D:\קלוד קוד\פרויקט ניהול אירוח חכם\node_modules\next\dist\server\lib\dev-bundler-service.js:44:55)
    at DevServer.getCompilationError (file://D:\קלוד קוד\פרויקט ניהול אירוח חכם\node_modules\next\dist\server\dev\next-dev-server.js:720:42)
    at DevServer.findPageComponents (file://D:\קלוד קוד\פרויקט ניהול אירוח חכם\node_modules\next\dist\server\dev\next-dev-server.js:690:43)
    at async DevServer.renderErrorToResponseImpl (file://D:\קלוד קוד\פרויקט ניהול אירוח חכם\node_modules\next\dist\server\base-server.js:1753:26)
[ 4228763ms] [LOG] [HMR] connected @ http://localhost:3000/_next/static/chunks/node_modules_next_dist_0u_w_5s._.js:1226
[ 4228945ms] [LOG] [Fast Refresh] rebuilding @ http://localhost:3000/_next/static/chunks/node_modules_next_dist_0u_w_5s._.js:1226
[ 4229010ms] [ERROR] ./app/admin/AdminDashboard.tsx:908:9
Expected corresponding JSX closing tag for <main>
  906 |           </div>
  907 |         </div>
> 908 |       </section>
      |         ^^^^^^^
  909 |
  910 |       {/* תוצאות חיפוש */}
  911 |       <div>

Parsing ecmascript source code failed

Import trace:
  Server Component:
    ./app/admin/AdminDashboard.tsx
    ./app/admin/page.tsx @ http://localhost:3000/_next/static/chunks/node_modules_next_dist_0u_w_5s._.js:1945
[ 4229015ms] [ERROR] ./app/admin/AdminDashboard.tsx:908:9
Expected corresponding JSX closing tag for <main>
  906 |           </div>
  907 |         </div>
> 908 |       </section>
      |         ^^^^^^^
  909 |
  910 |       {/* תוצאות חיפוש */}
  911 |       <div>

Parsing ecmascript source code failed

Import trace:
  Server Component:
    ./app/admin/AdminDashboard.tsx
    ./app/admin/page.tsx @ http://localhost:3000/_next/static/chunks/node_modules_next_dist_0u_w_5s._.js:1945
[ 4229027ms] [ERROR] ./app/admin/AdminDashboard.tsx:908:9
Expected corresponding JSX closing tag for <main>
  906 |           </div>
  907 |         </div>
> 908 |       </section>
      |         ^^^^^^^
  909 |
  910 |       {/* תוצאות חיפוש */}
  911 |       <div>

Parsing ecmascript source code failed

Import trace:
  Server Component:
    ./app/admin/AdminDashboard.tsx
    ./app/admin/page.tsx @ http://localhost:3000/_next/static/chunks/node_modules_next_dist_0u_w_5s._.js:1945
[ 4229051ms] [ERROR] ./app/admin/AdminDashboard.tsx:908:9
Expected corresponding JSX closing tag for <main>
  906 |           </div>
  907 |         </div>
> 908 |       </section>
      |         ^^^^^^^
  909 |
  910 |       {/* תוצאות חיפוש */}
  911 |       <div>

Parsing ecmascript source code failed

Import trace:
  Server Component:
    ./app/admin/AdminDashboard.tsx
    ./app/admin/page.tsx @ http://localhost:3000/_next/static/chunks/node_modules_next_dist_0u_w_5s._.js:1945
[ 4229130ms] [ERROR] ./app/admin/AdminDashboard.tsx:908:9
Expected corresponding JSX closing tag for <main>
  906 |           </div>
  907 |         </div>
> 908 |       </section>
      |         ^^^^^^^
  909 |
  910 |       {/* תוצאות חיפוש */}
  911 |       <div>

Parsing ecmascript source code failed

Import trace:
  Server Component:
    ./app/admin/AdminDashboard.tsx
    ./app/admin/page.tsx @ http://localhost:3000/_next/static/chunks/node_modules_next_dist_0u_w_5s._.js:1945
[ 4229191ms] [ERROR] ./app/admin/AdminDashboard.tsx:908:9
Expected corresponding JSX closing tag for <main>
  906 |           </div>
  907 |         </div>
> 908 |       </section>
      |         ^^^^^^^
  909 |
  910 |       {/* תוצאות חיפוש */}
  911 |       <div>

Parsing ecmascript source code failed

Import trace:
  Server Component:
    ./app/admin/AdminDashboard.tsx
    ./app/admin/page.tsx @ http://localhost:3000/_next/static/chunks/node_modules_next_dist_0u_w_5s._.js:1945
[ 4229253ms] [ERROR] ./app/admin/AdminDashboard.tsx:908:9
Expected corresponding JSX closing tag for <main>
  906 |           </div>
  907 |         </div>
> 908 |       </section>
      |         ^^^^^^^
  909 |
  910 |       {/* תוצאות חיפוש */}
  911 |       <div>

Parsing ecmascript source code failed

Import trace:
  Server Component:
    ./app/admin/AdminDashboard.tsx
    ./app/admin/page.tsx @ http://localhost:3000/_next/static/chunks/node_modules_next_dist_0u_w_5s._.js:1945
[ 4229315ms] [ERROR] ./app/admin/AdminDashboard.tsx:908:9
Expected corresponding JSX closing tag for <main>
  906 |           </div>
  907 |         </div>
> 908 |       </section>
      |         ^^^^^^^
  909 |
  910 |       {/* תוצאות חיפוש */}
  911 |       <div>

Parsing ecmascript source code failed

Import trace:
  Server Component:
    ./app/admin/AdminDashboard.tsx
    ./app/admin/page.tsx @ http://localhost:3000/_next/static/chunks/node_modules_next_dist_0u_w_5s._.js:1945
[ 4229381ms] [ERROR] ./app/admin/AdminDashboard.tsx:908:9
Expected corresponding JSX closing tag for <main>
  906 |           </div>
  907 |         </div>
> 908 |       </section>
      |         ^^^^^^^
  909 |
  910 |       {/* תוצאות חיפוש */}
  911 |       <div>

Parsing ecmascript source code failed

Import trace:
  Server Component:
    ./app/admin/AdminDashboard.tsx
    ./app/admin/page.tsx @ http://localhost:3000/_next/static/chunks/node_modules_next_dist_0u_w_5s._.js:1945
[ 4229445ms] [ERROR] ./app/admin/AdminDashboard.tsx:908:9
Expected corresponding JSX closing tag for <main>
  906 |           </div>
  907 |         </div>
> 908 |       </section>
      |         ^^^^^^^
  909 |
  910 |       {/* תוצאות חיפוש */}
  911 |       <div>

Parsing ecmascript source code failed

Import trace:
  Server Component:
    ./app/admin/AdminDashboard.tsx
    ./app/admin/page.tsx @ http://localhost:3000/_next/static/chunks/node_modules_next_dist_0u_w_5s._.js:1945
[ 4229520ms] [ERROR] ./app/admin/AdminDashboard.tsx:908:9
Expected corresponding JSX closing tag for <main>
  906 |           </div>
  907 |         </div>
> 908 |       </section>
      |         ^^^^^^^
  909 |
  910 |       {/* תוצאות חיפוש */}
  911 |       <div>

Parsing ecmascript source code failed

Import trace:
  Server Component:
    ./app/admin/AdminDashboard.tsx
    ./app/admin/page.tsx @ http://localhost:3000/_next/static/chunks/node_modules_next_dist_0u_w_5s._.js:1945
[ 4229598ms] [ERROR] ./app/admin/AdminDashboard.tsx:908:9
Expected corresponding JSX closing tag for <main>
  906 |           </div>
  907 |         </div>
> 908 |       </section>
      |         ^^^^^^^
  909 |
  910 |       {/* תוצאות חיפוש */}
  911 |       <div>

Parsing ecmascript source code failed

Import trace:
  Server Component:
    ./app/admin/AdminDashboard.tsx
    ./app/admin/page.tsx @ http://localhost:3000/_next/static/chunks/node_modules_next_dist_0u_w_5s._.js:1945
[ 4229678ms] [ERROR] ./app/admin/AdminDashboard.tsx:908:9
Expected corresponding JSX closing tag for <main>
  906 |           </div>
  907 |         </div>
> 908 |       </section>
      |         ^^^^^^^
  909 |
  910 |       {/* תוצאות חיפוש */}
  911 |       <div>

Parsing ecmascript source code failed

Import trace:
  Server Component:
    ./app/admin/AdminDashboard.tsx
    ./app/admin/page.tsx @ http://localhost:3000/_next/static/chunks/node_modules_next_dist_0u_w_5s._.js:1945
[ 4229749ms] [ERROR] ./app/admin/AdminDashboard.tsx:908:9
Expected corresponding JSX closing tag for <main>
  906 |           </div>
  907 |         </div>
> 908 |       </section>
      |         ^^^^^^^
  909 |
  910 |       {/* תוצאות חיפוש */}
  911 |       <div>

Parsing ecmascript source code failed

Import trace:
  Server Component:
    ./app/admin/AdminDashboard.tsx
    ./app/admin/page.tsx @ http://localhost:3000/_next/static/chunks/node_modules_next_dist_0u_w_5s._.js:1945
[ 4229808ms] [ERROR] ./app/admin/AdminDashboard.tsx:908:9
Expected corresponding JSX closing tag for <main>
  906 |           </div>
  907 |         </div>
> 908 |       </section>
      |         ^^^^^^^
  909 |
  910 |       {/* תוצאות חיפוש */}
  911 |       <div>

Parsing ecmascript source code failed

Import trace:
  Server Component:
    ./app/admin/AdminDashboard.tsx
    ./app/admin/page.tsx @ http://localhost:3000/_next/static/chunks/node_modules_next_dist_0u_w_5s._.js:1945
[ 4229863ms] [ERROR] ./app/admin/AdminDashboard.tsx:908:9
Expected corresponding JSX closing tag for <main>
  906 |           </div>
  907 |         </div>
> 908 |       </section>
      |         ^^^^^^^
  909 |
  910 |       {/* תוצאות חיפוש */}
  911 |       <div>

Parsing ecmascript source code failed

Import trace:
  Server Component:
    ./app/admin/AdminDashboard.tsx
    ./app/admin/page.tsx @ http://localhost:3000/_next/static/chunks/node_modules_next_dist_0u_w_5s._.js:1945
[ 4229924ms] [ERROR] ./app/admin/AdminDashboard.tsx:908:9
Expected corresponding JSX closing tag for <main>
  906 |           </div>
  907 |         </div>
> 908 |       </section>
      |         ^^^^^^^
  909 |
  910 |       {/* תוצאות חיפוש */}
  911 |       <div>

Parsing ecmascript source code failed

Import trace:
  Server Component:
    ./app/admin/AdminDashboard.tsx
    ./app/admin/page.tsx @ http://localhost:3000/_next/static/chunks/node_modules_next_dist_0u_w_5s._.js:1945
[ 4229988ms] [ERROR] ./app/admin/AdminDashboard.tsx:908:9
Expected corresponding JSX closing tag for <main>
  906 |           </div>
  907 |         </div>
> 908 |       </section>
      |         ^^^^^^^
  909 |
  910 |       {/* תוצאות חיפוש */}
  911 |       <div>

Parsing ecmascript source code failed

Import trace:
  Server Component:
    ./app/admin/AdminDashboard.tsx
    ./app/admin/page.tsx @ http://localhost:3000/_next/static/chunks/node_modules_next_dist_0u_w_5s._.js:1945
[ 4230057ms] [ERROR] ./app/admin/AdminDashboard.tsx:908:9
Expected corresponding JSX closing tag for <main>
  906 |           </div>
  907 |         </div>
> 908 |       </section>
      |         ^^^^^^^
  909 |
  910 |       {/* תוצאות חיפוש */}
  911 |       <div>

Parsing ecmascript source code failed

Import trace:
  Server Component:
    ./app/admin/AdminDashboard.tsx
    ./app/admin/page.tsx @ http://localhost:3000/_next/static/chunks/node_modules_next_dist_0u_w_5s._.js:1945
[ 4230119ms] [ERROR] ./app/admin/AdminDashboard.tsx:908:9
Expected corresponding JSX closing tag for <main>
  906 |           </div>
  907 |         </div>
> 908 |       </section>
      |         ^^^^^^^
  909 |
  910 |       {/* תוצאות חיפוש */}
  911 |       <div>

Parsing ecmascript source code failed

Import trace:
  Server Component:
    ./app/admin/AdminDashboard.tsx
    ./app/admin/page.tsx @ http://localhost:3000/_next/static/chunks/node_modules_next_dist_0u_w_5s._.js:1945
[ 4230174ms] [ERROR] ./app/admin/AdminDashboard.tsx:908:9
Expected corresponding JSX closing tag for <main>
  906 |           </div>
  907 |         </div>
> 908 |       </section>
      |         ^^^^^^^
  909 |
  910 |       {/* תוצאות חיפוש */}
  911 |       <div>

Parsing ecmascript source code failed

Import trace:
  Server Component:
    ./app/admin/AdminDashboard.tsx
    ./app/admin/page.tsx @ http://localhost:3000/_next/static/chunks/node_modules_next_dist_0u_w_5s._.js:1945
[ 4230233ms] [ERROR] ./app/admin/AdminDashboard.tsx:908:9
Expected corresponding JSX closing tag for <main>
  906 |           </div>
  907 |         </div>
> 908 |       </section>
      |         ^^^^^^^
  909 |
  910 |       {/* תוצאות חיפוש */}
  911 |       <div>

Parsing ecmascript source code failed

Import trace:
  Server Component:
    ./app/admin/AdminDashboard.tsx
    ./app/admin/page.tsx @ http://localhost:3000/_next/static/chunks/node_modules_next_dist_0u_w_5s._.js:1945
[ 4230293ms] [ERROR] ./app/admin/AdminDashboard.tsx:908:9
Expected corresponding JSX closing tag for <main>
  906 |           </div>
  907 |         </div>
> 908 |       </section>
      |         ^^^^^^^
  909 |
  910 |       {/* תוצאות חיפוש */}
  911 |       <div>

Parsing ecmascript source code failed

Import trace:
  Server Component:
    ./app/admin/AdminDashboard.tsx
    ./app/admin/page.tsx @ http://localhost:3000/_next/static/chunks/node_modules_next_dist_0u_w_5s._.js:1945
[ 4230356ms] [ERROR] ./app/admin/AdminDashboard.tsx:908:9
Expected corresponding JSX closing tag for <main>
  906 |           </div>
  907 |         </div>
> 908 |       </section>
      |         ^^^^^^^
  909 |
  910 |       {/* תוצאות חיפוש */}
  911 |       <div>

Parsing ecmascript source code failed

Import trace:
  Server Component:
    ./app/admin/AdminDashboard.tsx
    ./app/admin/page.tsx @ http://localhost:3000/_next/static/chunks/node_modules_next_dist_0u_w_5s._.js:1945
[ 4230424ms] [ERROR] ./app/admin/AdminDashboard.tsx:908:9
Expected corresponding JSX closing tag for <main>
  906 |           </div>
  907 |         </div>
> 908 |       </section>
      |         ^^^^^^^
  909 |
  910 |       {/* תוצאות חיפוש */}
  911 |       <div>

Parsing ecmascript source code failed

Import trace:
  Server Component:
    ./app/admin/AdminDashboard.tsx
    ./app/admin/page.tsx @ http://localhost:3000/_next/static/chunks/node_modules_next_dist_0u_w_5s._.js:1945
[ 4230494ms] [ERROR] ./app/admin/AdminDashboard.tsx:908:9
Expected corresponding JSX closing tag for <main>
  906 |           </div>
  907 |         </div>
> 908 |       </section>
      |         ^^^^^^^
  909 |
  910 |       {/* תוצאות חיפוש */}
  911 |       <div>

Parsing ecmascript source code failed

Import trace:
  Server Component:
    ./app/admin/AdminDashboard.tsx
    ./app/admin/page.tsx @ http://localhost:3000/_next/static/chunks/node_modules_next_dist_0u_w_5s._.js:1945
[ 4230557ms] [ERROR] ./app/admin/AdminDashboard.tsx:908:9
Expected corresponding JSX closing tag for <main>
  906 |           </div>
  907 |         </div>
> 908 |       </section>
      |         ^^^^^^^
  909 |
  910 |       {/* תוצאות חיפוש */}
  911 |       <div>

Parsing ecmascript source code failed

Import trace:
  Server Component:
    ./app/admin/AdminDashboard.tsx
    ./app/admin/page.tsx @ http://localhost:3000/_next/static/chunks/node_modules_next_dist_0u_w_5s._.js:1945
[ 4230627ms] [ERROR] ./app/admin/AdminDashboard.tsx:908:9
Expected corresponding JSX closing tag for <main>
  906 |           </div>
  907 |         </div>
> 908 |       </section>
      |         ^^^^^^^
  909 |
  910 |       {/* תוצאות חיפוש */}
  911 |       <div>

Parsing ecmascript source code failed

Import trace:
  Server Component:
    ./app/admin/AdminDashboard.tsx
    ./app/admin/page.tsx @ http://localhost:3000/_next/static/chunks/node_modules_next_dist_0u_w_5s._.js:1945
[ 4230695ms] [ERROR] ./app/admin/AdminDashboard.tsx:908:9
Expected corresponding JSX closing tag for <main>
  906 |           </div>
  907 |         </div>
> 908 |       </section>
      |         ^^^^^^^
  909 |
  910 |       {/* תוצאות חיפוש */}
  911 |       <div>

Parsing ecmascript source code failed

Import trace:
  Server Component:
    ./app/admin/AdminDashboard.tsx
    ./app/admin/page.tsx @ http://localhost:3000/_next/static/chunks/node_modules_next_dist_0u_w_5s._.js:1945
[ 4230760ms] [ERROR] ./app/admin/AdminDashboard.tsx:908:9
Expected corresponding JSX closing tag for <main>
  906 |           </div>
  907 |         </div>
> 908 |       </section>
      |         ^^^^^^^
  909 |
  910 |       {/* תוצאות חיפוש */}
  911 |       <div>

Parsing ecmascript source code failed

Import trace:
  Server Component:
    ./app/admin/AdminDashboard.tsx
    ./app/admin/page.tsx @ http://localhost:3000/_next/static/chunks/node_modules_next_dist_0u_w_5s._.js:1945
[ 4230824ms] [ERROR] ./app/admin/AdminDashboard.tsx:908:9
Expected corresponding JSX closing tag for <main>
  906 |           </div>
  907 |         </div>
> 908 |       </section>
      |         ^^^^^^^
  909 |
  910 |       {/* תוצאות חיפוש */}
  911 |       <div>

Parsing ecmascript source code failed

Import trace:
  Server Component:
    ./app/admin/AdminDashboard.tsx
    ./app/admin/page.tsx @ http://localhost:3000/_next/static/chunks/node_modules_next_dist_0u_w_5s._.js:1945
[ 4230889ms] [ERROR] ./app/admin/AdminDashboard.tsx:908:9
Expected corresponding JSX closing tag for <main>
  906 |           </div>
  907 |         </div>
> 908 |       </section>
      |         ^^^^^^^
  909 |
  910 |       {/* תוצאות חיפוש */}
  911 |       <div>

Parsing ecmascript source code failed

Import trace:
  Server Component:
    ./app/admin/AdminDashboard.tsx
    ./app/admin/page.tsx @ http://localhost:3000/_next/static/chunks/node_modules_next_dist_0u_w_5s._.js:1945
[ 4230960ms] [ERROR] ./app/admin/AdminDashboard.tsx:908:9
Expected corresponding JSX closing tag for <main>
  906 |           </div>
  907 |         </div>
> 908 |       </section>
      |         ^^^^^^^
  909 |
  910 |       {/* תוצאות חיפוש */}
  911 |       <div>

Parsing ecmascript source code failed

Import trace:
  Server Component:
    ./app/admin/AdminDashboard.tsx
    ./app/admin/page.tsx @ http://localhost:3000/_next/static/chunks/node_modules_next_dist_0u_w_5s._.js:1945
[ 4231022ms] [ERROR] ./app/admin/AdminDashboard.tsx:908:9
Expected corresponding JSX closing tag for <main>
  906 |           </div>
  907 |         </div>
> 908 |       </section>
      |         ^^^^^^^
  909 |
  910 |       {/* תוצאות חיפוש */}
  911 |       <div>

Parsing ecmascript source code failed

Import trace:
  Server Component:
    ./app/admin/AdminDashboard.tsx
    ./app/admin/page.tsx @ http://localhost:3000/_next/static/chunks/node_modules_next_dist_0u_w_5s._.js:1945
[ 4231091ms] [ERROR] ./app/admin/AdminDashboard.tsx:908:9
Expected corresponding JSX closing tag for <main>
  906 |           </div>
  907 |         </div>
> 908 |       </section>
      |         ^^^^^^^
  909 |
  910 |       {/* תוצאות חיפוש */}
  911 |       <div>

Parsing ecmascript source code failed

Import trace:
  Server Component:
    ./app/admin/AdminDashboard.tsx
    ./app/admin/page.tsx @ http://localhost:3000/_next/static/chunks/node_modules_next_dist_0u_w_5s._.js:1945
[ 4231162ms] [ERROR] ./app/admin/AdminDashboard.tsx:908:9
Expected corresponding JSX closing tag for <main>
  906 |           </div>
  907 |         </div>
> 908 |       </section>
      |         ^^^^^^^
  909 |
  910 |       {/* תוצאות חיפוש */}
  911 |       <div>

Parsing ecmascript source code failed

Import trace:
  Server Component:
    ./app/admin/AdminDashboard.tsx
    ./app/admin/page.tsx @ http://localhost:3000/_next/static/chunks/node_modules_next_dist_0u_w_5s._.js:1945
[ 4231239ms] [ERROR] ./app/admin/AdminDashboard.tsx:908:9
Expected corresponding JSX closing tag for <main>
  906 |           </div>
  907 |         </div>
> 908 |       </section>
      |         ^^^^^^^
  909 |
  910 |       {/* תוצאות חיפוש */}
  911 |       <div>

Parsing ecmascript source code failed

Import trace:
  Server Component:
    ./app/admin/AdminDashboard.tsx
    ./app/admin/page.tsx @ http://localhost:3000/_next/static/chunks/node_modules_next_dist_0u_w_5s._.js:1945
[ 4231308ms] [ERROR] ./app/admin/AdminDashboard.tsx:908:9
Expected corresponding JSX closing tag for <main>
  906 |           </div>
  907 |         </div>
> 908 |       </section>
      |         ^^^^^^^
  909 |
  910 |       {/* תוצאות חיפוש */}
  911 |       <div>

Parsing ecmascript source code failed

Import trace:
  Server Component:
    ./app/admin/AdminDashboard.tsx
    ./app/admin/page.tsx @ http://localhost:3000/_next/static/chunks/node_modules_next_dist_0u_w_5s._.js:1945
[ 4231363ms] [ERROR] ./app/admin/AdminDashboard.tsx:908:9
Expected corresponding JSX closing tag for <main>
  906 |           </div>
  907 |         </div>
> 908 |       </section>
      |         ^^^^^^^
  909 |
  910 |       {/* תוצאות חיפוש */}
  911 |       <div>

Parsing ecmascript source code failed

Import trace:
  Server Component:
    ./app/admin/AdminDashboard.tsx
    ./app/admin/page.tsx @ http://localhost:3000/_next/static/chunks/node_modules_next_dist_0u_w_5s._.js:1945
[ 4231431ms] [ERROR] ./app/admin/AdminDashboard.tsx:908:9
Expected corresponding JSX closing tag for <main>
  906 |           </div>
  907 |         </div>
> 908 |       </section>
      |         ^^^^^^^
  909 |
  910 |       {/* תוצאות חיפוש */}
  911 |       <div>

Parsing ecmascript source code failed

Import trace:
  Server Component:
    ./app/admin/AdminDashboard.tsx
    ./app/admin/page.tsx @ http://localhost:3000/_next/static/chunks/node_modules_next_dist_0u_w_5s._.js:1945
[ 4231494ms] [ERROR] ./app/admin/AdminDashboard.tsx:908:9
Expected corresponding JSX closing tag for <main>
  906 |           </div>
  907 |         </div>
> 908 |       </section>
      |         ^^^^^^^
  909 |
  910 |       {/* תוצאות חיפוש */}
  911 |       <div>

Parsing ecmascript source code failed

Import trace:
  Server Component:
    ./app/admin/AdminDashboard.tsx
    ./app/admin/page.tsx @ http://localhost:3000/_next/static/chunks/node_modules_next_dist_0u_w_5s._.js:1945
[ 4231563ms] [ERROR] ./app/admin/AdminDashboard.tsx:908:9
Expected corresponding JSX closing tag for <main>
  906 |           </div>
  907 |         </div>
> 908 |       </section>
      |         ^^^^^^^
  909 |
  910 |       {/* תוצאות חיפוש */}
  911 |       <div>

Parsing ecmascript source code failed

Import trace:
  Server Component:
    ./app/admin/AdminDashboard.tsx
    ./app/admin/page.tsx @ http://localhost:3000/_next/static/chunks/node_modules_next_dist_0u_w_5s._.js:1945
[ 4231646ms] [ERROR] ./app/admin/AdminDashboard.tsx:908:9
Expected corresponding JSX closing tag for <main>
  906 |           </div>
  907 |         </div>
> 908 |       </section>
      |         ^^^^^^^
  909 |
  910 |       {/* תוצאות חיפוש */}
  911 |       <div>

Parsing ecmascript source code failed

Import trace:
  Server Component:
    ./app/admin/AdminDashboard.tsx
    ./app/admin/page.tsx @ http://localhost:3000/_next/static/chunks/node_modules_next_dist_0u_w_5s._.js:1945
[ 4231713ms] [ERROR] ./app/admin/AdminDashboard.tsx:908:9
Expected corresponding JSX closing tag for <main>
  906 |           </div>
  907 |         </div>
> 908 |       </section>
      |         ^^^^^^^
  909 |
  910 |       {/* תוצאות חיפוש */}
  911 |       <div>

Parsing ecmascript source code failed

Import trace:
  Server Component:
    ./app/admin/AdminDashboard.tsx
    ./app/admin/page.tsx @ http://localhost:3000/_next/static/chunks/node_modules_next_dist_0u_w_5s._.js:1945
[ 4231796ms] [ERROR] ./app/admin/AdminDashboard.tsx:908:9
Expected corresponding JSX closing tag for <main>
  906 |           </div>
  907 |         </div>
> 908 |       </section>
      |         ^^^^^^^
  909 |
  910 |       {/* תוצאות חיפוש */}
  911 |       <div>

Parsing ecmascript source code failed

Import trace:
  Server Component:
    ./app/admin/AdminDashboard.tsx
    ./app/admin/page.tsx @ http://localhost:3000/_next/static/chunks/node_modules_next_dist_0u_w_5s._.js:1945
[ 4231879ms] [ERROR] ./app/admin/AdminDashboard.tsx:908:9
Expected corresponding JSX closing tag for <main>
  906 |           </div>
  907 |         </div>
> 908 |       </section>
      |         ^^^^^^^
  909 |
  910 |       {/* תוצאות חיפוש */}
  911 |       <div>

Parsing ecmascript source code failed

Import trace:
  Server Component:
    ./app/admin/AdminDashboard.tsx
    ./app/admin/page.tsx @ http://localhost:3000/_next/static/chunks/node_modules_next_dist_0u_w_5s._.js:1945
[ 4231963ms] [ERROR] ./app/admin/AdminDashboard.tsx:908:9
Expected corresponding JSX closing tag for <main>
  906 |           </div>
  907 |         </div>
> 908 |       </section>
      |         ^^^^^^^
  909 |
  910 |       {/* תוצאות חיפוש */}
  911 |       <div>

Parsing ecmascript source code failed

Import trace:
  Server Component:
    ./app/admin/AdminDashboard.tsx
    ./app/admin/page.tsx @ http://localhost:3000/_next/static/chunks/node_modules_next_dist_0u_w_5s._.js:1945
[ 4232029ms] [ERROR] ./app/admin/AdminDashboard.tsx:908:9
Expected corresponding JSX closing tag for <main>
  906 |           </div>
  907 |         </div>
> 908 |       </section>
      |         ^^^^^^^
  909 |
  910 |       {/* תוצאות חיפוש */}
  911 |       <div>

Parsing ecmascript source code failed

Import trace:
  Server Component:
    ./app/admin/AdminDashboard.tsx
    ./app/admin/page.tsx @ http://localhost:3000/_next/static/chunks/node_modules_next_dist_0u_w_5s._.js:1945
[ 4232098ms] [ERROR] ./app/admin/AdminDashboard.tsx:908:9
Expected corresponding JSX closing tag for <main>
  906 |           </div>
  907 |         </div>
> 908 |       </section>
      |         ^^^^^^^
  909 |
  910 |       {/* תוצאות חיפוש */}
  911 |       <div>

Parsing ecmascript source code failed

Import trace:
  Server Component:
    ./app/admin/AdminDashboard.tsx
    ./app/admin/page.tsx @ http://localhost:3000/_next/static/chunks/node_modules_next_dist_0u_w_5s._.js:1945
[ 4232171ms] [ERROR] ./app/admin/AdminDashboard.tsx:908:9
Expected corresponding JSX closing tag for <main>
  906 |           </div>
  907 |         </div>
> 908 |       </section>
      |         ^^^^^^^
  909 |
  910 |       {/* תוצאות חיפוש */}
  911 |       <div>

Parsing ecmascript source code failed

Import trace:
  Server Component:
    ./app/admin/AdminDashboard.tsx
    ./app/admin/page.tsx @ http://localhost:3000/_next/static/chunks/node_modules_next_dist_0u_w_5s._.js:1945
[ 4232240ms] [ERROR] ./app/admin/AdminDashboard.tsx:908:9
Expected corresponding JSX closing tag for <main>
  906 |           </div>
  907 |         </div>
> 908 |       </section>
      |         ^^^^^^^
  909 |
  910 |       {/* תוצאות חיפוש */}
  911 |       <div>

Parsing ecmascript source code failed

Import trace:
  Server Component:
    ./app/admin/AdminDashboard.tsx
    ./app/admin/page.tsx @ http://localhost:3000/_next/static/chunks/node_modules_next_dist_0u_w_5s._.js:1945
[ 4232317ms] [ERROR] ./app/admin/AdminDashboard.tsx:908:9
Expected corresponding JSX closing tag for <main>
  906 |           </div>
  907 |         </div>
> 908 |       </section>
      |         ^^^^^^^
  909 |
  910 |       {/* תוצאות חיפוש */}
  911 |       <div>

Parsing ecmascript source code failed

Import trace:
  Server Component:
    ./app/admin/AdminDashboard.tsx
    ./app/admin/page.tsx @ http://localhost:3000/_next/static/chunks/node_modules_next_dist_0u_w_5s._.js:1945
[ 4232381ms] [ERROR] ./app/admin/AdminDashboard.tsx:908:9
Expected corresponding JSX closing tag for <main>
  906 |           </div>
  907 |         </div>
> 908 |       </section>
      |         ^^^^^^^
  909 |
  910 |       {/* תוצאות חיפוש */}
  911 |       <div>

Parsing ecmascript source code failed

Import trace:
  Server Component:
    ./app/admin/AdminDashboard.tsx
    ./app/admin/page.tsx @ http://localhost:3000/_next/static/chunks/node_modules_next_dist_0u_w_5s._.js:1945
[ 4232448ms] [ERROR] ./app/admin/AdminDashboard.tsx:908:9
Expected corresponding JSX closing tag for <main>
  906 |           </div>
  907 |         </div>
> 908 |       </section>
      |         ^^^^^^^
  909 |
  910 |       {/* תוצאות חיפוש */}
  911 |       <div>

Parsing ecmascript source code failed

Import trace:
  Server Component:
    ./app/admin/AdminDashboard.tsx
    ./app/admin/page.tsx @ http://localhost:3000/_next/static/chunks/node_modules_next_dist_0u_w_5s._.js:1945
[ 4232516ms] [ERROR] ./app/admin/AdminDashboard.tsx:908:9
Expected corresponding JSX closing tag for <main>
  906 |           </div>
  907 |         </div>
> 908 |       </section>
      |         ^^^^^^^
  909 |
  910 |       {/* תוצאות חיפוש */}
  911 |       <div>

Parsing ecmascript source code failed

Import trace:
  Server Component:
    ./app/admin/AdminDashboard.tsx
    ./app/admin/page.tsx @ http://localhost:3000/_next/static/chunks/node_modules_next_dist_0u_w_5s._.js:1945
[ 4232580ms] [ERROR] ./app/admin/AdminDashboard.tsx:908:9
Expected corresponding JSX closing tag for <main>
  906 |           </div>
  907 |         </div>
> 908 |       </section>
      |         ^^^^^^^
  909 |
  910 |       {/* תוצאות חיפוש */}
  911 |       <div>

Parsing ecmascript source code failed

Import trace:
  Server Component:
    ./app/admin/AdminDashboard.tsx
    ./app/admin/page.tsx @ http://localhost:3000/_next/static/chunks/node_modules_next_dist_0u_w_5s._.js:1945
[ 4232649ms] [ERROR] ./app/admin/AdminDashboard.tsx:908:9
Expected corresponding JSX closing tag for <main>
  906 |           </div>
  907 |         </div>
> 908 |       </section>
      |         ^^^^^^^
  909 |
  910 |       {/* תוצאות חיפוש */}
  911 |       <div>

Parsing ecmascript source code failed

Import trace:
  Server Component:
    ./app/admin/AdminDashboard.tsx
    ./app/admin/page.tsx @ http://localhost:3000/_next/static/chunks/node_modules_next_dist_0u_w_5s._.js:1945
[ 4232711ms] [ERROR] ./app/admin/AdminDashboard.tsx:908:9
Expected corresponding JSX closing tag for <main>
  906 |           </div>
  907 |         </div>
> 908 |       </section>
      |         ^^^^^^^
  909 |
  910 |       {/* תוצאות חיפוש */}
  911 |       <div>

Parsing ecmascript source code failed

Import trace:
  Server Component:
    ./app/admin/AdminDashboard.tsx
    ./app/admin/page.tsx @ http://localhost:3000/_next/static/chunks/node_modules_next_dist_0u_w_5s._.js:1945
[ 4232777ms] [ERROR] ./app/admin/AdminDashboard.tsx:908:9
Expected corresponding JSX closing tag for <main>
  906 |           </div>
  907 |         </div>
> 908 |       </section>
      |         ^^^^^^^
  909 |
  910 |       {/* תוצאות חיפוש */}
  911 |       <div>

Parsing ecmascript source code failed

Import trace:
  Server Component:
    ./app/admin/AdminDashboard.tsx
    ./app/admin/page.tsx @ http://localhost:3000/_next/static/chunks/node_modules_next_dist_0u_w_5s._.js:1945
[ 4232840ms] [ERROR] ./app/admin/AdminDashboard.tsx:908:9
Expected corresponding JSX closing tag for <main>
  906 |           </div>
  907 |         </div>
> 908 |       </section>
      |         ^^^^^^^
  909 |
  910 |       {/* תוצאות חיפוש */}
  911 |       <div>

Parsing ecmascript source code failed

Import trace:
  Server Component:
    ./app/admin/AdminDashboard.tsx
    ./app/admin/page.tsx @ http://localhost:3000/_next/static/chunks/node_modules_next_dist_0u_w_5s._.js:1945
[ 4232904ms] [ERROR] ./app/admin/AdminDashboard.tsx:908:9
Expected corresponding JSX closing tag for <main>
  906 |           </div>
  907 |         </div>
> 908 |       </section>
      |         ^^^^^^^
  909 |
  910 |       {/* תוצאות חיפוש */}
  911 |       <div>

Parsing ecmascript source code failed

Import trace:
  Server Component:
    ./app/admin/AdminDashboard.tsx
    ./app/admin/page.tsx @ http://localhost:3000/_next/static/chunks/node_modules_next_dist_0u_w_5s._.js:1945
[ 4232967ms] [ERROR] ./app/admin/AdminDashboard.tsx:908:9
Expected corresponding JSX closing tag for <main>
  906 |           </div>
  907 |         </div>
> 908 |       </section>
      |         ^^^^^^^
  909 |
  910 |       {/* תוצאות חיפוש */}
  911 |       <div>

Parsing ecmascript source code failed

Import trace:
  Server Component:
    ./app/admin/AdminDashboard.tsx
    ./app/admin/page.tsx @ http://localhost:3000/_next/static/chunks/node_modules_next_dist_0u_w_5s._.js:1945
[ 4233030ms] [ERROR] ./app/admin/AdminDashboard.tsx:908:9
Expected corresponding JSX closing tag for <main>
  906 |           </div>
  907 |         </div>
> 908 |       </section>
      |         ^^^^^^^
  909 |
  910 |       {/* תוצאות חיפוש */}
  911 |       <div>

Parsing ecmascript source code failed

Import trace:
  Server Component:
    ./app/admin/AdminDashboard.tsx
    ./app/admin/page.tsx @ http://localhost:3000/_next/static/chunks/node_modules_next_dist_0u_w_5s._.js:1945
[ 4233091ms] [ERROR] ./app/admin/AdminDashboard.tsx:908:9
Expected corresponding JSX closing tag for <main>
  906 |           </div>
  907 |         </div>
> 908 |       </section>
      |         ^^^^^^^
  909 |
  910 |       {/* תוצאות חיפוש */}
  911 |       <div>

Parsing ecmascript source code failed

Import trace:
  Server Component:
    ./app/admin/AdminDashboard.tsx
    ./app/admin/page.tsx @ http://localhost:3000/_next/static/chunks/node_modules_next_dist_0u_w_5s._.js:1945
[ 4233154ms] [ERROR] ./app/admin/AdminDashboard.tsx:908:9
Expected corresponding JSX closing tag for <main>
  906 |           </div>
  907 |         </div>
> 908 |       </section>
      |         ^^^^^^^
  909 |
  910 |       {/* תוצאות חיפוש */}
  911 |       <div>

Parsing ecmascript source code failed

Import trace:
  Server Component:
    ./app/admin/AdminDashboard.tsx
    ./app/admin/page.tsx @ http://localhost:3000/_next/static/chunks/node_modules_next_dist_0u_w_5s._.js:1945
[ 4233218ms] [ERROR] ./app/admin/AdminDashboard.tsx:908:9
Expected corresponding JSX closing tag for <main>
  906 |           </div>
  907 |         </div>
> 908 |       </section>
      |         ^^^^^^^
  909 |
  910 |       {/* תוצאות חיפוש */}
  911 |       <div>

Parsing ecmascript source code failed

Import trace:
  Server Component:
    ./app/admin/AdminDashboard.tsx
    ./app/admin/page.tsx @ http://localhost:3000/_next/static/chunks/node_modules_next_dist_0u_w_5s._.js:1945
[ 4233280ms] [ERROR] ./app/admin/AdminDashboard.tsx:908:9
Expected corresponding JSX closing tag for <main>
  906 |           </div>
  907 |         </div>
> 908 |       </section>
      |         ^^^^^^^
  909 |
  910 |       {/* תוצאות חיפוש */}
  911 |       <div>

Parsing ecmascript source code failed

Import trace:
  Server Component:
    ./app/admin/AdminDashboard.tsx
    ./app/admin/page.tsx @ http://localhost:3000/_next/static/chunks/node_modules_next_dist_0u_w_5s._.js:1945
[ 4233342ms] [ERROR] ./app/admin/AdminDashboard.tsx:908:9
Expected corresponding JSX closing tag for <main>
  906 |           </div>
  907 |         </div>
> 908 |       </section>
      |         ^^^^^^^
  909 |
  910 |       {/* תוצאות חיפוש */}
  911 |       <div>

Parsing ecmascript source code failed

Import trace:
  Server Component:
    ./app/admin/AdminDashboard.tsx
    ./app/admin/page.tsx @ http://localhost:3000/_next/static/chunks/node_modules_next_dist_0u_w_5s._.js:1945
[ 4233387ms] [ERROR] ./app/admin/AdminDashboard.tsx:908:9
Expected corresponding JSX closing tag for <main>
  906 |           </div>
  907 |         </div>
> 908 |       </section>
      |         ^^^^^^^
  909 |
  910 |       {/* תוצאות חיפוש */}
  911 |       <div>

Parsing ecmascript source code failed

Import trace:
  Server Component:
    ./app/admin/AdminDashboard.tsx
    ./app/admin/page.tsx @ http://localhost:3000/_next/static/chunks/node_modules_next_dist_0u_w_5s._.js:1945
[ 4233445ms] [ERROR] ./app/admin/AdminDashboard.tsx:908:9
Expected corresponding JSX closing tag for <main>
  906 |           </div>
  907 |         </div>
> 908 |       </section>
      |         ^^^^^^^
  909 |
  910 |       {/* תוצאות חיפוש */}
  911 |       <div>

Parsing ecmascript source code failed

Import trace:
  Server Component:
    ./app/admin/AdminDashboard.tsx
    ./app/admin/page.tsx @ http://localhost:3000/_next/static/chunks/node_modules_next_dist_0u_w_5s._.js:1945
[ 4233512ms] [ERROR] ./app/admin/AdminDashboard.tsx:908:9
Expected corresponding JSX closing tag for <main>
  906 |           </div>
  907 |         </div>
> 908 |       </section>
      |         ^^^^^^^
  909 |
  910 |       {/* תוצאות חיפוש */}
  911 |       <div>

Parsing ecmascript source code failed

Import trace:
  Server Component:
    ./app/admin/AdminDashboard.tsx
    ./app/admin/page.tsx @ http://localhost:3000/_next/static/chunks/node_modules_next_dist_0u_w_5s._.js:1945
[ 4233576ms] [ERROR] ./app/admin/AdminDashboard.tsx:908:9
Expected corresponding JSX closing tag for <main>
  906 |           </div>
  907 |         </div>
> 908 |       </section>
      |         ^^^^^^^
  909 |
  910 |       {/* תוצאות חיפוש */}
  911 |       <div>

Parsing ecmascript source code failed

Import trace:
  Server Component:
    ./app/admin/AdminDashboard.tsx
    ./app/admin/page.tsx @ http://localhost:3000/_next/static/chunks/node_modules_next_dist_0u_w_5s._.js:1945
[ 4233638ms] [ERROR] ./app/admin/AdminDashboard.tsx:908:9
Expected corresponding JSX closing tag for <main>
  906 |           </div>
  907 |         </div>
> 908 |       </section>
      |         ^^^^^^^
  909 |
  910 |       {/* תוצאות חיפוש */}
  911 |       <div>

Parsing ecmascript source code failed

Import trace:
  Server Component:
    ./app/admin/AdminDashboard.tsx
    ./app/admin/page.tsx @ http://localhost:3000/_next/static/chunks/node_modules_next_dist_0u_w_5s._.js:1945
[ 4233694ms] [ERROR] ./app/admin/AdminDashboard.tsx:908:9
Expected corresponding JSX closing tag for <main>
  906 |           </div>
  907 |         </div>
> 908 |       </section>
      |         ^^^^^^^
  909 |
  910 |       {/* תוצאות חיפוש */}
  911 |       <div>

Parsing ecmascript source code failed

Import trace:
  Server Component:
    ./app/admin/AdminDashboard.tsx
    ./app/admin/page.tsx @ http://localhost:3000/_next/static/chunks/node_modules_next_dist_0u_w_5s._.js:1945
[ 4233761ms] [ERROR] ./app/admin/AdminDashboard.tsx:908:9
Expected corresponding JSX closing tag for <main>
  906 |           </div>
  907 |         </div>
> 908 |       </section>
      |         ^^^^^^^
  909 |
  910 |       {/* תוצאות חיפוש */}
  911 |       <div>

Parsing ecmascript source code failed

Import trace:
  Server Component:
    ./app/admin/AdminDashboard.tsx
    ./app/admin/page.tsx @ http://localhost:3000/_next/static/chunks/node_modules_next_dist_0u_w_5s._.js:1945
[ 4233826ms] [ERROR] ./app/admin/AdminDashboard.tsx:908:9
Expected corresponding JSX closing tag for <main>
  906 |           </div>
  907 |         </div>
> 908 |       </section>
      |         ^^^^^^^
  909 |
  910 |       {/* תוצאות חיפוש */}
  911 |       <div>

Parsing ecmascript source code failed

Import trace:
  Server Component:
    ./app/admin/AdminDashboard.tsx
    ./app/admin/page.tsx @ http://localhost:3000/_next/static/chunks/node_modules_next_dist_0u_w_5s._.js:1945
[ 4233895ms] [ERROR] ./app/admin/AdminDashboard.tsx:908:9
Expected corresponding JSX closing tag for <main>
  906 |           </div>
  907 |         </div>
> 908 |       </section>
      |         ^^^^^^^
  909 |
  910 |       {/* תוצאות חיפוש */}
  911 |       <div>

Parsing ecmascript source code failed

Import trace:
  Server Component:
    ./app/admin/AdminDashboard.tsx
    ./app/admin/page.tsx @ http://localhost:3000/_next/static/chunks/node_modules_next_dist_0u_w_5s._.js:1945
[ 4233959ms] [ERROR] ./app/admin/AdminDashboard.tsx:908:9
Expected corresponding JSX closing tag for <main>
  906 |           </div>
  907 |         </div>
> 908 |       </section>
      |         ^^^^^^^
  909 |
  910 |       {/* תוצאות חיפוש */}
  911 |       <div>

Parsing ecmascript source code failed

Import trace:
  Server Component:
    ./app/admin/AdminDashboard.tsx
    ./app/admin/page.tsx @ http://localhost:3000/_next/static/chunks/node_modules_next_dist_0u_w_5s._.js:1945
[ 4234027ms] [ERROR] ./app/admin/AdminDashboard.tsx:908:9
Expected corresponding JSX closing tag for <main>
  906 |           </div>
  907 |         </div>
> 908 |       </section>
      |         ^^^^^^^
  909 |
  910 |       {/* תוצאות חיפוש */}
  911 |       <div>

Parsing ecmascript source code failed

Import trace:
  Server Component:
    ./app/admin/AdminDashboard.tsx
    ./app/admin/page.tsx @ http://localhost:3000/_next/static/chunks/node_modules_next_dist_0u_w_5s._.js:1945
[ 4234091ms] [ERROR] ./app/admin/AdminDashboard.tsx:908:9
Expected corresponding JSX closing tag for <main>
  906 |           </div>
  907 |         </div>
> 908 |       </section>
      |         ^^^^^^^
  909 |
  910 |       {/* תוצאות חיפוש */}
  911 |       <div>

Parsing ecmascript source code failed

Import trace:
  Server Component:
    ./app/admin/AdminDashboard.tsx
    ./app/admin/page.tsx @ http://localhost:3000/_next/static/chunks/node_modules_next_dist_0u_w_5s._.js:1945
[ 4234146ms] [ERROR] ./app/admin/AdminDashboard.tsx:908:9
Expected corresponding JSX closing tag for <main>
  906 |           </div>
  907 |         </div>
> 908 |       </section>
      |         ^^^^^^^
  909 |
  910 |       {/* תוצאות חיפוש */}
  911 |       <div>

Parsing ecmascript source code failed

Import trace:
  Server Component:
    ./app/admin/AdminDashboard.tsx
    ./app/admin/page.tsx @ http://localhost:3000/_next/static/chunks/node_modules_next_dist_0u_w_5s._.js:1945
[ 4234212ms] [ERROR] ./app/admin/AdminDashboard.tsx:908:9
Expected corresponding JSX closing tag for <main>
  906 |           </div>
  907 |         </div>
> 908 |       </section>
      |         ^^^^^^^
  909 |
  910 |       {/* תוצאות חיפוש */}
  911 |       <div>

Parsing ecmascript source code failed

Import trace:
  Server Component:
    ./app/admin/AdminDashboard.tsx
    ./app/admin/page.tsx @ http://localhost:3000/_next/static/chunks/node_modules_next_dist_0u_w_5s._.js:1945
[ 4234270ms] [ERROR] ./app/admin/AdminDashboard.tsx:908:9
Expected corresponding JSX closing tag for <main>
  906 |           </div>
  907 |         </div>
> 908 |       </section>
      |         ^^^^^^^
  909 |
  910 |       {/* תוצאות חיפוש */}
  911 |       <div>

Parsing ecmascript source code failed

Import trace:
  Server Component:
    ./app/admin/AdminDashboard.tsx
    ./app/admin/page.tsx @ http://localhost:3000/_next/static/chunks/node_modules_next_dist_0u_w_5s._.js:1945
[ 4234331ms] [ERROR] ./app/admin/AdminDashboard.tsx:908:9
Expected corresponding JSX closing tag for <main>
  906 |           </div>
  907 |         </div>
> 908 |       </section>
      |         ^^^^^^^
  909 |
  910 |       {/* תוצאות חיפוש */}
  911 |       <div>

Parsing ecmascript source code failed

Import trace:
  Server Component:
    ./app/admin/AdminDashboard.tsx
    ./app/admin/page.tsx @ http://localhost:3000/_next/static/chunks/node_modules_next_dist_0u_w_5s._.js:1945
[ 4234394ms] [ERROR] ./app/admin/AdminDashboard.tsx:908:9
Expected corresponding JSX closing tag for <main>
  906 |           </div>
  907 |         </div>
> 908 |       </section>
      |         ^^^^^^^
  909 |
  910 |       {/* תוצאות חיפוש */}
  911 |       <div>

Parsing ecmascript source code failed

Import trace:
  Server Component:
    ./app/admin/AdminDashboard.tsx
    ./app/admin/page.tsx @ http://localhost:3000/_next/static/chunks/node_modules_next_dist_0u_w_5s._.js:1945
[ 4234456ms] [ERROR] ./app/admin/AdminDashboard.tsx:908:9
Expected corresponding JSX closing tag for <main>
  906 |           </div>
  907 |         </div>
> 908 |       </section>
      |         ^^^^^^^
  909 |
  910 |       {/* תוצאות חיפוש */}
  911 |       <div>

Parsing ecmascript source code failed

Import trace:
  Server Component:
    ./app/admin/AdminDashboard.tsx
    ./app/admin/page.tsx @ http://localhost:3000/_next/static/chunks/node_modules_next_dist_0u_w_5s._.js:1945
[ 4234513ms] [ERROR] ./app/admin/AdminDashboard.tsx:908:9
Expected corresponding JSX closing tag for <main>
  906 |           </div>
  907 |         </div>
> 908 |       </section>
      |         ^^^^^^^
  909 |
  910 |       {/* תוצאות חיפוש */}
  911 |       <div>

Parsing ecmascript source code failed

Import trace:
  Server Component:
    ./app/admin/AdminDashboard.tsx
    ./app/admin/page.tsx @ http://localhost:3000/_next/static/chunks/node_modules_next_dist_0u_w_5s._.js:1945
[ 4234576ms] [ERROR] ./app/admin/AdminDashboard.tsx:908:9
Expected corresponding JSX closing tag for <main>
  906 |           </div>
  907 |         </div>
> 908 |       </section>
      |         ^^^^^^^
  909 |
  910 |       {/* תוצאות חיפוש */}
  911 |       <div>

Parsing ecmascript source code failed

Import trace:
  Server Component:
    ./app/admin/AdminDashboard.tsx
    ./app/admin/page.tsx @ http://localhost:3000/_next/static/chunks/node_modules_next_dist_0u_w_5s._.js:1945
[ 4234648ms] [ERROR] ./app/admin/AdminDashboard.tsx:908:9
Expected corresponding JSX closing tag for <main>
  906 |           </div>
  907 |         </div>
> 908 |       </section>
      |         ^^^^^^^
  909 |
  910 |       {/* תוצאות חיפוש */}
  911 |       <div>

Parsing ecmascript source code failed

Import trace:
  Server Component:
    ./app/admin/AdminDashboard.tsx
    ./app/admin/page.tsx @ http://localhost:3000/_next/static/chunks/node_modules_next_dist_0u_w_5s._.js:1945
[ 4234713ms] [ERROR] ./app/admin/AdminDashboard.tsx:908:9
Expected corresponding JSX closing tag for <main>
  906 |           </div>
  907 |         </div>
> 908 |       </section>
      |         ^^^^^^^
  909 |
  910 |       {/* תוצאות חיפוש */}
  911 |       <div>

Parsing ecmascript source code failed

Import trace:
  Server Component:
    ./app/admin/AdminDashboard.tsx
    ./app/admin/page.tsx @ http://localhost:3000/_next/static/chunks/node_modules_next_dist_0u_w_5s._.js:1945
[ 4234798ms] [ERROR] ./app/admin/AdminDashboard.tsx:908:9
Expected corresponding JSX closing tag for <main>
  906 |           </div>
  907 |         </div>
> 908 |       </section>
      |         ^^^^^^^
  909 |
  910 |       {/* תוצאות חיפוש */}
  911 |       <div>

Parsing ecmascript source code failed

Import trace:
  Server Component:
    ./app/admin/AdminDashboard.tsx
    ./app/admin/page.tsx @ http://localhost:3000/_next/static/chunks/node_modules_next_dist_0u_w_5s._.js:1945
[ 4234878ms] [ERROR] ./app/admin/AdminDashboard.tsx:908:9
Expected corresponding JSX closing tag for <main>
  906 |           </div>
  907 |         </div>
> 908 |       </section>
      |         ^^^^^^^
  909 |
  910 |       {/* תוצאות חיפוש */}
  911 |       <div>

Parsing ecmascript source code failed

Import trace:
  Server Component:
    ./app/admin/AdminDashboard.tsx
    ./app/admin/page.tsx @ http://localhost:3000/_next/static/chunks/node_modules_next_dist_0u_w_5s._.js:1945
[ 4234961ms] [ERROR] ./app/admin/AdminDashboard.tsx:908:9
Expected corresponding JSX closing tag for <main>
  906 |           </div>
  907 |         </div>
> 908 |       </section>
      |         ^^^^^^^
  909 |
  910 |       {/* תוצאות חיפוש */}
  911 |       <div>

Parsing ecmascript source code failed

Import trace:
  Server Component:
    ./app/admin/AdminDashboard.tsx
    ./app/admin/page.tsx @ http://localhost:3000/_next/static/chunks/node_modules_next_dist_0u_w_5s._.js:1945
[ 4235048ms] [ERROR] ./app/admin/AdminDashboard.tsx:908:9
Expected corresponding JSX closing tag for <main>
  906 |           </div>
  907 |         </div>
> 908 |       </section>
      |         ^^^^^^^
  909 |
  910 |       {/* תוצאות חיפוש */}
  911 |       <div>

Parsing ecmascript source code failed

Import trace:
  Server Component:
    ./app/admin/AdminDashboard.tsx
    ./app/admin/page.tsx @ http://localhost:3000/_next/static/chunks/node_modules_next_dist_0u_w_5s._.js:1945
[ 4235131ms] [ERROR] ./app/admin/AdminDashboard.tsx:908:9
Expected corresponding JSX closing tag for <main>
  906 |           </div>
  907 |         </div>
> 908 |       </section>
      |         ^^^^^^^
  909 |
  910 |       {/* תוצאות חיפוש */}
  911 |       <div>

Parsing ecmascript source code failed

Import trace:
  Server Component:
    ./app/admin/AdminDashboard.tsx
    ./app/admin/page.tsx @ http://localhost:3000/_next/static/chunks/node_modules_next_dist_0u_w_5s._.js:1945
[ 4235212ms] [ERROR] ./app/admin/AdminDashboard.tsx:908:9
Expected corresponding JSX closing tag for <main>
  906 |           </div>
  907 |         </div>
> 908 |       </section>
      |         ^^^^^^^
  909 |
  910 |       {/* תוצאות חיפוש */}
  911 |       <div>

Parsing ecmascript source code failed

Import trace:
  Server Component:
    ./app/admin/AdminDashboard.tsx
    ./app/admin/page.tsx @ http://localhost:3000/_next/static/chunks/node_modules_next_dist_0u_w_5s._.js:1945
[ 4235280ms] [ERROR] ./app/admin/AdminDashboard.tsx:908:9
Expected corresponding JSX closing tag for <main>
  906 |           </div>
  907 |         </div>
> 908 |       </section>
      |         ^^^^^^^
  909 |
  910 |       {/* תוצאות חיפוש */}
  911 |       <div>

Parsing ecmascript source code failed

Import trace:
  Server Component:
    ./app/admin/AdminDashboard.tsx
    ./app/admin/page.tsx @ http://localhost:3000/_next/static/chunks/node_modules_next_dist_0u_w_5s._.js:1945
[ 4235361ms] [ERROR] ./app/admin/AdminDashboard.tsx:908:9
Expected corresponding JSX closing tag for <main>
  906 |           </div>
  907 |         </div>
> 908 |       </section>
      |         ^^^^^^^
  909 |
  910 |       {/* תוצאות חיפוש */}
  911 |       <div>

Parsing ecmascript source code failed

Import trace:
  Server Component:
    ./app/admin/AdminDashboard.tsx
    ./app/admin/page.tsx @ http://localhost:3000/_next/static/chunks/node_modules_next_dist_0u_w_5s._.js:1945
[ 4235425ms] [ERROR] ./app/admin/AdminDashboard.tsx:908:9
Expected corresponding JSX closing tag for <main>
  906 |           </div>
  907 |         </div>
> 908 |       </section>
      |         ^^^^^^^
  909 |
  910 |       {/* תוצאות חיפוש */}
  911 |       <div>

Parsing ecmascript source code failed

Import trace:
  Server Component:
    ./app/admin/AdminDashboard.tsx
    ./app/admin/page.tsx @ http://localhost:3000/_next/static/chunks/node_modules_next_dist_0u_w_5s._.js:1945
[ 4235480ms] [ERROR] ./app/admin/AdminDashboard.tsx:908:9
Expected corresponding JSX closing tag for <main>
  906 |           </div>
  907 |         </div>
> 908 |       </section>
      |         ^^^^^^^
  909 |
  910 |       {/* תוצאות חיפוש */}
  911 |       <div>

Parsing ecmascript source code failed

Import trace:
  Server Component:
    ./app/admin/AdminDashboard.tsx
    ./app/admin/page.tsx @ http://localhost:3000/_next/static/chunks/node_modules_next_dist_0u_w_5s._.js:1945
[ 4235545ms] [ERROR] ./app/admin/AdminDashboard.tsx:908:9
Expected corresponding JSX closing tag for <main>
  906 |           </div>
  907 |         </div>
> 908 |       </section>
      |         ^^^^^^^
  909 |
  910 |       {/* תוצאות חיפוש */}
  911 |       <div>

Parsing ecmascript source code failed

Import trace:
  Server Component:
    ./app/admin/AdminDashboard.tsx
    ./app/admin/page.tsx @ http://localhost:3000/_next/static/chunks/node_modules_next_dist_0u_w_5s._.js:1945
[ 4235611ms] [ERROR] ./app/admin/AdminDashboard.tsx:908:9
Expected corresponding JSX closing tag for <main>
  906 |           </div>
  907 |         </div>
> 908 |       </section>
      |         ^^^^^^^
  909 |
  910 |       {/* תוצאות חיפוש */}
  911 |       <div>

Parsing ecmascript source code failed

Import trace:
  Server Component:
    ./app/admin/AdminDashboard.tsx
    ./app/admin/page.tsx @ http://localhost:3000/_next/static/chunks/node_modules_next_dist_0u_w_5s._.js:1945
[ 4235673ms] [ERROR] ./app/admin/AdminDashboard.tsx:908:9
Expected corresponding JSX closing tag for <main>
  906 |           </div>
  907 |         </div>
> 908 |       </section>
      |         ^^^^^^^
  909 |
  910 |       {/* תוצאות חיפוש */}
  911 |       <div>

Parsing ecmascript source code failed

Import trace:
  Server Component:
    ./app/admin/AdminDashboard.tsx
    ./app/admin/page.tsx @ http://localhost:3000/_next/static/chunks/node_modules_next_dist_0u_w_5s._.js:1945
[ 4235729ms] [ERROR] ./app/admin/AdminDashboard.tsx:908:9
Expected corresponding JSX closing tag for <main>
  906 |           </div>
  907 |         </div>
> 908 |       </section>
      |         ^^^^^^^
  909 |
  910 |       {/* תוצאות חיפוש */}
  911 |       <div>

Parsing ecmascript source code failed

Import trace:
  Server Component:
    ./app/admin/AdminDashboard.tsx
    ./app/admin/page.tsx @ http://localhost:3000/_next/static/chunks/node_modules_next_dist_0u_w_5s._.js:1945
[ 4235795ms] [ERROR] ./app/admin/AdminDashboard.tsx:908:9
Expected corresponding JSX closing tag for <main>
  906 |           </div>
  907 |         </div>
> 908 |       </section>
      |         ^^^^^^^
  909 |
  910 |       {/* תוצאות חיפוש */}
  911 |       <div>

Parsing ecmascript source code failed

Import trace:
  Server Component:
    ./app/admin/AdminDashboard.tsx
    ./app/admin/page.tsx @ http://localhost:3000/_next/static/chunks/node_modules_next_dist_0u_w_5s._.js:1945
[ 4235862ms] [ERROR] ./app/admin/AdminDashboard.tsx:908:9
Expected corresponding JSX closing tag for <main>
  906 |           </div>
  907 |         </div>
> 908 |       </section>
      |         ^^^^^^^
  909 |
  910 |       {/* תוצאות חיפוש */}
  911 |       <div>

Parsing ecmascript source code failed

Import trace:
  Server Component:
    ./app/admin/AdminDashboard.tsx
    ./app/admin/page.tsx @ http://localhost:3000/_next/static/chunks/node_modules_next_dist_0u_w_5s._.js:1945
[ 4235928ms] [ERROR] ./app/admin/AdminDashboard.tsx:908:9
Expected corresponding JSX closing tag for <main>
  906 |           </div>
  907 |         </div>
> 908 |       </section>
      |         ^^^^^^^
  909 |
  910 |       {/* תוצאות חיפוש */}
  911 |       <div>

Parsing ecmascript source code failed

Import trace:
  Server Component:
    ./app/admin/AdminDashboard.tsx
    ./app/admin/page.tsx @ http://localhost:3000/_next/static/chunks/node_modules_next_dist_0u_w_5s._.js:1945
[ 4235996ms] [ERROR] ./app/admin/AdminDashboard.tsx:908:9
Expected corresponding JSX closing tag for <main>
  906 |           </div>
  907 |         </div>
> 908 |       </section>
      |         ^^^^^^^
  909 |
  910 |       {/* תוצאות חיפוש */}
  911 |       <div>

Parsing ecmascript source code failed

Import trace:
  Server Component:
    ./app/admin/AdminDashboard.tsx
    ./app/admin/page.tsx @ http://localhost:3000/_next/static/chunks/node_modules_next_dist_0u_w_5s._.js:1945
[ 4236063ms] [ERROR] ./app/admin/AdminDashboard.tsx:908:9
Expected corresponding JSX closing tag for <main>
  906 |           </div>
  907 |         </div>
> 908 |       </section>
      |         ^^^^^^^
  909 |
  910 |       {/* תוצאות חיפוש */}
  911 |       <div>

Parsing ecmascript source code failed

Import trace:
  Server Component:
    ./app/admin/AdminDashboard.tsx
    ./app/admin/page.tsx @ http://localhost:3000/_next/static/chunks/node_modules_next_dist_0u_w_5s._.js:1945
[ 4236144ms] [ERROR] ./app/admin/AdminDashboard.tsx:908:9
Expected corresponding JSX closing tag for <main>
  906 |           </div>
  907 |         </div>
> 908 |       </section>
      |         ^^^^^^^
  909 |
  910 |       {/* תוצאות חיפוש */}
  911 |       <div>

Parsing ecmascript source code failed

Import trace:
  Server Component:
    ./app/admin/AdminDashboard.tsx
    ./app/admin/page.tsx @ http://localhost:3000/_next/static/chunks/node_modules_next_dist_0u_w_5s._.js:1945
[ 4236207ms] [ERROR] ./app/admin/AdminDashboard.tsx:908:9
Expected corresponding JSX closing tag for <main>
  906 |           </div>
  907 |         </div>
> 908 |       </section>
      |         ^^^^^^^
  909 |
  910 |       {/* תוצאות חיפוש */}
  911 |       <div>

Parsing ecmascript source code failed

Import trace:
  Server Component:
    ./app/admin/AdminDashboard.tsx
    ./app/admin/page.tsx @ http://localhost:3000/_next/static/chunks/node_modules_next_dist_0u_w_5s._.js:1945
[ 4236280ms] [ERROR] ./app/admin/AdminDashboard.tsx:908:9
Expected corresponding JSX closing tag for <main>
  906 |           </div>
  907 |         </div>
> 908 |       </section>
      |         ^^^^^^^
  909 |
  910 |       {/* תוצאות חיפוש */}
  911 |       <div>

Parsing ecmascript source code failed

Import trace:
  Server Component:
    ./app/admin/AdminDashboard.tsx
    ./app/admin/page.tsx @ http://localhost:3000/_next/static/chunks/node_modules_next_dist_0u_w_5s._.js:1945
[ 4236344ms] [ERROR] ./app/admin/AdminDashboard.tsx:908:9
Expected corresponding JSX closing tag for <main>
  906 |           </div>
  907 |         </div>
> 908 |       </section>
      |         ^^^^^^^
  909 |
  910 |       {/* תוצאות חיפוש */}
  911 |       <div>

Parsing ecmascript source code failed

Import trace:
  Server Component:
    ./app/admin/AdminDashboard.tsx
    ./app/admin/page.tsx @ http://localhost:3000/_next/static/chunks/node_modules_next_dist_0u_w_5s._.js:1945
[ 4236413ms] [ERROR] ./app/admin/AdminDashboard.tsx:908:9
Expected corresponding JSX closing tag for <main>
  906 |           </div>
  907 |         </div>
> 908 |       </section>
      |         ^^^^^^^
  909 |
  910 |       {/* תוצאות חיפוש */}
  911 |       <div>

Parsing ecmascript source code failed

Import trace:
  Server Component:
    ./app/admin/AdminDashboard.tsx
    ./app/admin/page.tsx @ http://localhost:3000/_next/static/chunks/node_modules_next_dist_0u_w_5s._.js:1945
[ 4236480ms] [ERROR] ./app/admin/AdminDashboard.tsx:908:9
Expected corresponding JSX closing tag for <main>
  906 |           </div>
  907 |         </div>
> 908 |       </section>
      |         ^^^^^^^
  909 |
  910 |       {/* תוצאות חיפוש */}
  911 |       <div>

Parsing ecmascript source code failed

Import trace:
  Server Component:
    ./app/admin/AdminDashboard.tsx
    ./app/admin/page.tsx @ http://localhost:3000/_next/static/chunks/node_modules_next_dist_0u_w_5s._.js:1945
[ 4236561ms] [ERROR] ./app/admin/AdminDashboard.tsx:908:9
Expected corresponding JSX closing tag for <main>
  906 |           </div>
  907 |         </div>
> 908 |       </section>
      |         ^^^^^^^
  909 |
  910 |       {/* תוצאות חיפוש */}
  911 |       <div>

Parsing ecmascript source code failed

Import trace:
  Server Component:
    ./app/admin/AdminDashboard.tsx
    ./app/admin/page.tsx @ http://localhost:3000/_next/static/chunks/node_modules_next_dist_0u_w_5s._.js:1945
[ 4236628ms] [ERROR] ./app/admin/AdminDashboard.tsx:908:9
Expected corresponding JSX closing tag for <main>
  906 |           </div>
  907 |         </div>
> 908 |       </section>
      |         ^^^^^^^
  909 |
  910 |       {/* תוצאות חיפוש */}
  911 |       <div>

Parsing ecmascript source code failed

Import trace:
  Server Component:
    ./app/admin/AdminDashboard.tsx
    ./app/admin/page.tsx @ http://localhost:3000/_next/static/chunks/node_modules_next_dist_0u_w_5s._.js:1945
[ 4236695ms] [ERROR] ./app/admin/AdminDashboard.tsx:908:9
Expected corresponding JSX closing tag for <main>
  906 |           </div>
  907 |         </div>
> 908 |       </section>
      |         ^^^^^^^
  909 |
  910 |       {/* תוצאות חיפוש */}
  911 |       <div>

Parsing ecmascript source code failed

Import trace:
  Server Component:
    ./app/admin/AdminDashboard.tsx
    ./app/admin/page.tsx @ http://localhost:3000/_next/static/chunks/node_modules_next_dist_0u_w_5s._.js:1945
[ 4236761ms] [ERROR] ./app/admin/AdminDashboard.tsx:908:9
Expected corresponding JSX closing tag for <main>
  906 |           </div>
  907 |         </div>
> 908 |       </section>
      |         ^^^^^^^
  909 |
  910 |       {/* תוצאות חיפוש */}
  911 |       <div>

Parsing ecmascript source code failed

Import trace:
  Server Component:
    ./app/admin/AdminDashboard.tsx
    ./app/admin/page.tsx @ http://localhost:3000/_next/static/chunks/node_modules_next_dist_0u_w_5s._.js:1945
[ 4236827ms] [ERROR] ./app/admin/AdminDashboard.tsx:908:9
Expected corresponding JSX closing tag for <main>
  906 |           </div>
  907 |         </div>
> 908 |       </section>
      |         ^^^^^^^
  909 |
  910 |       {/* תוצאות חיפוש */}
  911 |       <div>

Parsing ecmascript source code failed

Import trace:
  Server Component:
    ./app/admin/AdminDashboard.tsx
    ./app/admin/page.tsx @ http://localhost:3000/_next/static/chunks/node_modules_next_dist_0u_w_5s._.js:1945
[ 4236895ms] [ERROR] ./app/admin/AdminDashboard.tsx:908:9
Expected corresponding JSX closing tag for <main>
  906 |           </div>
  907 |         </div>
> 908 |       </section>
      |         ^^^^^^^
  909 |
  910 |       {/* תוצאות חיפוש */}
  911 |       <div>

Parsing ecmascript source code failed

Import trace:
  Server Component:
    ./app/admin/AdminDashboard.tsx
    ./app/admin/page.tsx @ http://localhost:3000/_next/static/chunks/node_modules_next_dist_0u_w_5s._.js:1945
[ 4236961ms] [ERROR] ./app/admin/AdminDashboard.tsx:908:9
Expected corresponding JSX closing tag for <main>
  906 |           </div>
  907 |         </div>
> 908 |       </section>
      |         ^^^^^^^
  909 |
  910 |       {/* תוצאות חיפוש */}
  911 |       <div>

Parsing ecmascript source code failed

Import trace:
  Server Component:
    ./app/admin/AdminDashboard.tsx
    ./app/admin/page.tsx @ http://localhost:3000/_next/static/chunks/node_modules_next_dist_0u_w_5s._.js:1945
[ 4237016ms] [ERROR] ./app/admin/AdminDashboard.tsx:908:9
Expected corresponding JSX closing tag for <main>
  906 |           </div>
  907 |         </div>
> 908 |       </section>
      |         ^^^^^^^
  909 |
  910 |       {/* תוצאות חיפוש */}
  911 |       <div>

Parsing ecmascript source code failed

Import trace:
  Server Component:
    ./app/admin/AdminDashboard.tsx
    ./app/admin/page.tsx @ http://localhost:3000/_next/static/chunks/node_modules_next_dist_0u_w_5s._.js:1945
[ 4237081ms] [ERROR] ./app/admin/AdminDashboard.tsx:908:9
Expected corresponding JSX closing tag for <main>
  906 |           </div>
  907 |         </div>
> 908 |       </section>
      |         ^^^^^^^
  909 |
  910 |       {/* תוצאות חיפוש */}
  911 |       <div>

Parsing ecmascript source code failed

Import trace:
  Server Component:
    ./app/admin/AdminDashboard.tsx
    ./app/admin/page.tsx @ http://localhost:3000/_next/static/chunks/node_modules_next_dist_0u_w_5s._.js:1945
[ 4237149ms] [ERROR] ./app/admin/AdminDashboard.tsx:908:9
Expected corresponding JSX closing tag for <main>
  906 |           </div>
  907 |         </div>
> 908 |       </section>
      |         ^^^^^^^
  909 |
  910 |       {/* תוצאות חיפוש */}
  911 |       <div>

Parsing ecmascript source code failed

Import trace:
  Server Component:
    ./app/admin/AdminDashboard.tsx
    ./app/admin/page.tsx @ http://localhost:3000/_next/static/chunks/node_modules_next_dist_0u_w_5s._.js:1945
[ 4237212ms] [ERROR] ./app/admin/AdminDashboard.tsx:908:9
Expected corresponding JSX closing tag for <main>
  906 |           </div>
  907 |         </div>
> 908 |       </section>
      |         ^^^^^^^
  909 |
  910 |       {/* תוצאות חיפוש */}
  911 |       <div>

Parsing ecmascript source code failed

Import trace:
  Server Component:
    ./app/admin/AdminDashboard.tsx
    ./app/admin/page.tsx @ http://localhost:3000/_next/static/chunks/node_modules_next_dist_0u_w_5s._.js:1945
[ 4237277ms] [ERROR] ./app/admin/AdminDashboard.tsx:908:9
Expected corresponding JSX closing tag for <main>
  906 |           </div>
  907 |         </div>
> 908 |       </section>
      |         ^^^^^^^
  909 |
  910 |       {/* תוצאות חיפוש */}
  911 |       <div>

Parsing ecmascript source code failed

Import trace:
  Server Component:
    ./app/admin/AdminDashboard.tsx
    ./app/admin/page.tsx @ http://localhost:3000/_next/static/chunks/node_modules_next_dist_0u_w_5s._.js:1945
[ 4237340ms] [ERROR] ./app/admin/AdminDashboard.tsx:908:9
Expected corresponding JSX closing tag for <main>
  906 |           </div>
  907 |         </div>
> 908 |       </section>
      |         ^^^^^^^
  909 |
  910 |       {/* תוצאות חיפוש */}
  911 |       <div>

Parsing ecmascript source code failed

Import trace:
  Server Component:
    ./app/admin/AdminDashboard.tsx
    ./app/admin/page.tsx @ http://localhost:3000/_next/static/chunks/node_modules_next_dist_0u_w_5s._.js:1945
[ 4237397ms] [ERROR] ./app/admin/AdminDashboard.tsx:908:9
Expected corresponding JSX closing tag for <main>
  906 |           </div>
  907 |         </div>
> 908 |       </section>
      |         ^^^^^^^
  909 |
  910 |       {/* תוצאות חיפוש */}
  911 |       <div>

Parsing ecmascript source code failed

Import trace:
  Server Component:
    ./app/admin/AdminDashboard.tsx
    ./app/admin/page.tsx @ http://localhost:3000/_next/static/chunks/node_modules_next_dist_0u_w_5s._.js:1945
[ 4237461ms] [ERROR] ./app/admin/AdminDashboard.tsx:908:9
Expected corresponding JSX closing tag for <main>
  906 |           </div>
  907 |         </div>
> 908 |       </section>
      |         ^^^^^^^
  909 |
  910 |       {/* תוצאות חיפוש */}
  911 |       <div>

Parsing ecmascript source code failed

Import trace:
  Server Component:
    ./app/admin/AdminDashboard.tsx
    ./app/admin/page.tsx @ http://localhost:3000/_next/static/chunks/node_modules_next_dist_0u_w_5s._.js:1945
[ 4237523ms] [ERROR] ./app/admin/AdminDashboard.tsx:908:9
Expected corresponding JSX closing tag for <main>
  906 |           </div>
  907 |         </div>
> 908 |       </section>
      |         ^^^^^^^
  909 |
  910 |       {/* תוצאות חיפוש */}
  911 |       <div>

Parsing ecmascript source code failed

Import trace:
  Server Component:
    ./app/admin/AdminDashboard.tsx
    ./app/admin/page.tsx @ http://localhost:3000/_next/static/chunks/node_modules_next_dist_0u_w_5s._.js:1945
[ 4237582ms] [ERROR] ./app/admin/AdminDashboard.tsx:908:9
Expected corresponding JSX closing tag for <main>
  906 |           </div>
  907 |         </div>
> 908 |       </section>
      |         ^^^^^^^
  909 |
  910 |       {/* תוצאות חיפוש */}
  911 |       <div>

Parsing ecmascript source code failed

Import trace:
  Server Component:
    ./app/admin/AdminDashboard.tsx
    ./app/admin/page.tsx @ http://localhost:3000/_next/static/chunks/node_modules_next_dist_0u_w_5s._.js:1945
[ 4237646ms] [ERROR] ./app/admin/AdminDashboard.tsx:908:9
Expected corresponding JSX closing tag for <main>
  906 |           </div>
  907 |         </div>
> 908 |       </section>
      |         ^^^^^^^
  909 |
  910 |       {/* תוצאות חיפוש */}
  911 |       <div>

Parsing ecmascript source code failed

Import trace:
  Server Component:
    ./app/admin/AdminDashboard.tsx
    ./app/admin/page.tsx @ http://localhost:3000/_next/static/chunks/node_modules_next_dist_0u_w_5s._.js:1945
[ 4237713ms] [ERROR] ./app/admin/AdminDashboard.tsx:908:9
Expected corresponding JSX closing tag for <main>
  906 |           </div>
  907 |         </div>
> 908 |       </section>
      |         ^^^^^^^
  909 |
  910 |       {/* תוצאות חיפוש */}
  911 |       <div>

Parsing ecmascript source code failed

Import trace:
  Server Component:
    ./app/admin/AdminDashboard.tsx
    ./app/admin/page.tsx @ http://localhost:3000/_next/static/chunks/node_modules_next_dist_0u_w_5s._.js:1945
[ 4237776ms] [ERROR] ./app/admin/AdminDashboard.tsx:908:9
Expected corresponding JSX closing tag for <main>
  906 |           </div>
  907 |         </div>
> 908 |       </section>
      |         ^^^^^^^
  909 |
  910 |       {/* תוצאות חיפוש */}
  911 |       <div>

Parsing ecmascript source code failed

Import trace:
  Server Component:
    ./app/admin/AdminDashboard.tsx
    ./app/admin/page.tsx @ http://localhost:3000/_next/static/chunks/node_modules_next_dist_0u_w_5s._.js:1945
[ 4237845ms] [ERROR] ./app/admin/AdminDashboard.tsx:908:9
Expected corresponding JSX closing tag for <main>
  906 |           </div>
  907 |         </div>
> 908 |       </section>
      |         ^^^^^^^
  909 |
  910 |       {/* תוצאות חיפוש */}
  911 |       <div>

Parsing ecmascript source code failed

Import trace:
  Server Component:
    ./app/admin/AdminDashboard.tsx
    ./app/admin/page.tsx @ http://localhost:3000/_next/static/chunks/node_modules_next_dist_0u_w_5s._.js:1945
[ 4237905ms] [ERROR] ./app/admin/AdminDashboard.tsx:908:9
Expected corresponding JSX closing tag for <main>
  906 |           </div>
  907 |         </div>
> 908 |       </section>
      |         ^^^^^^^
  909 |
  910 |       {/* תוצאות חיפוש */}
  911 |       <div>

Parsing ecmascript source code failed

Import trace:
  Server Component:
    ./app/admin/AdminDashboard.tsx
    ./app/admin/page.tsx @ http://localhost:3000/_next/static/chunks/node_modules_next_dist_0u_w_5s._.js:1945
[ 4237968ms] [ERROR] ./app/admin/AdminDashboard.tsx:908:9
Expected corresponding JSX closing tag for <main>
  906 |           </div>
  907 |         </div>
> 908 |       </section>
      |         ^^^^^^^
  909 |
  910 |       {/* תוצאות חיפוש */}
  911 |       <div>

Parsing ecmascript source code failed

Import trace:
  Server Component:
    ./app/admin/AdminDashboard.tsx
    ./app/admin/page.tsx @ http://localhost:3000/_next/static/chunks/node_modules_next_dist_0u_w_5s._.js:1945
[ 4238031ms] [ERROR] ./app/admin/AdminDashboard.tsx:908:9
Expected corresponding JSX closing tag for <main>
  906 |           </div>
  907 |         </div>
> 908 |       </section>
      |         ^^^^^^^
  909 |
  910 |       {/* תוצאות חיפוש */}
  911 |       <div>

Parsing ecmascript source code failed

Import trace:
  Server Component:
    ./app/admin/AdminDashboard.tsx
    ./app/admin/page.tsx @ http://localhost:3000/_next/static/chunks/node_modules_next_dist_0u_w_5s._.js:1945
[ 4238094ms] [ERROR] ./app/admin/AdminDashboard.tsx:908:9
Expected corresponding JSX closing tag for <main>
  906 |           </div>
  907 |         </div>
> 908 |       </section>
      |         ^^^^^^^
  909 |
  910 |       {/* תוצאות חיפוש */}
  911 |       <div>

Parsing ecmascript source code failed

Import trace:
  Server Component:
    ./app/admin/AdminDashboard.tsx
    ./app/admin/page.tsx @ http://localhost:3000/_next/static/chunks/node_modules_next_dist_0u_w_5s._.js:1945
[ 4238156ms] [ERROR] ./app/admin/AdminDashboard.tsx:908:9
Expected corresponding JSX closing tag for <main>
  906 |           </div>
  907 |         </div>
> 908 |       </section>
      |         ^^^^^^^
  909 |
  910 |       {/* תוצאות חיפוש */}
  911 |       <div>

Parsing ecmascript source code failed

Import trace:
  Server Component:
    ./app/admin/AdminDashboard.tsx
    ./app/admin/page.tsx @ http://localhost:3000/_next/static/chunks/node_modules_next_dist_0u_w_5s._.js:1945
[ 4238219ms] [ERROR] ./app/admin/AdminDashboard.tsx:908:9
Expected corresponding JSX closing tag for <main>
  906 |           </div>
  907 |         </div>
> 908 |       </section>
      |         ^^^^^^^
  909 |
  910 |       {/* תוצאות חיפוש */}
  911 |       <div>

Parsing ecmascript source code failed

Import trace:
  Server Component:
    ./app/admin/AdminDashboard.tsx
    ./app/admin/page.tsx @ http://localhost:3000/_next/static/chunks/node_modules_next_dist_0u_w_5s._.js:1945
[ 4238283ms] [ERROR] ./app/admin/AdminDashboard.tsx:908:9
Expected corresponding JSX closing tag for <main>
  906 |           </div>
  907 |         </div>
> 908 |       </section>
      |         ^^^^^^^
  909 |
  910 |       {/* תוצאות חיפוש */}
  911 |       <div>

Parsing ecmascript source code failed

Import trace:
  Server Component:
    ./app/admin/AdminDashboard.tsx
    ./app/admin/page.tsx @ http://localhost:3000/_next/static/chunks/node_modules_next_dist_0u_w_5s._.js:1945
[ 4238344ms] [ERROR] ./app/admin/AdminDashboard.tsx:908:9
Expected corresponding JSX closing tag for <main>
  906 |           </div>
  907 |         </div>
> 908 |       </section>
      |         ^^^^^^^
  909 |
  910 |       {/* תוצאות חיפוש */}
  911 |       <div>

Parsing ecmascript source code failed

Import trace:
  Server Component:
    ./app/admin/AdminDashboard.tsx
    ./app/admin/page.tsx @ http://localhost:3000/_next/static/chunks/node_modules_next_dist_0u_w_5s._.js:1945
[ 4238420ms] [ERROR] ./app/admin/AdminDashboard.tsx:908:9
Expected corresponding JSX closing tag for <main>
  906 |           </div>
  907 |         </div>
> 908 |       </section>
      |         ^^^^^^^
  909 |
  910 |       {/* תוצאות חיפוש */}
  911 |       <div>

Parsing ecmascript source code failed

Import trace:
  Server Component:
    ./app/admin/AdminDashboard.tsx
    ./app/admin/page.tsx @ http://localhost:3000/_next/static/chunks/node_modules_next_dist_0u_w_5s._.js:1945
[ 4238478ms] [ERROR] ./app/admin/AdminDashboard.tsx:908:9
Expected corresponding JSX closing tag for <main>
  906 |           </div>
  907 |         </div>
> 908 |       </section>
      |         ^^^^^^^
  909 |
  910 |       {/* תוצאות חיפוש */}
  911 |       <div>

Parsing ecmascript source code failed

Import trace:
  Server Component:
    ./app/admin/AdminDashboard.tsx
    ./app/admin/page.tsx @ http://localhost:3000/_next/static/chunks/node_modules_next_dist_0u_w_5s._.js:1945
[ 4238544ms] [ERROR] ./app/admin/AdminDashboard.tsx:908:9
Expected corresponding JSX closing tag for <main>
  906 |           </div>
  907 |         </div>
> 908 |       </section>
      |         ^^^^^^^
  909 |
  910 |       {/* תוצאות חיפוש */}
  911 |       <div>

Parsing ecmascript source code failed

Import trace:
  Server Component:
    ./app/admin/AdminDashboard.tsx
    ./app/admin/page.tsx @ http://localhost:3000/_next/static/chunks/node_modules_next_dist_0u_w_5s._.js:1945
[ 4238611ms] [ERROR] ./app/admin/AdminDashboard.tsx:908:9
Expected corresponding JSX closing tag for <main>
  906 |           </div>
  907 |         </div>
> 908 |       </section>
      |         ^^^^^^^
  909 |
  910 |       {/* תוצאות חיפוש */}
  911 |       <div>

Parsing ecmascript source code failed

Import trace:
  Server Component:
    ./app/admin/AdminDashboard.tsx
    ./app/admin/page.tsx @ http://localhost:3000/_next/static/chunks/node_modules_next_dist_0u_w_5s._.js:1945
[ 4238674ms] [ERROR] ./app/admin/AdminDashboard.tsx:908:9
Expected corresponding JSX closing tag for <main>
  906 |           </div>
  907 |         </div>
> 908 |       </section>
      |         ^^^^^^^
  909 |
  910 |       {/* תוצאות חיפוש */}
  911 |       <div>

Parsing ecmascript source code failed

Import trace:
  Server Component:
    ./app/admin/AdminDashboard.tsx
    ./app/admin/page.tsx @ http://localhost:3000/_next/static/chunks/node_modules_next_dist_0u_w_5s._.js:1945
[ 4238729ms] [ERROR] ./app/admin/AdminDashboard.tsx:908:9
Expected corresponding JSX closing tag for <main>
  906 |           </div>
  907 |         </div>
> 908 |       </section>
      |         ^^^^^^^
  909 |
  910 |       {/* תוצאות חיפוש */}
  911 |       <div>

Parsing ecmascript source code failed

Import trace:
  Server Component:
    ./app/admin/AdminDashboard.tsx
    ./app/admin/page.tsx @ http://localhost:3000/_next/static/chunks/node_modules_next_dist_0u_w_5s._.js:1945
[ 4238796ms] [ERROR] ./app/admin/AdminDashboard.tsx:908:9
Expected corresponding JSX closing tag for <main>
  906 |           </div>
  907 |         </div>
> 908 |       </section>
      |         ^^^^^^^
  909 |
  910 |       {/* תוצאות חיפוש */}
  911 |       <div>

Parsing ecmascript source code failed

Import trace:
  Server Component:
    ./app/admin/AdminDashboard.tsx
    ./app/admin/page.tsx @ http://localhost:3000/_next/static/chunks/node_modules_next_dist_0u_w_5s._.js:1945
[ 4238861ms] [ERROR] ./app/admin/AdminDashboard.tsx:908:9
Expected corresponding JSX closing tag for <main>
  906 |           </div>
  907 |         </div>
> 908 |       </section>
      |         ^^^^^^^
  909 |
  910 |       {/* תוצאות חיפוש */}
  911 |       <div>

Parsing ecmascript source code failed

Import trace:
  Server Component:
    ./app/admin/AdminDashboard.tsx
    ./app/admin/page.tsx @ http://localhost:3000/_next/static/chunks/node_modules_next_dist_0u_w_5s._.js:1945
[ 4238927ms] [ERROR] ./app/admin/AdminDashboard.tsx:908:9
Expected corresponding JSX closing tag for <main>
  906 |           </div>
  907 |         </div>
> 908 |       </section>
      |         ^^^^^^^
  909 |
  910 |       {/* תוצאות חיפוש */}
  911 |       <div>

Parsing ecmascript source code failed

Import trace:
  Server Component:
    ./app/admin/AdminDashboard.tsx
    ./app/admin/page.tsx @ http://localhost:3000/_next/static/chunks/node_modules_next_dist_0u_w_5s._.js:1945
[ 4238995ms] [ERROR] ./app/admin/AdminDashboard.tsx:908:9
Expected corresponding JSX closing tag for <main>
  906 |           </div>
  907 |         </div>
> 908 |       </section>
      |         ^^^^^^^
  909 |
  910 |       {/* תוצאות חיפוש */}
  911 |       <div>

Parsing ecmascript source code failed

Import trace:
  Server Component:
    ./app/admin/AdminDashboard.tsx
    ./app/admin/page.tsx @ http://localhost:3000/_next/static/chunks/node_modules_next_dist_0u_w_5s._.js:1945
[ 4239061ms] [ERROR] ./app/admin/AdminDashboard.tsx:908:9
Expected corresponding JSX closing tag for <main>
  906 |           </div>
  907 |         </div>
> 908 |       </section>
      |         ^^^^^^^
  909 |
  910 |       {/* תוצאות חיפוש */}
  911 |       <div>

Parsing ecmascript source code failed

Import trace:
  Server Component:
    ./app/admin/AdminDashboard.tsx
    ./app/admin/page.tsx @ http://localhost:3000/_next/static/chunks/node_modules_next_dist_0u_w_5s._.js:1945
[ 4239129ms] [ERROR] ./app/admin/AdminDashboard.tsx:908:9
Expected corresponding JSX closing tag for <main>
  906 |           </div>
  907 |         </div>
> 908 |       </section>
      |         ^^^^^^^
  909 |
  910 |       {/* תוצאות חיפוש */}
  911 |       <div>

Parsing ecmascript source code failed

Import trace:
  Server Component:
    ./app/admin/AdminDashboard.tsx
    ./app/admin/page.tsx @ http://localhost:3000/_next/static/chunks/node_modules_next_dist_0u_w_5s._.js:1945
[ 4239194ms] [ERROR] ./app/admin/AdminDashboard.tsx:908:9
Expected corresponding JSX closing tag for <main>
  906 |           </div>
  907 |         </div>
> 908 |       </section>
      |         ^^^^^^^
  909 |
  910 |       {/* תוצאות חיפוש */}
  911 |       <div>

Parsing ecmascript source code failed

Import trace:
  Server Component:
    ./app/admin/AdminDashboard.tsx
    ./app/admin/page.tsx @ http://localhost:3000/_next/static/chunks/node_modules_next_dist_0u_w_5s._.js:1945
[ 4239260ms] [ERROR] ./app/admin/AdminDashboard.tsx:908:9
Expected corresponding JSX closing tag for <main>
  906 |           </div>
  907 |         </div>
> 908 |       </section>
      |         ^^^^^^^
  909 |
  910 |       {/* תוצאות חיפוש */}
  911 |       <div>

Parsing ecmascript source code failed

Import trace:
  Server Component:
    ./app/admin/AdminDashboard.tsx
    ./app/admin/page.tsx @ http://localhost:3000/_next/static/chunks/node_modules_next_dist_0u_w_5s._.js:1945
[ 4239316ms] [LOG] [Fast Refresh] rebuilding @ http://localhost:3000/_next/static/chunks/node_modules_next_dist_0u_w_5s._.js:1226
[ 4239426ms] [ERROR] ./app/admin/AdminDashboard.tsx:908:9
Expected corresponding JSX closing tag for <main>
  906 |           </div>
  907 |         </div>
> 908 |       </section>
      |         ^^^^^^^
  909 |
  910 |       {/* תוצאות חיפוש */}
  911 |       <div>

Parsing ecmascript source code failed

Import trace:
  Server Component:
    ./app/admin/AdminDashboard.tsx
    ./app/admin/page.tsx @ http://localhost:3000/_next/static/chunks/node_modules_next_dist_0u_w_5s._.js:1945
[ 4239495ms] [ERROR] ./app/admin/AdminDashboard.tsx:908:9
Expected corresponding JSX closing tag for <main>
  906 |           </div>
  907 |         </div>
> 908 |       </section>
      |         ^^^^^^^
  909 |
  910 |       {/* תוצאות חיפוש */}
  911 |       <div>

Parsing ecmascript source code failed

Import trace:
  Server Component:
    ./app/admin/AdminDashboard.tsx
    ./app/admin/page.tsx @ http://localhost:3000/_next/static/chunks/node_modules_next_dist_0u_w_5s._.js:1945
[ 4239562ms] [ERROR] ./app/admin/AdminDashboard.tsx:908:9
Expected corresponding JSX closing tag for <main>
  906 |           </div>
  907 |         </div>
> 908 |       </section>
      |         ^^^^^^^
  909 |
  910 |       {/* תוצאות חיפוש */}
  911 |       <div>

Parsing ecmascript source code failed

Import trace:
  Server Component:
    ./app/admin/AdminDashboard.tsx
    ./app/admin/page.tsx @ http://localhost:3000/_next/static/chunks/node_modules_next_dist_0u_w_5s._.js:1945
[ 4239628ms] [ERROR] ./app/admin/AdminDashboard.tsx:908:9
Expected corresponding JSX closing tag for <main>
  906 |           </div>
  907 |         </div>
> 908 |       </section>
      |         ^^^^^^^
  909 |
  910 |       {/* תוצאות חיפוש */}
  911 |       <div>

Parsing ecmascript source code failed

Import trace:
  Server Component:
    ./app/admin/AdminDashboard.tsx
    ./app/admin/page.tsx @ http://localhost:3000/_next/static/chunks/node_modules_next_dist_0u_w_5s._.js:1945
[ 4239684ms] [ERROR] ./app/admin/AdminDashboard.tsx:908:9
Expected corresponding JSX closing tag for <main>
  906 |           </div>
  907 |         </div>
> 908 |       </section>
      |         ^^^^^^^
  909 |
  910 |       {/* תוצאות חיפוש */}
  911 |       <div>

Parsing ecmascript source code failed

Import trace:
  Server Component:
    ./app/admin/AdminDashboard.tsx
    ./app/admin/page.tsx @ http://localhost:3000/_next/static/chunks/node_modules_next_dist_0u_w_5s._.js:1945
[ 4239745ms] [ERROR] ./app/admin/AdminDashboard.tsx:908:9
Expected corresponding JSX closing tag for <main>
  906 |           </div>
  907 |         </div>
> 908 |       </section>
      |         ^^^^^^^
  909 |
  910 |       {/* תוצאות חיפוש */}
  911 |       <div>

Parsing ecmascript source code failed

Import trace:
  Server Component:
    ./app/admin/AdminDashboard.tsx
    ./app/admin/page.tsx @ http://localhost:3000/_next/static/chunks/node_modules_next_dist_0u_w_5s._.js:1945
[ 4239810ms] [ERROR] ./app/admin/AdminDashboard.tsx:908:9
Expected corresponding JSX closing tag for <main>
  906 |           </div>
  907 |         </div>
> 908 |       </section>
      |         ^^^^^^^
  909 |
  910 |       {/* תוצאות חיפוש */}
  911 |       <div>

Parsing ecmascript source code failed

Import trace:
  Server Component:
    ./app/admin/AdminDashboard.tsx
    ./app/admin/page.tsx @ http://localhost:3000/_next/static/chunks/node_modules_next_dist_0u_w_5s._.js:1945
[ 4239878ms] [ERROR] ./app/admin/AdminDashboard.tsx:908:9
Expected corresponding JSX closing tag for <main>
  906 |           </div>
  907 |         </div>
> 908 |       </section>
      |         ^^^^^^^
  909 |
  910 |       {/* תוצאות חיפוש */}
  911 |       <div>

Parsing ecmascript source code failed

Import trace:
  Server Component:
    ./app/admin/AdminDashboard.tsx
    ./app/admin/page.tsx @ http://localhost:3000/_next/static/chunks/node_modules_next_dist_0u_w_5s._.js:1945
[ 4239946ms] [ERROR] ./app/admin/AdminDashboard.tsx:908:9
Expected corresponding JSX closing tag for <main>
  906 |           </div>
  907 |         </div>
> 908 |       </section>
      |         ^^^^^^^
  909 |
  910 |       {/* תוצאות חיפוש */}
  911 |       <div>

Parsing ecmascript source code failed

Import trace:
  Server Component:
    ./app/admin/AdminDashboard.tsx
    ./app/admin/page.tsx @ http://localhost:3000/_next/static/chunks/node_modules_next_dist_0u_w_5s._.js:1945
[ 4240012ms] [ERROR] ./app/admin/AdminDashboard.tsx:908:9
Expected corresponding JSX closing tag for <main>
  906 |           </div>
  907 |         </div>
> 908 |       </section>
      |         ^^^^^^^
  909 |
  910 |       {/* תוצאות חיפוש */}
  911 |       <div>

Parsing ecmascript source code failed

Import trace:
  Server Component:
    ./app/admin/AdminDashboard.tsx
    ./app/admin/page.tsx @ http://localhost:3000/_next/static/chunks/node_modules_next_dist_0u_w_5s._.js:1945
[ 4240077ms] [ERROR] ./app/admin/AdminDashboard.tsx:908:9
Expected corresponding JSX closing tag for <main>
  906 |           </div>
  907 |         </div>
> 908 |       </section>
      |         ^^^^^^^
  909 |
  910 |       {/* תוצאות חיפוש */}
  911 |       <div>

Parsing ecmascript source code failed

Import trace:
  Server Component:
    ./app/admin/AdminDashboard.tsx
    ./app/admin/page.tsx @ http://localhost:3000/_next/static/chunks/node_modules_next_dist_0u_w_5s._.js:1945
[ 4240144ms] [ERROR] ./app/admin/AdminDashboard.tsx:908:9
Expected corresponding JSX closing tag for <main>
  906 |           </div>
  907 |         </div>
> 908 |       </section>
      |         ^^^^^^^
  909 |
  910 |       {/* תוצאות חיפוש */}
  911 |       <div>

Parsing ecmascript source code failed

Import trace:
  Server Component:
    ./app/admin/AdminDashboard.tsx
    ./app/admin/page.tsx @ http://localhost:3000/_next/static/chunks/node_modules_next_dist_0u_w_5s._.js:1945
[ 4240206ms] [ERROR] ./app/admin/AdminDashboard.tsx:908:9
Expected corresponding JSX closing tag for <main>
  906 |           </div>
  907 |         </div>
> 908 |       </section>
      |         ^^^^^^^
  909 |
  910 |       {/* תוצאות חיפוש */}
  911 |       <div>

Parsing ecmascript source code failed

Import trace:
  Server Component:
    ./app/admin/AdminDashboard.tsx
    ./app/admin/page.tsx @ http://localhost:3000/_next/static/chunks/node_modules_next_dist_0u_w_5s._.js:1945
[ 4240262ms] [ERROR] ./app/admin/AdminDashboard.tsx:908:9
Expected corresponding JSX closing tag for <main>
  906 |           </div>
  907 |         </div>
> 908 |       </section>
      |         ^^^^^^^
  909 |
  910 |       {/* תוצאות חיפוש */}
  911 |       <div>

Parsing ecmascript source code failed

Import trace:
  Server Component:
    ./app/admin/AdminDashboard.tsx
    ./app/admin/page.tsx @ http://localhost:3000/_next/static/chunks/node_modules_next_dist_0u_w_5s._.js:1945
[ 4240332ms] [ERROR] ./app/admin/AdminDashboard.tsx:908:9
Expected corresponding JSX closing tag for <main>
  906 |           </div>
  907 |         </div>
> 908 |       </section>
      |         ^^^^^^^
  909 |
  910 |       {/* תוצאות חיפוש */}
  911 |       <div>

Parsing ecmascript source code failed

Import trace:
  Server Component:
    ./app/admin/AdminDashboard.tsx
    ./app/admin/page.tsx @ http://localhost:3000/_next/static/chunks/node_modules_next_dist_0u_w_5s._.js:1945
[ 4240396ms] [ERROR] ./app/admin/AdminDashboard.tsx:908:9
Expected corresponding JSX closing tag for <main>
  906 |           </div>
  907 |         </div>
> 908 |       </section>
      |         ^^^^^^^
  909 |
  910 |       {/* תוצאות חיפוש */}
  911 |       <div>

Parsing ecmascript source code failed

Import trace:
  Server Component:
    ./app/admin/AdminDashboard.tsx
    ./app/admin/page.tsx @ http://localhost:3000/_next/static/chunks/node_modules_next_dist_0u_w_5s._.js:1945
[ 4240466ms] [ERROR] ./app/admin/AdminDashboard.tsx:908:9
Expected corresponding JSX closing tag for <main>
  906 |           </div>
  907 |         </div>
> 908 |       </section>
      |         ^^^^^^^
  909 |
  910 |       {/* תוצאות חיפוש */}
  911 |       <div>

Parsing ecmascript source code failed

Import trace:
  Server Component:
    ./app/admin/AdminDashboard.tsx
    ./app/admin/page.tsx @ http://localhost:3000/_next/static/chunks/node_modules_next_dist_0u_w_5s._.js:1945
[ 4240546ms] [ERROR] ./app/admin/AdminDashboard.tsx:908:9
Expected corresponding JSX closing tag for <main>
  906 |           </div>
  907 |         </div>
> 908 |       </section>
      |         ^^^^^^^
  909 |
  910 |       {/* תוצאות חיפוש */}
  911 |       <div>

Parsing ecmascript source code failed

Import trace:
  Server Component:
    ./app/admin/AdminDashboard.tsx
    ./app/admin/page.tsx @ http://localhost:3000/_next/static/chunks/node_modules_next_dist_0u_w_5s._.js:1945
[ 4240612ms] [ERROR] ./app/admin/AdminDashboard.tsx:908:9
Expected corresponding JSX closing tag for <main>
  906 |           </div>
  907 |         </div>
> 908 |       </section>
      |         ^^^^^^^
  909 |
  910 |       {/* תוצאות חיפוש */}
  911 |       <div>

Parsing ecmascript source code failed

Import trace:
  Server Component:
    ./app/admin/AdminDashboard.tsx
    ./app/admin/page.tsx @ http://localhost:3000/_next/static/chunks/node_modules_next_dist_0u_w_5s._.js:1945
[ 4240687ms] [ERROR] ./app/admin/AdminDashboard.tsx:908:9
Expected corresponding JSX closing tag for <main>
  906 |           </div>
  907 |         </div>
> 908 |       </section>
      |         ^^^^^^^
  909 |
  910 |       {/* תוצאות חיפוש */}
  911 |       <div>

Parsing ecmascript source code failed

Import trace:
  Server Component:
    ./app/admin/AdminDashboard.tsx
    ./app/admin/page.tsx @ http://localhost:3000/_next/static/chunks/node_modules_next_dist_0u_w_5s._.js:1945
[ 4240763ms] [ERROR] ./app/admin/AdminDashboard.tsx:908:9
Expected corresponding JSX closing tag for <main>
  906 |           </div>
  907 |         </div>
> 908 |       </section>
      |         ^^^^^^^
  909 |
  910 |       {/* תוצאות חיפוש */}
  911 |       <div>

Parsing ecmascript source code failed

Import trace:
  Server Component:
    ./app/admin/AdminDashboard.tsx
    ./app/admin/page.tsx @ http://localhost:3000/_next/static/chunks/node_modules_next_dist_0u_w_5s._.js:1945
[ 4240836ms] [ERROR] ./app/admin/AdminDashboard.tsx:908:9
Expected corresponding JSX closing tag for <main>
  906 |           </div>
  907 |         </div>
> 908 |       </section>
      |         ^^^^^^^
  909 |
  910 |       {/* תוצאות חיפוש */}
  911 |       <div>

Parsing ecmascript source code failed

Import trace:
  Server Component:
    ./app/admin/AdminDashboard.tsx
    ./app/admin/page.tsx @ http://localhost:3000/_next/static/chunks/node_modules_next_dist_0u_w_5s._.js:1945
[ 4240912ms] [ERROR] ./app/admin/AdminDashboard.tsx:908:9
Expected corresponding JSX closing tag for <main>
  906 |           </div>
  907 |         </div>
> 908 |       </section>
      |         ^^^^^^^
  909 |
  910 |       {/* תוצאות חיפוש */}
  911 |       <div>

Parsing ecmascript source code failed

Import trace:
  Server Component:
    ./app/admin/AdminDashboard.tsx
    ./app/admin/page.tsx @ http://localhost:3000/_next/static/chunks/node_modules_next_dist_0u_w_5s._.js:1945
[ 4240979ms] [ERROR] ./app/admin/AdminDashboard.tsx:908:9
Expected corresponding JSX closing tag for <main>
  906 |           </div>
  907 |         </div>
> 908 |       </section>
      |         ^^^^^^^
  909 |
  910 |       {/* תוצאות חיפוש */}
  911 |       <div>

Parsing ecmascript source code failed

Import trace:
  Server Component:
    ./app/admin/AdminDashboard.tsx
    ./app/admin/page.tsx @ http://localhost:3000/_next/static/chunks/node_modules_next_dist_0u_w_5s._.js:1945
[ 4241047ms] [ERROR] ./app/admin/AdminDashboard.tsx:908:9
Expected corresponding JSX closing tag for <main>
  906 |           </div>
  907 |         </div>
> 908 |       </section>
      |         ^^^^^^^
  909 |
  910 |       {/* תוצאות חיפוש */}
  911 |       <div>

Parsing ecmascript source code failed

Import trace:
  Server Component:
    ./app/admin/AdminDashboard.tsx
    ./app/admin/page.tsx @ http://localhost:3000/_next/static/chunks/node_modules_next_dist_0u_w_5s._.js:1945
[ 4241111ms] [ERROR] ./app/admin/AdminDashboard.tsx:908:9
Expected corresponding JSX closing tag for <main>
  906 |           </div>
  907 |         </div>
> 908 |       </section>
      |         ^^^^^^^
  909 |
  910 |       {/* תוצאות חיפוש */}
  911 |       <div>

Parsing ecmascript source code failed

Import trace:
  Server Component:
    ./app/admin/AdminDashboard.tsx
    ./app/admin/page.tsx @ http://localhost:3000/_next/static/chunks/node_modules_next_dist_0u_w_5s._.js:1945
[ 4241174ms] [ERROR] ./app/admin/AdminDashboard.tsx:908:9
Expected corresponding JSX closing tag for <main>
  906 |           </div>
  907 |         </div>
> 908 |       </section>
      |         ^^^^^^^
  909 |
  910 |       {/* תוצאות חיפוש */}
  911 |       <div>

Parsing ecmascript source code failed

Import trace:
  Server Component:
    ./app/admin/AdminDashboard.tsx
    ./app/admin/page.tsx @ http://localhost:3000/_next/static/chunks/node_modules_next_dist_0u_w_5s._.js:1945
[ 4241246ms] [ERROR] ./app/admin/AdminDashboard.tsx:908:9
Expected corresponding JSX closing tag for <main>
  906 |           </div>
  907 |         </div>
> 908 |       </section>
      |         ^^^^^^^
  909 |
  910 |       {/* תוצאות חיפוש */}
  911 |       <div>

Parsing ecmascript source code failed

Import trace:
  Server Component:
    ./app/admin/AdminDashboard.tsx
    ./app/admin/page.tsx @ http://localhost:3000/_next/static/chunks/node_modules_next_dist_0u_w_5s._.js:1945
[ 4241312ms] [ERROR] ./app/admin/AdminDashboard.tsx:908:9
Expected corresponding JSX closing tag for <main>
  906 |           </div>
  907 |         </div>
> 908 |       </section>
      |         ^^^^^^^
  909 |
  910 |       {/* תוצאות חיפוש */}
  911 |       <div>

Parsing ecmascript source code failed

Import trace:
  Server Component:
    ./app/admin/AdminDashboard.tsx
    ./app/admin/page.tsx @ http://localhost:3000/_next/static/chunks/node_modules_next_dist_0u_w_5s._.js:1945
[ 4241377ms] [ERROR] ./app/admin/AdminDashboard.tsx:908:9
Expected corresponding JSX closing tag for <main>
  906 |           </div>
  907 |         </div>
> 908 |       </section>
      |         ^^^^^^^
  909 |
  910 |       {/* תוצאות חיפוש */}
  911 |       <div>

Parsing ecmascript source code failed

Import trace:
  Server Component:
    ./app/admin/AdminDashboard.tsx
    ./app/admin/page.tsx @ http://localhost:3000/_next/static/chunks/node_modules_next_dist_0u_w_5s._.js:1945
[ 4241445ms] [ERROR] ./app/admin/AdminDashboard.tsx:908:9
Expected corresponding JSX closing tag for <main>
  906 |           </div>
  907 |         </div>
> 908 |       </section>
      |         ^^^^^^^
  909 |
  910 |       {/* תוצאות חיפוש */}
  911 |       <div>

Parsing ecmascript source code failed

Import trace:
  Server Component:
    ./app/admin/AdminDashboard.tsx
    ./app/admin/page.tsx @ http://localhost:3000/_next/static/chunks/node_modules_next_dist_0u_w_5s._.js:1945
[ 4241531ms] [ERROR] ./app/admin/AdminDashboard.tsx:908:9
Expected corresponding JSX closing tag for <main>
  906 |           </div>
  907 |         </div>
> 908 |       </section>
      |         ^^^^^^^
  909 |
  910 |       {/* תוצאות חיפוש */}
  911 |       <div>

Parsing ecmascript source code failed

Import trace:
  Server Component:
    ./app/admin/AdminDashboard.tsx
    ./app/admin/page.tsx @ http://localhost:3000/_next/static/chunks/node_modules_next_dist_0u_w_5s._.js:1945
[ 4241595ms] [ERROR] ./app/admin/AdminDashboard.tsx:908:9
Expected corresponding JSX closing tag for <main>
  906 |           </div>
  907 |         </div>
> 908 |       </section>
      |         ^^^^^^^
  909 |
  910 |       {/* תוצאות חיפוש */}
  911 |       <div>

Parsing ecmascript source code failed

Import trace:
  Server Component:
    ./app/admin/AdminDashboard.tsx
    ./app/admin/page.tsx @ http://localhost:3000/_next/static/chunks/node_modules_next_dist_0u_w_5s._.js:1945
[ 4241680ms] [ERROR] ./app/admin/AdminDashboard.tsx:908:9
Expected corresponding JSX closing tag for <main>
  906 |           </div>
  907 |         </div>
> 908 |       </section>
      |         ^^^^^^^
  909 |
  910 |       {/* תוצאות חיפוש */}
  911 |       <div>

Parsing ecmascript source code failed

Import trace:
  Server Component:
    ./app/admin/AdminDashboard.tsx
    ./app/admin/page.tsx @ http://localhost:3000/_next/static/chunks/node_modules_next_dist_0u_w_5s._.js:1945
[ 4241746ms] [ERROR] ./app/admin/AdminDashboard.tsx:908:9
Expected corresponding JSX closing tag for <main>
  906 |           </div>
  907 |         </div>
> 908 |       </section>
      |         ^^^^^^^
  909 |
  910 |       {/* תוצאות חיפוש */}
  911 |       <div>

Parsing ecmascript source code failed

Import trace:
  Server Component:
    ./app/admin/AdminDashboard.tsx
    ./app/admin/page.tsx @ http://localhost:3000/_next/static/chunks/node_modules_next_dist_0u_w_5s._.js:1945
[ 4241813ms] [ERROR] ./app/admin/AdminDashboard.tsx:908:9
Expected corresponding JSX closing tag for <main>
  906 |           </div>
  907 |         </div>
> 908 |       </section>
      |         ^^^^^^^
  909 |
  910 |       {/* תוצאות חיפוש */}
  911 |       <div>

Parsing ecmascript source code failed

Import trace:
  Server Component:
    ./app/admin/AdminDashboard.tsx
    ./app/admin/page.tsx @ http://localhost:3000/_next/static/chunks/node_modules_next_dist_0u_w_5s._.js:1945
[ 4241897ms] [ERROR] ./app/admin/AdminDashboard.tsx:908:9
Expected corresponding JSX closing tag for <main>
  906 |           </div>
  907 |         </div>
> 908 |       </section>
      |         ^^^^^^^
  909 |
  910 |       {/* תוצאות חיפוש */}
  911 |       <div>

Parsing ecmascript source code failed

Import trace:
  Server Component:
    ./app/admin/AdminDashboard.tsx
    ./app/admin/page.tsx @ http://localhost:3000/_next/static/chunks/node_modules_next_dist_0u_w_5s._.js:1945
[ 4241963ms] [ERROR] ./app/admin/AdminDashboard.tsx:908:9
Expected corresponding JSX closing tag for <main>
  906 |           </div>
  907 |         </div>
> 908 |       </section>
      |         ^^^^^^^
  909 |
  910 |       {/* תוצאות חיפוש */}
  911 |       <div>

Parsing ecmascript source code failed

Import trace:
  Server Component:
    ./app/admin/AdminDashboard.tsx
    ./app/admin/page.tsx @ http://localhost:3000/_next/static/chunks/node_modules_next_dist_0u_w_5s._.js:1945
[ 4242044ms] [ERROR] ./app/admin/AdminDashboard.tsx:908:9
Expected corresponding JSX closing tag for <main>
  906 |           </div>
  907 |         </div>
> 908 |       </section>
      |         ^^^^^^^
  909 |
  910 |       {/* תוצאות חיפוש */}
  911 |       <div>

Parsing ecmascript source code failed

Import trace:
  Server Component:
    ./app/admin/AdminDashboard.tsx
    ./app/admin/page.tsx @ http://localhost:3000/_next/static/chunks/node_modules_next_dist_0u_w_5s._.js:1945
[ 4242112ms] [ERROR] ./app/admin/AdminDashboard.tsx:908:9
Expected corresponding JSX closing tag for <main>
  906 |           </div>
  907 |         </div>
> 908 |       </section>
      |         ^^^^^^^
  909 |
  910 |       {/* תוצאות חיפוש */}
  911 |       <div>

Parsing ecmascript source code failed

Import trace:
  Server Component:
    ./app/admin/AdminDashboard.tsx
    ./app/admin/page.tsx @ http://localhost:3000/_next/static/chunks/node_modules_next_dist_0u_w_5s._.js:1945
[ 4242175ms] [ERROR] ./app/admin/AdminDashboard.tsx:908:9
Expected corresponding JSX closing tag for <main>
  906 |           </div>
  907 |         </div>
> 908 |       </section>
      |         ^^^^^^^
  909 |
  910 |       {/* תוצאות חיפוש */}
  911 |       <div>

Parsing ecmascript source code failed

Import trace:
  Server Component:
    ./app/admin/AdminDashboard.tsx
    ./app/admin/page.tsx @ http://localhost:3000/_next/static/chunks/node_modules_next_dist_0u_w_5s._.js:1945
[ 4242238ms] [ERROR] ./app/admin/AdminDashboard.tsx:908:9
Expected corresponding JSX closing tag for <main>
  906 |           </div>
  907 |         </div>
> 908 |       </section>
      |         ^^^^^^^
  909 |
  910 |       {/* תוצאות חיפוש */}
  911 |       <div>

Parsing ecmascript source code failed

Import trace:
  Server Component:
    ./app/admin/AdminDashboard.tsx
    ./app/admin/page.tsx @ http://localhost:3000/_next/static/chunks/node_modules_next_dist_0u_w_5s._.js:1945
[ 4242299ms] [ERROR] ./app/admin/AdminDashboard.tsx:908:9
Expected corresponding JSX closing tag for <main>
  906 |           </div>
  907 |         </div>
> 908 |       </section>
      |         ^^^^^^^
  909 |
  910 |       {/* תוצאות חיפוש */}
  911 |       <div>

Parsing ecmascript source code failed

Import trace:
  Server Component:
    ./app/admin/AdminDashboard.tsx
    ./app/admin/page.tsx @ http://localhost:3000/_next/static/chunks/node_modules_next_dist_0u_w_5s._.js:1945
[ 4242362ms] [ERROR] ./app/admin/AdminDashboard.tsx:908:9
Expected corresponding JSX closing tag for <main>
  906 |           </div>
  907 |         </div>
> 908 |       </section>
      |         ^^^^^^^
  909 |
  910 |       {/* תוצאות חיפוש */}
  911 |       <div>

Parsing ecmascript source code failed

Import trace:
  Server Component:
    ./app/admin/AdminDashboard.tsx
    ./app/admin/page.tsx @ http://localhost:3000/_next/static/chunks/node_modules_next_dist_0u_w_5s._.js:1945
[ 4242427ms] [ERROR] ./app/admin/AdminDashboard.tsx:908:9
Expected corresponding JSX closing tag for <main>
  906 |           </div>
  907 |         </div>
> 908 |       </section>
      |         ^^^^^^^
  909 |
  910 |       {/* תוצאות חיפוש */}
  911 |       <div>

Parsing ecmascript source code failed

Import trace:
  Server Component:
    ./app/admin/AdminDashboard.tsx
    ./app/admin/page.tsx @ http://localhost:3000/_next/static/chunks/node_modules_next_dist_0u_w_5s._.js:1945
[ 4242490ms] [ERROR] ./app/admin/AdminDashboard.tsx:908:9
Expected corresponding JSX closing tag for <main>
  906 |           </div>
  907 |         </div>
> 908 |       </section>
      |         ^^^^^^^
  909 |
  910 |       {/* תוצאות חיפוש */}
  911 |       <div>

Parsing ecmascript source code failed

Import trace:
  Server Component:
    ./app/admin/AdminDashboard.tsx
    ./app/admin/page.tsx @ http://localhost:3000/_next/static/chunks/node_modules_next_dist_0u_w_5s._.js:1945
[ 4242548ms] [ERROR] ./app/admin/AdminDashboard.tsx:908:9
Expected corresponding JSX closing tag for <main>
  906 |           </div>
  907 |         </div>
> 908 |       </section>
      |         ^^^^^^^
  909 |
  910 |       {/* תוצאות חיפוש */}
  911 |       <div>

Parsing ecmascript source code failed

Import trace:
  Server Component:
    ./app/admin/AdminDashboard.tsx
    ./app/admin/page.tsx @ http://localhost:3000/_next/static/chunks/node_modules_next_dist_0u_w_5s._.js:1945
[ 4242614ms] [ERROR] ./app/admin/AdminDashboard.tsx:908:9
Expected corresponding JSX closing tag for <main>
  906 |           </div>
  907 |         </div>
> 908 |       </section>
      |         ^^^^^^^
  909 |
  910 |       {/* תוצאות חיפוש */}
  911 |       <div>

Parsing ecmascript source code failed

Import trace:
  Server Component:
    ./app/admin/AdminDashboard.tsx
    ./app/admin/page.tsx @ http://localhost:3000/_next/static/chunks/node_modules_next_dist_0u_w_5s._.js:1945
[ 4242677ms] [ERROR] ./app/admin/AdminDashboard.tsx:908:9
Expected corresponding JSX closing tag for <main>
  906 |           </div>
  907 |         </div>
> 908 |       </section>
      |         ^^^^^^^
  909 |
  910 |       {/* תוצאות חיפוש */}
  911 |       <div>

Parsing ecmascript source code failed

Import trace:
  Server Component:
    ./app/admin/AdminDashboard.tsx
    ./app/admin/page.tsx @ http://localhost:3000/_next/static/chunks/node_modules_next_dist_0u_w_5s._.js:1945
[ 4242734ms] [ERROR] ./app/admin/AdminDashboard.tsx:908:9
Expected corresponding JSX closing tag for <main>
  906 |           </div>
  907 |         </div>
> 908 |       </section>
      |         ^^^^^^^
  909 |
  910 |       {/* תוצאות חיפוש */}
  911 |       <div>

Parsing ecmascript source code failed

Import trace:
  Server Component:
    ./app/admin/AdminDashboard.tsx
    ./app/admin/page.tsx @ http://localhost:3000/_next/static/chunks/node_modules_next_dist_0u_w_5s._.js:1945
[ 4242799ms] [ERROR] ./app/admin/AdminDashboard.tsx:908:9
Expected corresponding JSX closing tag for <main>
  906 |           </div>
  907 |         </div>
> 908 |       </section>
      |         ^^^^^^^
  909 |
  910 |       {/* תוצאות חיפוש */}
  911 |       <div>

Parsing ecmascript source code failed

Import trace:
  Server Component:
    ./app/admin/AdminDashboard.tsx
    ./app/admin/page.tsx @ http://localhost:3000/_next/static/chunks/node_modules_next_dist_0u_w_5s._.js:1945
[ 4242865ms] [ERROR] ./app/admin/AdminDashboard.tsx:908:9
Expected corresponding JSX closing tag for <main>
  906 |           </div>
  907 |         </div>
> 908 |       </section>
      |         ^^^^^^^
  909 |
  910 |       {/* תוצאות חיפוש */}
  911 |       <div>

Parsing ecmascript source code failed

Import trace:
  Server Component:
    ./app/admin/AdminDashboard.tsx
    ./app/admin/page.tsx @ http://localhost:3000/_next/static/chunks/node_modules_next_dist_0u_w_5s._.js:1945
[ 4242927ms] [ERROR] ./app/admin/AdminDashboard.tsx:908:9
Expected corresponding JSX closing tag for <main>
  906 |           </div>
  907 |         </div>
> 908 |       </section>
      |         ^^^^^^^
  909 |
  910 |       {/* תוצאות חיפוש */}
  911 |       <div>

Parsing ecmascript source code failed

Import trace:
  Server Component:
    ./app/admin/AdminDashboard.tsx
    ./app/admin/page.tsx @ http://localhost:3000/_next/static/chunks/node_modules_next_dist_0u_w_5s._.js:1945
[ 4242983ms] [ERROR] ./app/admin/AdminDashboard.tsx:908:9
Expected corresponding JSX closing tag for <main>
  906 |           </div>
  907 |         </div>
> 908 |       </section>
      |         ^^^^^^^
  909 |
  910 |       {/* תוצאות חיפוש */}
  911 |       <div>

Parsing ecmascript source code failed

Import trace:
  Server Component:
    ./app/admin/AdminDashboard.tsx
    ./app/admin/page.tsx @ http://localhost:3000/_next/static/chunks/node_modules_next_dist_0u_w_5s._.js:1945
[ 4243054ms] [ERROR] ./app/admin/AdminDashboard.tsx:908:9
Expected corresponding JSX closing tag for <main>
  906 |           </div>
  907 |         </div>
> 908 |       </section>
      |         ^^^^^^^
  909 |
  910 |       {/* תוצאות חיפוש */}
  911 |       <div>

Parsing ecmascript source code failed

Import trace:
  Server Component:
    ./app/admin/AdminDashboard.tsx
    ./app/admin/page.tsx @ http://localhost:3000/_next/static/chunks/node_modules_next_dist_0u_w_5s._.js:1945
[ 4243131ms] [ERROR] ./app/admin/AdminDashboard.tsx:908:9
Expected corresponding JSX closing tag for <main>
  906 |           </div>
  907 |         </div>
> 908 |       </section>
      |         ^^^^^^^
  909 |
  910 |       {/* תוצאות חיפוש */}
  911 |       <div>

Parsing ecmascript source code failed

Import trace:
  Server Component:
    ./app/admin/AdminDashboard.tsx
    ./app/admin/page.tsx @ http://localhost:3000/_next/static/chunks/node_modules_next_dist_0u_w_5s._.js:1945
[ 4243203ms] [ERROR] ./app/admin/AdminDashboard.tsx:908:9
Expected corresponding JSX closing tag for <main>
  906 |           </div>
  907 |         </div>
> 908 |       </section>
      |         ^^^^^^^
  909 |
  910 |       {/* תוצאות חיפוש */}
  911 |       <div>

Parsing ecmascript source code failed

Import trace:
  Server Component:
    ./app/admin/AdminDashboard.tsx
    ./app/admin/page.tsx @ http://localhost:3000/_next/static/chunks/node_modules_next_dist_0u_w_5s._.js:1945
[ 4243282ms] [ERROR] ./app/admin/AdminDashboard.tsx:908:9
Expected corresponding JSX closing tag for <main>
  906 |           </div>
  907 |         </div>
> 908 |       </section>
      |         ^^^^^^^
  909 |
  910 |       {/* תוצאות חיפוש */}
  911 |       <div>

Parsing ecmascript source code failed

Import trace:
  Server Component:
    ./app/admin/AdminDashboard.tsx
    ./app/admin/page.tsx @ http://localhost:3000/_next/static/chunks/node_modules_next_dist_0u_w_5s._.js:1945
[ 4243380ms] [ERROR] ./app/admin/AdminDashboard.tsx:908:9
Expected corresponding JSX closing tag for <main>
  906 |           </div>
  907 |         </div>
> 908 |       </section>
      |         ^^^^^^^
  909 |
  910 |       {/* תוצאות חיפוש */}
  911 |       <div>

Parsing ecmascript source code failed

Import trace:
  Server Component:
    ./app/admin/AdminDashboard.tsx
    ./app/admin/page.tsx @ http://localhost:3000/_next/static/chunks/node_modules_next_dist_0u_w_5s._.js:1945
[ 4243448ms] [ERROR] ./app/admin/AdminDashboard.tsx:908:9
Expected corresponding JSX closing tag for <main>
  906 |           </div>
  907 |         </div>
> 908 |       </section>
      |         ^^^^^^^
  909 |
  910 |       {/* תוצאות חיפוש */}
  911 |       <div>

Parsing ecmascript source code failed

Import trace:
  Server Component:
    ./app/admin/AdminDashboard.tsx
    ./app/admin/page.tsx @ http://localhost:3000/_next/static/chunks/node_modules_next_dist_0u_w_5s._.js:1945
[ 4243514ms] [ERROR] ./app/admin/AdminDashboard.tsx:908:9
Expected corresponding JSX closing tag for <main>
  906 |           </div>
  907 |         </div>
> 908 |       </section>
      |         ^^^^^^^
  909 |
  910 |       {/* תוצאות חיפוש */}
  911 |       <div>

Parsing ecmascript source code failed

Import trace:
  Server Component:
    ./app/admin/AdminDashboard.tsx
    ./app/admin/page.tsx @ http://localhost:3000/_next/static/chunks/node_modules_next_dist_0u_w_5s._.js:1945
[ 4243595ms] [ERROR] ./app/admin/AdminDashboard.tsx:908:9
Expected corresponding JSX closing tag for <main>
  906 |           </div>
  907 |         </div>
> 908 |       </section>
      |         ^^^^^^^
  909 |
  910 |       {/* תוצאות חיפוש */}
  911 |       <div>

Parsing ecmascript source code failed

Import trace:
  Server Component:
    ./app/admin/AdminDashboard.tsx
    ./app/admin/page.tsx @ http://localhost:3000/_next/static/chunks/node_modules_next_dist_0u_w_5s._.js:1945
[ 4243662ms] [ERROR] ./app/admin/AdminDashboard.tsx:908:9
Expected corresponding JSX closing tag for <main>
  906 |           </div>
  907 |         </div>
> 908 |       </section>
      |         ^^^^^^^
  909 |
  910 |       {/* תוצאות חיפוש */}
  911 |       <div>

Parsing ecmascript source code failed

Import trace:
  Server Component:
    ./app/admin/AdminDashboard.tsx
    ./app/admin/page.tsx @ http://localhost:3000/_next/static/chunks/node_modules_next_dist_0u_w_5s._.js:1945
[ 4243729ms] [ERROR] ./app/admin/AdminDashboard.tsx:908:9
Expected corresponding JSX closing tag for <main>
  906 |           </div>
  907 |         </div>
> 908 |       </section>
      |         ^^^^^^^
  909 |
  910 |       {/* תוצאות חיפוש */}
  911 |       <div>

Parsing ecmascript source code failed

Import trace:
  Server Component:
    ./app/admin/AdminDashboard.tsx
    ./app/admin/page.tsx @ http://localhost:3000/_next/static/chunks/node_modules_next_dist_0u_w_5s._.js:1945
[ 4243801ms] [ERROR] ./app/admin/AdminDashboard.tsx:908:9
Expected corresponding JSX closing tag for <main>
  906 |           </div>
  907 |         </div>
> 908 |       </section>
      |         ^^^^^^^
  909 |
  910 |       {/* תוצאות חיפוש */}
  911 |       <div>

Parsing ecmascript source code failed

Import trace:
  Server Component:
    ./app/admin/AdminDashboard.tsx
    ./app/admin/page.tsx @ http://localhost:3000/_next/static/chunks/node_modules_next_dist_0u_w_5s._.js:1945
[ 4243865ms] [ERROR] ./app/admin/AdminDashboard.tsx:908:9
Expected corresponding JSX closing tag for <main>
  906 |           </div>
  907 |         </div>
> 908 |       </section>
      |         ^^^^^^^
  909 |
  910 |       {/* תוצאות חיפוש */}
  911 |       <div>

Parsing ecmascript source code failed

Import trace:
  Server Component:
    ./app/admin/AdminDashboard.tsx
    ./app/admin/page.tsx @ http://localhost:3000/_next/static/chunks/node_modules_next_dist_0u_w_5s._.js:1945
[ 4243931ms] [ERROR] ./app/admin/AdminDashboard.tsx:908:9
Expected corresponding JSX closing tag for <main>
  906 |           </div>
  907 |         </div>
> 908 |       </section>
      |         ^^^^^^^
  909 |
  910 |       {/* תוצאות חיפוש */}
  911 |       <div>

Parsing ecmascript source code failed

Import trace:
  Server Component:
    ./app/admin/AdminDashboard.tsx
    ./app/admin/page.tsx @ http://localhost:3000/_next/static/chunks/node_modules_next_dist_0u_w_5s._.js:1945
[ 4244014ms] [ERROR] ./app/admin/AdminDashboard.tsx:908:9
Expected corresponding JSX closing tag for <main>
  906 |           </div>
  907 |         </div>
> 908 |       </section>
      |         ^^^^^^^
  909 |
  910 |       {/* תוצאות חיפוש */}
  911 |       <div>

Parsing ecmascript source code failed

Import trace:
  Server Component:
    ./app/admin/AdminDashboard.tsx
    ./app/admin/page.tsx @ http://localhost:3000/_next/static/chunks/node_modules_next_dist_0u_w_5s._.js:1945
[ 4244079ms] [ERROR] ./app/admin/AdminDashboard.tsx:908:9
Expected corresponding JSX closing tag for <main>
  906 |           </div>
  907 |         </div>
> 908 |       </section>
      |         ^^^^^^^
  909 |
  910 |       {/* תוצאות חיפוש */}
  911 |       <div>

Parsing ecmascript source code failed

Import trace:
  Server Component:
    ./app/admin/AdminDashboard.tsx
    ./app/admin/page.tsx @ http://localhost:3000/_next/static/chunks/node_modules_next_dist_0u_w_5s._.js:1945
[ 4244163ms] [ERROR] ./app/admin/AdminDashboard.tsx:908:9
Expected corresponding JSX closing tag for <main>
  906 |           </div>
  907 |         </div>
> 908 |       </section>
      |         ^^^^^^^
  909 |
  910 |       {/* תוצאות חיפוש */}
  911 |       <div>

Parsing ecmascript source code failed

Import trace:
  Server Component:
    ./app/admin/AdminDashboard.tsx
    ./app/admin/page.tsx @ http://localhost:3000/_next/static/chunks/node_modules_next_dist_0u_w_5s._.js:1945
[ 4244244ms] [ERROR] ./app/admin/AdminDashboard.tsx:908:9
Expected corresponding JSX closing tag for <main>
  906 |           </div>
  907 |         </div>
> 908 |       </section>
      |         ^^^^^^^
  909 |
  910 |       {/* תוצאות חיפוש */}
  911 |       <div>

Parsing ecmascript source code failed

Import trace:
  Server Component:
    ./app/admin/AdminDashboard.tsx
    ./app/admin/page.tsx @ http://localhost:3000/_next/static/chunks/node_modules_next_dist_0u_w_5s._.js:1945
[ 4244331ms] [ERROR] ./app/admin/AdminDashboard.tsx:908:9
Expected corresponding JSX closing tag for <main>
  906 |           </div>
  907 |         </div>
> 908 |       </section>
      |         ^^^^^^^
  909 |
  910 |       {/* תוצאות חיפוש */}
  911 |       <div>

Parsing ecmascript source code failed

Import trace:
  Server Component:
    ./app/admin/AdminDashboard.tsx
    ./app/admin/page.tsx @ http://localhost:3000/_next/static/chunks/node_modules_next_dist_0u_w_5s._.js:1945
[ 4244412ms] [ERROR] ./app/admin/AdminDashboard.tsx:908:9
Expected corresponding JSX closing tag for <main>
  906 |           </div>
  907 |         </div>
> 908 |       </section>
      |         ^^^^^^^
  909 |
  910 |       {/* תוצאות חיפוש */}
  911 |       <div>

Parsing ecmascript source code failed

Import trace:
  Server Component:
    ./app/admin/AdminDashboard.tsx
    ./app/admin/page.tsx @ http://localhost:3000/_next/static/chunks/node_modules_next_dist_0u_w_5s._.js:1945
[ 4244480ms] [ERROR] ./app/admin/AdminDashboard.tsx:908:9
Expected corresponding JSX closing tag for <main>
  906 |           </div>
  907 |         </div>
> 908 |       </section>
      |         ^^^^^^^
  909 |
  910 |       {/* תוצאות חיפוש */}
  911 |       <div>

Parsing ecmascript source code failed

Import trace:
  Server Component:
    ./app/admin/AdminDashboard.tsx
    ./app/admin/page.tsx @ http://localhost:3000/_next/static/chunks/node_modules_next_dist_0u_w_5s._.js:1945
[ 4244562ms] [ERROR] ./app/admin/AdminDashboard.tsx:908:9
Expected corresponding JSX closing tag for <main>
  906 |           </div>
  907 |         </div>
> 908 |       </section>
      |         ^^^^^^^
  909 |
  910 |       {/* תוצאות חיפוש */}
  911 |       <div>

Parsing ecmascript source code failed

Import trace:
  Server Component:
    ./app/admin/AdminDashboard.tsx
    ./app/admin/page.tsx @ http://localhost:3000/_next/static/chunks/node_modules_next_dist_0u_w_5s._.js:1945
[ 4244637ms] [ERROR] ./app/admin/AdminDashboard.tsx:908:9
Expected corresponding JSX closing tag for <main>
  906 |           </div>
  907 |         </div>
> 908 |       </section>
      |         ^^^^^^^
  909 |
  910 |       {/* תוצאות חיפוש */}
  911 |       <div>

Parsing ecmascript source code failed

Import trace:
  Server Component:
    ./app/admin/AdminDashboard.tsx
    ./app/admin/page.tsx @ http://localhost:3000/_next/static/chunks/node_modules_next_dist_0u_w_5s._.js:1945
[ 4244694ms] [ERROR] ./app/admin/AdminDashboard.tsx:908:9
Expected corresponding JSX closing tag for <main>
  906 |           </div>
  907 |         </div>
> 908 |       </section>
      |         ^^^^^^^
  909 |
  910 |       {/* תוצאות חיפוש */}
  911 |       <div>

Parsing ecmascript source code failed

Import trace:
  Server Component:
    ./app/admin/AdminDashboard.tsx
    ./app/admin/page.tsx @ http://localhost:3000/_next/static/chunks/node_modules_next_dist_0u_w_5s._.js:1945
[ 4244763ms] [ERROR] ./app/admin/AdminDashboard.tsx:908:9
Expected corresponding JSX closing tag for <main>
  906 |           </div>
  907 |         </div>
> 908 |       </section>
      |         ^^^^^^^
  909 |
  910 |       {/* תוצאות חיפוש */}
  911 |       <div>

Parsing ecmascript source code failed

Import trace:
  Server Component:
    ./app/admin/AdminDashboard.tsx
    ./app/admin/page.tsx @ http://localhost:3000/_next/static/chunks/node_modules_next_dist_0u_w_5s._.js:1945
[ 4244830ms] [ERROR] ./app/admin/AdminDashboard.tsx:908:9
Expected corresponding JSX closing tag for <main>
  906 |           </div>
  907 |         </div>
> 908 |       </section>
      |         ^^^^^^^
  909 |
  910 |       {/* תוצאות חיפוש */}
  911 |       <div>

Parsing ecmascript source code failed

Import trace:
  Server Component:
    ./app/admin/AdminDashboard.tsx
    ./app/admin/page.tsx @ http://localhost:3000/_next/static/chunks/node_modules_next_dist_0u_w_5s._.js:1945
[ 4244913ms] [ERROR] ./app/admin/AdminDashboard.tsx:908:9
Expected corresponding JSX closing tag for <main>
  906 |           </div>
  907 |         </div>
> 908 |       </section>
      |         ^^^^^^^
  909 |
  910 |       {/* תוצאות חיפוש */}
  911 |       <div>

Parsing ecmascript source code failed

Import trace:
  Server Component:
    ./app/admin/AdminDashboard.tsx
    ./app/admin/page.tsx @ http://localhost:3000/_next/static/chunks/node_modules_next_dist_0u_w_5s._.js:1945
[ 4244996ms] [ERROR] ./app/admin/AdminDashboard.tsx:908:9
Expected corresponding JSX closing tag for <main>
  906 |           </div>
  907 |         </div>
> 908 |       </section>
      |         ^^^^^^^
  909 |
  910 |       {/* תוצאות חיפוש */}
  911 |       <div>

Parsing ecmascript source code failed

Import trace:
  Server Component:
    ./app/admin/AdminDashboard.tsx
    ./app/admin/page.tsx @ http://localhost:3000/_next/static/chunks/node_modules_next_dist_0u_w_5s._.js:1945
[ 4245080ms] [ERROR] ./app/admin/AdminDashboard.tsx:908:9
Expected corresponding JSX closing tag for <main>
  906 |           </div>
  907 |         </div>
> 908 |       </section>
      |         ^^^^^^^
  909 |
  910 |       {/* תוצאות חיפוש */}
  911 |       <div>

Parsing ecmascript source code failed

Import trace:
  Server Component:
    ./app/admin/AdminDashboard.tsx
    ./app/admin/page.tsx @ http://localhost:3000/_next/static/chunks/node_modules_next_dist_0u_w_5s._.js:1945
[ 4245162ms] [ERROR] ./app/admin/AdminDashboard.tsx:908:9
Expected corresponding JSX closing tag for <main>
  906 |           </div>
  907 |         </div>
> 908 |       </section>
      |         ^^^^^^^
  909 |
  910 |       {/* תוצאות חיפוש */}
  911 |       <div>

Parsing ecmascript source code failed

Import trace:
  Server Component:
    ./app/admin/AdminDashboard.tsx
    ./app/admin/page.tsx @ http://localhost:3000/_next/static/chunks/node_modules_next_dist_0u_w_5s._.js:1945
[ 4245248ms] [ERROR] ./app/admin/AdminDashboard.tsx:908:9
Expected corresponding JSX closing tag for <main>
  906 |           </div>
  907 |         </div>
> 908 |       </section>
      |         ^^^^^^^
  909 |
  910 |       {/* תוצאות חיפוש */}
  911 |       <div>

Parsing ecmascript source code failed

Import trace:
  Server Component:
    ./app/admin/AdminDashboard.tsx
    ./app/admin/page.tsx @ http://localhost:3000/_next/static/chunks/node_modules_next_dist_0u_w_5s._.js:1945
[ 4245312ms] [ERROR] ./app/admin/AdminDashboard.tsx:908:9
Expected corresponding JSX closing tag for <main>
  906 |           </div>
  907 |         </div>
> 908 |       </section>
      |         ^^^^^^^
  909 |
  910 |       {/* תוצאות חיפוש */}
  911 |       <div>

Parsing ecmascript source code failed

Import trace:
  Server Component:
    ./app/admin/AdminDashboard.tsx
    ./app/admin/page.tsx @ http://localhost:3000/_next/static/chunks/node_modules_next_dist_0u_w_5s._.js:1945
[ 4245376ms] [ERROR] ./app/admin/AdminDashboard.tsx:908:9
Expected corresponding JSX closing tag for <main>
  906 |           </div>
  907 |         </div>
> 908 |       </section>
      |         ^^^^^^^
  909 |
  910 |       {/* תוצאות חיפוש */}
  911 |       <div>

Parsing ecmascript source code failed

Import trace:
  Server Component:
    ./app/admin/AdminDashboard.tsx
    ./app/admin/page.tsx @ http://localhost:3000/_next/static/chunks/node_modules_next_dist_0u_w_5s._.js:1945
[ 4245448ms] [ERROR] ./app/admin/AdminDashboard.tsx:908:9
Expected corresponding JSX closing tag for <main>
  906 |           </div>
  907 |         </div>
> 908 |       </section>
      |         ^^^^^^^
  909 |
  910 |       {/* תוצאות חיפוש */}
  911 |       <div>

Parsing ecmascript source code failed

Import trace:
  Server Component:
    ./app/admin/AdminDashboard.tsx
    ./app/admin/page.tsx @ http://localhost:3000/_next/static/chunks/node_modules_next_dist_0u_w_5s._.js:1945
[ 4245529ms] [ERROR] ./app/admin/AdminDashboard.tsx:908:9
Expected corresponding JSX closing tag for <main>
  906 |           </div>
  907 |         </div>
> 908 |       </section>
      |         ^^^^^^^
  909 |
  910 |       {/* תוצאות חיפוש */}
  911 |       <div>

Parsing ecmascript source code failed

Import trace:
  Server Component:
    ./app/admin/AdminDashboard.tsx
    ./app/admin/page.tsx @ http://localhost:3000/_next/static/chunks/node_modules_next_dist_0u_w_5s._.js:1945
[ 4245597ms] [ERROR] ./app/admin/AdminDashboard.tsx:908:9
Expected corresponding JSX closing tag for <main>
  906 |           </div>
  907 |         </div>
> 908 |       </section>
      |         ^^^^^^^
  909 |
  910 |       {/* תוצאות חיפוש */}
  911 |       <div>

Parsing ecmascript source code failed

Import trace:
  Server Component:
    ./app/admin/AdminDashboard.tsx
    ./app/admin/page.tsx @ http://localhost:3000/_next/static/chunks/node_modules_next_dist_0u_w_5s._.js:1945
[ 4245680ms] [ERROR] ./app/admin/AdminDashboard.tsx:908:9
Expected corresponding JSX closing tag for <main>
  906 |           </div>
  907 |         </div>
> 908 |       </section>
      |         ^^^^^^^
  909 |
  910 |       {/* תוצאות חיפוש */}
  911 |       <div>

Parsing ecmascript source code failed

Import trace:
  Server Component:
    ./app/admin/AdminDashboard.tsx
    ./app/admin/page.tsx @ http://localhost:3000/_next/static/chunks/node_modules_next_dist_0u_w_5s._.js:1945
[ 4245750ms] [ERROR] ./app/admin/AdminDashboard.tsx:908:9
Expected corresponding JSX closing tag for <main>
  906 |           </div>
  907 |         </div>
> 908 |       </section>
      |         ^^^^^^^
  909 |
  910 |       {/* תוצאות חיפוש */}
  911 |       <div>

Parsing ecmascript source code failed

Import trace:
  Server Component:
    ./app/admin/AdminDashboard.tsx
    ./app/admin/page.tsx @ http://localhost:3000/_next/static/chunks/node_modules_next_dist_0u_w_5s._.js:1945
[ 4245830ms] [ERROR] ./app/admin/AdminDashboard.tsx:908:9
Expected corresponding JSX closing tag for <main>
  906 |           </div>
  907 |         </div>
> 908 |       </section>
      |         ^^^^^^^
  909 |
  910 |       {/* תוצאות חיפוש */}
  911 |       <div>

Parsing ecmascript source code failed

Import trace:
  Server Component:
    ./app/admin/AdminDashboard.tsx
    ./app/admin/page.tsx @ http://localhost:3000/_next/static/chunks/node_modules_next_dist_0u_w_5s._.js:1945
[ 4245912ms] [ERROR] ./app/admin/AdminDashboard.tsx:908:9
Expected corresponding JSX closing tag for <main>
  906 |           </div>
  907 |         </div>
> 908 |       </section>
      |         ^^^^^^^
  909 |
  910 |       {/* תוצאות חיפוש */}
  911 |       <div>

Parsing ecmascript source code failed

Import trace:
  Server Component:
    ./app/admin/AdminDashboard.tsx
    ./app/admin/page.tsx @ http://localhost:3000/_next/static/chunks/node_modules_next_dist_0u_w_5s._.js:1945
[ 4245979ms] [ERROR] ./app/admin/AdminDashboard.tsx:908:9
Expected corresponding JSX closing tag for <main>
  906 |           </div>
  907 |         </div>
> 908 |       </section>
      |         ^^^^^^^
  909 |
  910 |       {/* תוצאות חיפוש */}
  911 |       <div>

Parsing ecmascript source code failed

Import trace:
  Server Component:
    ./app/admin/AdminDashboard.tsx
    ./app/admin/page.tsx @ http://localhost:3000/_next/static/chunks/node_modules_next_dist_0u_w_5s._.js:1945
[ 4246047ms] [ERROR] ./app/admin/AdminDashboard.tsx:908:9
Expected corresponding JSX closing tag for <main>
  906 |           </div>
  907 |         </div>
> 908 |       </section>
      |         ^^^^^^^
  909 |
  910 |       {/* תוצאות חיפוש */}
  911 |       <div>

Parsing ecmascript source code failed

Import trace:
  Server Component:
    ./app/admin/AdminDashboard.tsx
    ./app/admin/page.tsx @ http://localhost:3000/_next/static/chunks/node_modules_next_dist_0u_w_5s._.js:1945
[ 4246112ms] [ERROR] ./app/admin/AdminDashboard.tsx:908:9
Expected corresponding JSX closing tag for <main>
  906 |           </div>
  907 |         </div>
> 908 |       </section>
      |         ^^^^^^^
  909 |
  910 |       {/* תוצאות חיפוש */}
  911 |       <div>

Parsing ecmascript source code failed

Import trace:
  Server Component:
    ./app/admin/AdminDashboard.tsx
    ./app/admin/page.tsx @ http://localhost:3000/_next/static/chunks/node_modules_next_dist_0u_w_5s._.js:1945
[ 4246179ms] [ERROR] ./app/admin/AdminDashboard.tsx:908:9
Expected corresponding JSX closing tag for <main>
  906 |           </div>
  907 |         </div>
> 908 |       </section>
      |         ^^^^^^^
  909 |
  910 |       {/* תוצאות חיפוש */}
  911 |       <div>

Parsing ecmascript source code failed

Import trace:
  Server Component:
    ./app/admin/AdminDashboard.tsx
    ./app/admin/page.tsx @ http://localhost:3000/_next/static/chunks/node_modules_next_dist_0u_w_5s._.js:1945
[ 4246244ms] [ERROR] ./app/admin/AdminDashboard.tsx:908:9
Expected corresponding JSX closing tag for <main>
  906 |           </div>
  907 |         </div>
> 908 |       </section>
      |         ^^^^^^^
  909 |
  910 |       {/* תוצאות חיפוש */}
  911 |       <div>

Parsing ecmascript source code failed

Import trace:
  Server Component:
    ./app/admin/AdminDashboard.tsx
    ./app/admin/page.tsx @ http://localhost:3000/_next/static/chunks/node_modules_next_dist_0u_w_5s._.js:1945
[ 4246310ms] [ERROR] ./app/admin/AdminDashboard.tsx:908:9
Expected corresponding JSX closing tag for <main>
  906 |           </div>
  907 |         </div>
> 908 |       </section>
      |         ^^^^^^^
  909 |
  910 |       {/* תוצאות חיפוש */}
  911 |       <div>

Parsing ecmascript source code failed

Import trace:
  Server Component:
    ./app/admin/AdminDashboard.tsx
    ./app/admin/page.tsx @ http://localhost:3000/_next/static/chunks/node_modules_next_dist_0u_w_5s._.js:1945
[ 4246377ms] [ERROR] ./app/admin/AdminDashboard.tsx:908:9
Expected corresponding JSX closing tag for <main>
  906 |           </div>
  907 |         </div>
> 908 |       </section>
      |         ^^^^^^^
  909 |
  910 |       {/* תוצאות חיפוש */}
  911 |       <div>

Parsing ecmascript source code failed

Import trace:
  Server Component:
    ./app/admin/AdminDashboard.tsx
    ./app/admin/page.tsx @ http://localhost:3000/_next/static/chunks/node_modules_next_dist_0u_w_5s._.js:1945
[ 4246441ms] [ERROR] ./app/admin/AdminDashboard.tsx:908:9
Expected corresponding JSX closing tag for <main>
  906 |           </div>
  907 |         </div>
> 908 |       </section>
      |         ^^^^^^^
  909 |
  910 |       {/* תוצאות חיפוש */}
  911 |       <div>

Parsing ecmascript source code failed

Import trace:
  Server Component:
    ./app/admin/AdminDashboard.tsx
    ./app/admin/page.tsx @ http://localhost:3000/_next/static/chunks/node_modules_next_dist_0u_w_5s._.js:1945
[ 4246511ms] [ERROR] ./app/admin/AdminDashboard.tsx:908:9
Expected corresponding JSX closing tag for <main>
  906 |           </div>
  907 |         </div>
> 908 |       </section>
      |         ^^^^^^^
  909 |
  910 |       {/* תוצאות חיפוש */}
  911 |       <div>

Parsing ecmascript source code failed

Import trace:
  Server Component:
    ./app/admin/AdminDashboard.tsx
    ./app/admin/page.tsx @ http://localhost:3000/_next/static/chunks/node_modules_next_dist_0u_w_5s._.js:1945
[ 4246577ms] [ERROR] ./app/admin/AdminDashboard.tsx:908:9
Expected corresponding JSX closing tag for <main>
  906 |           </div>
  907 |         </div>
> 908 |       </section>
      |         ^^^^^^^
  909 |
  910 |       {/* תוצאות חיפוש */}
  911 |       <div>

Parsing ecmascript source code failed

Import trace:
  Server Component:
    ./app/admin/AdminDashboard.tsx
    ./app/admin/page.tsx @ http://localhost:3000/_next/static/chunks/node_modules_next_dist_0u_w_5s._.js:1945
[ 4246645ms] [ERROR] ./app/admin/AdminDashboard.tsx:908:9
Expected corresponding JSX closing tag for <main>
  906 |           </div>
  907 |         </div>
> 908 |       </section>
      |         ^^^^^^^
  909 |
  910 |       {/* תוצאות חיפוש */}
  911 |       <div>

Parsing ecmascript source code failed

Import trace:
  Server Component:
    ./app/admin/AdminDashboard.tsx
    ./app/admin/page.tsx @ http://localhost:3000/_next/static/chunks/node_modules_next_dist_0u_w_5s._.js:1945
[ 4246710ms] [ERROR] ./app/admin/AdminDashboard.tsx:908:9
Expected corresponding JSX closing tag for <main>
  906 |           </div>
  907 |         </div>
> 908 |       </section>
      |         ^^^^^^^
  909 |
  910 |       {/* תוצאות חיפוש */}
  911 |       <div>

Parsing ecmascript source code failed

Import trace:
  Server Component:
    ./app/admin/AdminDashboard.tsx
    ./app/admin/page.tsx @ http://localhost:3000/_next/static/chunks/node_modules_next_dist_0u_w_5s._.js:1945
[ 4246778ms] [ERROR] ./app/admin/AdminDashboard.tsx:908:9
Expected corresponding JSX closing tag for <main>
  906 |           </div>
  907 |         </div>
> 908 |       </section>
      |         ^^^^^^^
  909 |
  910 |       {/* תוצאות חיפוש */}
  911 |       <div>

Parsing ecmascript source code failed

Import trace:
  Server Component:
    ./app/admin/AdminDashboard.tsx
    ./app/admin/page.tsx @ http://localhost:3000/_next/static/chunks/node_modules_next_dist_0u_w_5s._.js:1945
[ 4246848ms] [ERROR] ./app/admin/AdminDashboard.tsx:908:9
Expected corresponding JSX closing tag for <main>
  906 |           </div>
  907 |         </div>
> 908 |       </section>
      |         ^^^^^^^
  909 |
  910 |       {/* תוצאות חיפוש */}
  911 |       <div>

Parsing ecmascript source code failed

Import trace:
  Server Component:
    ./app/admin/AdminDashboard.tsx
    ./app/admin/page.tsx @ http://localhost:3000/_next/static/chunks/node_modules_next_dist_0u_w_5s._.js:1945
[ 4246916ms] [ERROR] ./app/admin/AdminDashboard.tsx:908:9
Expected corresponding JSX closing tag for <main>
  906 |           </div>
  907 |         </div>
> 908 |       </section>
      |         ^^^^^^^
  909 |
  910 |       {/* תוצאות חיפוש */}
  911 |       <div>

Parsing ecmascript source code failed

Import trace:
  Server Component:
    ./app/admin/AdminDashboard.tsx
    ./app/admin/page.tsx @ http://localhost:3000/_next/static/chunks/node_modules_next_dist_0u_w_5s._.js:1945
[ 4246979ms] [ERROR] ./app/admin/AdminDashboard.tsx:908:9
Expected corresponding JSX closing tag for <main>
  906 |           </div>
  907 |         </div>
> 908 |       </section>
      |         ^^^^^^^
  909 |
  910 |       {/* תוצאות חיפוש */}
  911 |       <div>

Parsing ecmascript source code failed

Import trace:
  Server Component:
    ./app/admin/AdminDashboard.tsx
    ./app/admin/page.tsx @ http://localhost:3000/_next/static/chunks/node_modules_next_dist_0u_w_5s._.js:1945
[ 4247049ms] [ERROR] ./app/admin/AdminDashboard.tsx:908:9
Expected corresponding JSX closing tag for <main>
  906 |           </div>
  907 |         </div>
> 908 |       </section>
      |         ^^^^^^^
  909 |
  910 |       {/* תוצאות חיפוש */}
  911 |       <div>

Parsing ecmascript source code failed

Import trace:
  Server Component:
    ./app/admin/AdminDashboard.tsx
    ./app/admin/page.tsx @ http://localhost:3000/_next/static/chunks/node_modules_next_dist_0u_w_5s._.js:1945
[ 4247128ms] [ERROR] ./app/admin/AdminDashboard.tsx:908:9
Expected corresponding JSX closing tag for <main>
  906 |           </div>
  907 |         </div>
> 908 |       </section>
      |         ^^^^^^^
  909 |
  910 |       {/* תוצאות חיפוש */}
  911 |       <div>

Parsing ecmascript source code failed

Import trace:
  Server Component:
    ./app/admin/AdminDashboard.tsx
    ./app/admin/page.tsx @ http://localhost:3000/_next/static/chunks/node_modules_next_dist_0u_w_5s._.js:1945
[ 4247198ms] [ERROR] ./app/admin/AdminDashboard.tsx:908:9
Expected corresponding JSX closing tag for <main>
  906 |           </div>
  907 |         </div>
> 908 |       </section>
      |         ^^^^^^^
  909 |
  910 |       {/* תוצאות חיפוש */}
  911 |       <div>

Parsing ecmascript source code failed

Import trace:
  Server Component:
    ./app/admin/AdminDashboard.tsx
    ./app/admin/page.tsx @ http://localhost:3000/_next/static/chunks/node_modules_next_dist_0u_w_5s._.js:1945
[ 4247263ms] [ERROR] ./app/admin/AdminDashboard.tsx:908:9
Expected corresponding JSX closing tag for <main>
  906 |           </div>
  907 |         </div>
> 908 |       </section>
      |         ^^^^^^^
  909 |
  910 |       {/* תוצאות חיפוש */}
  911 |       <div>

Parsing ecmascript source code failed

Import trace:
  Server Component:
    ./app/admin/AdminDashboard.tsx
    ./app/admin/page.tsx @ http://localhost:3000/_next/static/chunks/node_modules_next_dist_0u_w_5s._.js:1945
[ 4247328ms] [ERROR] ./app/admin/AdminDashboard.tsx:908:9
Expected corresponding JSX closing tag for <main>
  906 |           </div>
  907 |         </div>
> 908 |       </section>
      |         ^^^^^^^
  909 |
  910 |       {/* תוצאות חיפוש */}
  911 |       <div>

Parsing ecmascript source code failed

Import trace:
  Server Component:
    ./app/admin/AdminDashboard.tsx
    ./app/admin/page.tsx @ http://localhost:3000/_next/static/chunks/node_modules_next_dist_0u_w_5s._.js:1945
[ 4247389ms] [ERROR] ./app/admin/AdminDashboard.tsx:908:9
Expected corresponding JSX closing tag for <main>
  906 |           </div>
  907 |         </div>
> 908 |       </section>
      |         ^^^^^^^
  909 |
  910 |       {/* תוצאות חיפוש */}
  911 |       <div>

Parsing ecmascript source code failed

Import trace:
  Server Component:
    ./app/admin/AdminDashboard.tsx
    ./app/admin/page.tsx @ http://localhost:3000/_next/static/chunks/node_modules_next_dist_0u_w_5s._.js:1945
[ 4247451ms] [ERROR] ./app/admin/AdminDashboard.tsx:908:9
Expected corresponding JSX closing tag for <main>
  906 |           </div>
  907 |         </div>
> 908 |       </section>
      |         ^^^^^^^
  909 |
  910 |       {/* תוצאות חיפוש */}
  911 |       <div>

Parsing ecmascript source code failed

Import trace:
  Server Component:
    ./app/admin/AdminDashboard.tsx
    ./app/admin/page.tsx @ http://localhost:3000/_next/static/chunks/node_modules_next_dist_0u_w_5s._.js:1945
[ 4247534ms] [ERROR] ./app/admin/AdminDashboard.tsx:908:9
Expected corresponding JSX closing tag for <main>
  906 |           </div>
  907 |         </div>
> 908 |       </section>
      |         ^^^^^^^
  909 |
  910 |       {/* תוצאות חיפוש */}
  911 |       <div>

Parsing ecmascript source code failed

Import trace:
  Server Component:
    ./app/admin/AdminDashboard.tsx
    ./app/admin/page.tsx @ http://localhost:3000/_next/static/chunks/node_modules_next_dist_0u_w_5s._.js:1945
[ 4247612ms] [ERROR] ./app/admin/AdminDashboard.tsx:908:9
Expected corresponding JSX closing tag for <main>
  906 |           </div>
  907 |         </div>
> 908 |       </section>
      |         ^^^^^^^
  909 |
  910 |       {/* תוצאות חיפוש */}
  911 |       <div>

Parsing ecmascript source code failed

Import trace:
  Server Component:
    ./app/admin/AdminDashboard.tsx
    ./app/admin/page.tsx @ http://localhost:3000/_next/static/chunks/node_modules_next_dist_0u_w_5s._.js:1945
[ 4247674ms] [ERROR] ./app/admin/AdminDashboard.tsx:908:9
Expected corresponding JSX closing tag for <main>
  906 |           </div>
  907 |         </div>
> 908 |       </section>
      |         ^^^^^^^
  909 |
  910 |       {/* תוצאות חיפוש */}
  911 |       <div>

Parsing ecmascript source code failed

Import trace:
  Server Component:
    ./app/admin/AdminDashboard.tsx
    ./app/admin/page.tsx @ http://localhost:3000/_next/static/chunks/node_modules_next_dist_0u_w_5s._.js:1945
[ 4247735ms] [ERROR] ./app/admin/AdminDashboard.tsx:908:9
Expected corresponding JSX closing tag for <main>
  906 |           </div>
  907 |         </div>
> 908 |       </section>
      |         ^^^^^^^
  909 |
  910 |       {/* תוצאות חיפוש */}
  911 |       <div>

Parsing ecmascript source code failed

Import trace:
  Server Component:
    ./app/admin/AdminDashboard.tsx
    ./app/admin/page.tsx @ http://localhost:3000/_next/static/chunks/node_modules_next_dist_0u_w_5s._.js:1945
[ 4247798ms] [ERROR] ./app/admin/AdminDashboard.tsx:908:9
Expected corresponding JSX closing tag for <main>
  906 |           </div>
  907 |         </div>
> 908 |       </section>
      |         ^^^^^^^
  909 |
  910 |       {/* תוצאות חיפוש */}
  911 |       <div>

Parsing ecmascript source code failed

Import trace:
  Server Component:
    ./app/admin/AdminDashboard.tsx
    ./app/admin/page.tsx @ http://localhost:3000/_next/static/chunks/node_modules_next_dist_0u_w_5s._.js:1945
[ 4247865ms] [ERROR] ./app/admin/AdminDashboard.tsx:908:9
Expected corresponding JSX closing tag for <main>
  906 |           </div>
  907 |         </div>
> 908 |       </section>
      |         ^^^^^^^
  909 |
  910 |       {/* תוצאות חיפוש */}
  911 |       <div>

Parsing ecmascript source code failed

Import trace:
  Server Component:
    ./app/admin/AdminDashboard.tsx
    ./app/admin/page.tsx @ http://localhost:3000/_next/static/chunks/node_modules_next_dist_0u_w_5s._.js:1945
[ 4247927ms] [ERROR] ./app/admin/AdminDashboard.tsx:908:9
Expected corresponding JSX closing tag for <main>
  906 |           </div>
  907 |         </div>
> 908 |       </section>
      |         ^^^^^^^
  909 |
  910 |       {/* תוצאות חיפוש */}
  911 |       <div>

Parsing ecmascript source code failed

Import trace:
  Server Component:
    ./app/admin/AdminDashboard.tsx
    ./app/admin/page.tsx @ http://localhost:3000/_next/static/chunks/node_modules_next_dist_0u_w_5s._.js:1945
[ 4247983ms] [ERROR] ./app/admin/AdminDashboard.tsx:908:9
Expected corresponding JSX closing tag for <main>
  906 |           </div>
  907 |         </div>
> 908 |       </section>
      |         ^^^^^^^
  909 |
  910 |       {/* תוצאות חיפוש */}
  911 |       <div>

Parsing ecmascript source code failed

Import trace:
  Server Component:
    ./app/admin/AdminDashboard.tsx
    ./app/admin/page.tsx @ http://localhost:3000/_next/static/chunks/node_modules_next_dist_0u_w_5s._.js:1945
[ 4248049ms] [ERROR] ./app/admin/AdminDashboard.tsx:908:9
Expected corresponding JSX closing tag for <main>
  906 |           </div>
  907 |         </div>
> 908 |       </section>
      |         ^^^^^^^
  909 |
  910 |       {/* תוצאות חיפוש */}
  911 |       <div>

Parsing ecmascript source code failed

Import trace:
  Server Component:
    ./app/admin/AdminDashboard.tsx
    ./app/admin/page.tsx @ http://localhost:3000/_next/static/chunks/node_modules_next_dist_0u_w_5s._.js:1945
[ 4248116ms] [ERROR] ./app/admin/AdminDashboard.tsx:908:9
Expected corresponding JSX closing tag for <main>
  906 |           </div>
  907 |         </div>
> 908 |       </section>
      |         ^^^^^^^
  909 |
  910 |       {/* תוצאות חיפוש */}
  911 |       <div>

Parsing ecmascript source code failed

Import trace:
  Server Component:
    ./app/admin/AdminDashboard.tsx
    ./app/admin/page.tsx @ http://localhost:3000/_next/static/chunks/node_modules_next_dist_0u_w_5s._.js:1945
[ 4248177ms] [ERROR] ./app/admin/AdminDashboard.tsx:908:9
Expected corresponding JSX closing tag for <main>
  906 |           </div>
  907 |         </div>
> 908 |       </section>
      |         ^^^^^^^
  909 |
  910 |       {/* תוצאות חיפוש */}
  911 |       <div>

Parsing ecmascript source code failed

Import trace:
  Server Component:
    ./app/admin/AdminDashboard.tsx
    ./app/admin/page.tsx @ http://localhost:3000/_next/static/chunks/node_modules_next_dist_0u_w_5s._.js:1945
[ 4248240ms] [ERROR] ./app/admin/AdminDashboard.tsx:908:9
Expected corresponding JSX closing tag for <main>
  906 |           </div>
  907 |         </div>
> 908 |       </section>
      |         ^^^^^^^
  909 |
  910 |       {/* תוצאות חיפוש */}
  911 |       <div>

Parsing ecmascript source code failed

Import trace:
  Server Component:
    ./app/admin/AdminDashboard.tsx
    ./app/admin/page.tsx @ http://localhost:3000/_next/static/chunks/node_modules_next_dist_0u_w_5s._.js:1945
[ 4248313ms] [ERROR] ./app/admin/AdminDashboard.tsx:908:9
Expected corresponding JSX closing tag for <main>
  906 |           </div>
  907 |         </div>
> 908 |       </section>
      |         ^^^^^^^
  909 |
  910 |       {/* תוצאות חיפוש */}
  911 |       <div>

Parsing ecmascript source code failed

Import trace:
  Server Component:
    ./app/admin/AdminDashboard.tsx
    ./app/admin/page.tsx @ http://localhost:3000/_next/static/chunks/node_modules_next_dist_0u_w_5s._.js:1945
[ 4248375ms] [ERROR] ./app/admin/AdminDashboard.tsx:908:9
Expected corresponding JSX closing tag for <main>
  906 |           </div>
  907 |         </div>
> 908 |       </section>
      |         ^^^^^^^
  909 |
  910 |       {/* תוצאות חיפוש */}
  911 |       <div>

Parsing ecmascript source code failed

Import trace:
  Server Component:
    ./app/admin/AdminDashboard.tsx
    ./app/admin/page.tsx @ http://localhost:3000/_next/static/chunks/node_modules_next_dist_0u_w_5s._.js:1945
[ 4248444ms] [ERROR] ./app/admin/AdminDashboard.tsx:908:9
Expected corresponding JSX closing tag for <main>
  906 |           </div>
  907 |         </div>
> 908 |       </section>
      |         ^^^^^^^
  909 |
  910 |       {/* תוצאות חיפוש */}
  911 |       <div>

Parsing ecmascript source code failed

Import trace:
  Server Component:
    ./app/admin/AdminDashboard.tsx
    ./app/admin/page.tsx @ http://localhost:3000/_next/static/chunks/node_modules_next_dist_0u_w_5s._.js:1945
[ 4248511ms] [ERROR] ./app/admin/AdminDashboard.tsx:908:9
Expected corresponding JSX closing tag for <main>
  906 |           </div>
  907 |         </div>
> 908 |       </section>
      |         ^^^^^^^
  909 |
  910 |       {/* תוצאות חיפוש */}
  911 |       <div>

Parsing ecmascript source code failed

Import trace:
  Server Component:
    ./app/admin/AdminDashboard.tsx
    ./app/admin/page.tsx @ http://localhost:3000/_next/static/chunks/node_modules_next_dist_0u_w_5s._.js:1945
[ 4248646ms] [LOG] [Fast Refresh] rebuilding @ http://localhost:3000/_next/static/chunks/node_modules_next_dist_0u_w_5s._.js:1226
[ 4248664ms] [ERROR] ./app/admin/AdminDashboard.tsx:908:9
Expected corresponding JSX closing tag for <main>
  906 |           </div>
  907 |         </div>
> 908 |       </section>
      |         ^^^^^^^
  909 |
  910 |       {/* תוצאות חיפוש */}
  911 |       <div>

Parsing ecmascript source code failed

Import trace:
  Server Component:
    ./app/admin/AdminDashboard.tsx
    ./app/admin/page.tsx @ http://localhost:3000/_next/static/chunks/node_modules_next_dist_0u_w_5s._.js:1945
[ 4248746ms] [ERROR] ./app/admin/AdminDashboard.tsx:908:9
Expected corresponding JSX closing tag for <main>
  906 |           </div>
  907 |         </div>
> 908 |       </section>
      |         ^^^^^^^
  909 |
  910 |       {/* תוצאות חיפוש */}
  911 |       <div>

Parsing ecmascript source code failed

Import trace:
  Server Component:
    ./app/admin/AdminDashboard.tsx
    ./app/admin/page.tsx @ http://localhost:3000/_next/static/chunks/node_modules_next_dist_0u_w_5s._.js:1945
[ 4248815ms] [ERROR] ./app/admin/AdminDashboard.tsx:908:9
Expected corresponding JSX closing tag for <main>
  906 |           </div>
  907 |         </div>
> 908 |       </section>
      |         ^^^^^^^
  909 |
  910 |       {/* תוצאות חיפוש */}
  911 |       <div>

Parsing ecmascript source code failed

Import trace:
  Server Component:
    ./app/admin/AdminDashboard.tsx
    ./app/admin/page.tsx @ http://localhost:3000/_next/static/chunks/node_modules_next_dist_0u_w_5s._.js:1945
[ 4248895ms] [ERROR] ./app/admin/AdminDashboard.tsx:908:9
Expected corresponding JSX closing tag for <main>
  906 |           </div>
  907 |         </div>
> 908 |       </section>
      |         ^^^^^^^
  909 |
  910 |       {/* תוצאות חיפוש */}
  911 |       <div>

Parsing ecmascript source code failed

Import trace:
  Server Component:
    ./app/admin/AdminDashboard.tsx
    ./app/admin/page.tsx @ http://localhost:3000/_next/static/chunks/node_modules_next_dist_0u_w_5s._.js:1945
[ 4248961ms] [ERROR] ./app/admin/AdminDashboard.tsx:908:9
Expected corresponding JSX closing tag for <main>
  906 |           </div>
  907 |         </div>
> 908 |       </section>
      |         ^^^^^^^
  909 |
  910 |       {/* תוצאות חיפוש */}
  911 |       <div>

Parsing ecmascript source code failed

Import trace:
  Server Component:
    ./app/admin/AdminDashboard.tsx
    ./app/admin/page.tsx @ http://localhost:3000/_next/static/chunks/node_modules_next_dist_0u_w_5s._.js:1945
[ 4249034ms] [ERROR] ./app/admin/AdminDashboard.tsx:908:9
Expected corresponding JSX closing tag for <main>
  906 |           </div>
  907 |         </div>
> 908 |       </section>
      |         ^^^^^^^
  909 |
  910 |       {/* תוצאות חיפוש */}
  911 |       <div>

Parsing ecmascript source code failed

Import trace:
  Server Component:
    ./app/admin/AdminDashboard.tsx
    ./app/admin/page.tsx @ http://localhost:3000/_next/static/chunks/node_modules_next_dist_0u_w_5s._.js:1945
[ 4249096ms] [ERROR] ./app/admin/AdminDashboard.tsx:908:9
Expected corresponding JSX closing tag for <main>
  906 |           </div>
  907 |         </div>
> 908 |       </section>
      |         ^^^^^^^
  909 |
  910 |       {/* תוצאות חיפוש */}
  911 |       <div>

Parsing ecmascript source code failed

Import trace:
  Server Component:
    ./app/admin/AdminDashboard.tsx
    ./app/admin/page.tsx @ http://localhost:3000/_next/static/chunks/node_modules_next_dist_0u_w_5s._.js:1945
[ 4249156ms] [ERROR] ./app/admin/AdminDashboard.tsx:908:9
Expected corresponding JSX closing tag for <main>
  906 |           </div>
  907 |         </div>
> 908 |       </section>
      |         ^^^^^^^
  909 |
  910 |       {/* תוצאות חיפוש */}
  911 |       <div>

Parsing ecmascript source code failed

Import trace:
  Server Component:
    ./app/admin/AdminDashboard.tsx
    ./app/admin/page.tsx @ http://localhost:3000/_next/static/chunks/node_modules_next_dist_0u_w_5s._.js:1945
[ 4249232ms] [ERROR] ./app/admin/AdminDashboard.tsx:908:9
Expected corresponding JSX closing tag for <main>
  906 |           </div>
  907 |         </div>
> 908 |       </section>
      |         ^^^^^^^
  909 |
  910 |       {/* תוצאות חיפוש */}
  911 |       <div>

Parsing ecmascript source code failed

Import trace:
  Server Component:
    ./app/admin/AdminDashboard.tsx
    ./app/admin/page.tsx @ http://localhost:3000/_next/static/chunks/node_modules_next_dist_0u_w_5s._.js:1945
[ 4249296ms] [ERROR] ./app/admin/AdminDashboard.tsx:908:9
Expected corresponding JSX closing tag for <main>
  906 |           </div>
  907 |         </div>
> 908 |       </section>
      |         ^^^^^^^
  909 |
  910 |       {/* תוצאות חיפוש */}
  911 |       <div>

Parsing ecmascript source code failed

Import trace:
  Server Component:
    ./app/admin/AdminDashboard.tsx
    ./app/admin/page.tsx @ http://localhost:3000/_next/static/chunks/node_modules_next_dist_0u_w_5s._.js:1945
[ 4249362ms] [ERROR] ./app/admin/AdminDashboard.tsx:908:9
Expected corresponding JSX closing tag for <main>
  906 |           </div>
  907 |         </div>
> 908 |       </section>
      |         ^^^^^^^
  909 |
  910 |       {/* תוצאות חיפוש */}
  911 |       <div>

Parsing ecmascript source code failed

Import trace:
  Server Component:
    ./app/admin/AdminDashboard.tsx
    ./app/admin/page.tsx @ http://localhost:3000/_next/static/chunks/node_modules_next_dist_0u_w_5s._.js:1945
[ 4249425ms] [ERROR] ./app/admin/AdminDashboard.tsx:908:9
Expected corresponding JSX closing tag for <main>
  906 |           </div>
  907 |         </div>
> 908 |       </section>
      |         ^^^^^^^
  909 |
  910 |       {/* תוצאות חיפוש */}
  911 |       <div>

Parsing ecmascript source code failed

Import trace:
  Server Component:
    ./app/admin/AdminDashboard.tsx
    ./app/admin/page.tsx @ http://localhost:3000/_next/static/chunks/node_modules_next_dist_0u_w_5s._.js:1945
[ 4249479ms] [ERROR] ./app/admin/AdminDashboard.tsx:908:9
Expected corresponding JSX closing tag for <main>
  906 |           </div>
  907 |         </div>
> 908 |       </section>
      |         ^^^^^^^
  909 |
  910 |       {/* תוצאות חיפוש */}
  911 |       <div>

Parsing ecmascript source code failed

Import trace:
  Server Component:
    ./app/admin/AdminDashboard.tsx
    ./app/admin/page.tsx @ http://localhost:3000/_next/static/chunks/node_modules_next_dist_0u_w_5s._.js:1945
[ 4249549ms] [ERROR] ./app/admin/AdminDashboard.tsx:908:9
Expected corresponding JSX closing tag for <main>
  906 |           </div>
  907 |         </div>
> 908 |       </section>
      |         ^^^^^^^
  909 |
  910 |       {/* תוצאות חיפוש */}
  911 |       <div>

Parsing ecmascript source code failed

Import trace:
  Server Component:
    ./app/admin/AdminDashboard.tsx
    ./app/admin/page.tsx @ http://localhost:3000/_next/static/chunks/node_modules_next_dist_0u_w_5s._.js:1945
[ 4249615ms] [ERROR] ./app/admin/AdminDashboard.tsx:908:9
Expected corresponding JSX closing tag for <main>
  906 |           </div>
  907 |         </div>
> 908 |       </section>
      |         ^^^^^^^
  909 |
  910 |       {/* תוצאות חיפוש */}
  911 |       <div>

Parsing ecmascript source code failed

Import trace:
  Server Component:
    ./app/admin/AdminDashboard.tsx
    ./app/admin/page.tsx @ http://localhost:3000/_next/static/chunks/node_modules_next_dist_0u_w_5s._.js:1945
[ 4249682ms] [ERROR] ./app/admin/AdminDashboard.tsx:908:9
Expected corresponding JSX closing tag for <main>
  906 |           </div>
  907 |         </div>
> 908 |       </section>
      |         ^^^^^^^
  909 |
  910 |       {/* תוצאות חיפוש */}
  911 |       <div>

Parsing ecmascript source code failed

Import trace:
  Server Component:
    ./app/admin/AdminDashboard.tsx
    ./app/admin/page.tsx @ http://localhost:3000/_next/static/chunks/node_modules_next_dist_0u_w_5s._.js:1945
[ 4249748ms] [ERROR] ./app/admin/AdminDashboard.tsx:908:9
Expected corresponding JSX closing tag for <main>
  906 |           </div>
  907 |         </div>
> 908 |       </section>
      |         ^^^^^^^
  909 |
  910 |       {/* תוצאות חיפוש */}
  911 |       <div>

Parsing ecmascript source code failed

Import trace:
  Server Component:
    ./app/admin/AdminDashboard.tsx
    ./app/admin/page.tsx @ http://localhost:3000/_next/static/chunks/node_modules_next_dist_0u_w_5s._.js:1945
[ 4249815ms] [ERROR] ./app/admin/AdminDashboard.tsx:908:9
Expected corresponding JSX closing tag for <main>
  906 |           </div>
  907 |         </div>
> 908 |       </section>
      |         ^^^^^^^
  909 |
  910 |       {/* תוצאות חיפוש */}
  911 |       <div>

Parsing ecmascript source code failed

Import trace:
  Server Component:
    ./app/admin/AdminDashboard.tsx
    ./app/admin/page.tsx @ http://localhost:3000/_next/static/chunks/node_modules_next_dist_0u_w_5s._.js:1945
[ 4249880ms] [ERROR] ./app/admin/AdminDashboard.tsx:908:9
Expected corresponding JSX closing tag for <main>
  906 |           </div>
  907 |         </div>
> 908 |       </section>
      |         ^^^^^^^
  909 |
  910 |       {/* תוצאות חיפוש */}
  911 |       <div>

Parsing ecmascript source code failed

Import trace:
  Server Component:
    ./app/admin/AdminDashboard.tsx
    ./app/admin/page.tsx @ http://localhost:3000/_next/static/chunks/node_modules_next_dist_0u_w_5s._.js:1945
[ 4249945ms] [ERROR] ./app/admin/AdminDashboard.tsx:908:9
Expected corresponding JSX closing tag for <main>
  906 |           </div>
  907 |         </div>
> 908 |       </section>
      |         ^^^^^^^
  909 |
  910 |       {/* תוצאות חיפוש */}
  911 |       <div>

Parsing ecmascript source code failed

Import trace:
  Server Component:
    ./app/admin/AdminDashboard.tsx
    ./app/admin/page.tsx @ http://localhost:3000/_next/static/chunks/node_modules_next_dist_0u_w_5s._.js:1945
[ 4250004ms] [ERROR] ./app/admin/AdminDashboard.tsx:908:9
Expected corresponding JSX closing tag for <main>
  906 |           </div>
  907 |         </div>
> 908 |       </section>
      |         ^^^^^^^
  909 |
  910 |       {/* תוצאות חיפוש */}
  911 |       <div>

Parsing ecmascript source code failed

Import trace:
  Server Component:
    ./app/admin/AdminDashboard.tsx
    ./app/admin/page.tsx @ http://localhost:3000/_next/static/chunks/node_modules_next_dist_0u_w_5s._.js:1945
[ 4250082ms] [ERROR] ./app/admin/AdminDashboard.tsx:908:9
Expected corresponding JSX closing tag for <main>
  906 |           </div>
  907 |         </div>
> 908 |       </section>
      |         ^^^^^^^
  909 |
  910 |       {/* תוצאות חיפוש */}
  911 |       <div>

Parsing ecmascript source code failed

Import trace:
  Server Component:
    ./app/admin/AdminDashboard.tsx
    ./app/admin/page.tsx @ http://localhost:3000/_next/static/chunks/node_modules_next_dist_0u_w_5s._.js:1945
[ 4250151ms] [ERROR] ./app/admin/AdminDashboard.tsx:908:9
Expected corresponding JSX closing tag for <main>
  906 |           </div>
  907 |         </div>
> 908 |       </section>
      |         ^^^^^^^
  909 |
  910 |       {/* תוצאות חיפוש */}
  911 |       <div>

Parsing ecmascript source code failed

Import trace:
  Server Component:
    ./app/admin/AdminDashboard.tsx
    ./app/admin/page.tsx @ http://localhost:3000/_next/static/chunks/node_modules_next_dist_0u_w_5s._.js:1945
[ 4250220ms] [ERROR] ./app/admin/AdminDashboard.tsx:908:9
Expected corresponding JSX closing tag for <main>
  906 |           </div>
  907 |         </div>
> 908 |       </section>
      |         ^^^^^^^
  909 |
  910 |       {/* תוצאות חיפוש */}
  911 |       <div>

Parsing ecmascript source code failed

Import trace:
  Server Component:
    ./app/admin/AdminDashboard.tsx
    ./app/admin/page.tsx @ http://localhost:3000/_next/static/chunks/node_modules_next_dist_0u_w_5s._.js:1945
[ 4250299ms] [ERROR] ./app/admin/AdminDashboard.tsx:908:9
Expected corresponding JSX closing tag for <main>
  906 |           </div>
  907 |         </div>
> 908 |       </section>
      |         ^^^^^^^
  909 |
  910 |       {/* תוצאות חיפוש */}
  911 |       <div>

Parsing ecmascript source code failed

Import trace:
  Server Component:
    ./app/admin/AdminDashboard.tsx
    ./app/admin/page.tsx @ http://localhost:3000/_next/static/chunks/node_modules_next_dist_0u_w_5s._.js:1945
[ 4250380ms] [ERROR] ./app/admin/AdminDashboard.tsx:908:9
Expected corresponding JSX closing tag for <main>
  906 |           </div>
  907 |         </div>
> 908 |       </section>
      |         ^^^^^^^
  909 |
  910 |       {/* תוצאות חיפוש */}
  911 |       <div>

Parsing ecmascript source code failed

Import trace:
  Server Component:
    ./app/admin/AdminDashboard.tsx
    ./app/admin/page.tsx @ http://localhost:3000/_next/static/chunks/node_modules_next_dist_0u_w_5s._.js:1945
[ 4250446ms] [ERROR] ./app/admin/AdminDashboard.tsx:908:9
Expected corresponding JSX closing tag for <main>
  906 |           </div>
  907 |         </div>
> 908 |       </section>
      |         ^^^^^^^
  909 |
  910 |       {/* תוצאות חיפוש */}
  911 |       <div>

Parsing ecmascript source code failed

Import trace:
  Server Component:
    ./app/admin/AdminDashboard.tsx
    ./app/admin/page.tsx @ http://localhost:3000/_next/static/chunks/node_modules_next_dist_0u_w_5s._.js:1945
[ 4250514ms] [ERROR] ./app/admin/AdminDashboard.tsx:908:9
Expected corresponding JSX closing tag for <main>
  906 |           </div>
  907 |         </div>
> 908 |       </section>
      |         ^^^^^^^
  909 |
  910 |       {/* תוצאות חיפוש */}
  911 |       <div>

Parsing ecmascript source code failed

Import trace:
  Server Component:
    ./app/admin/AdminDashboard.tsx
    ./app/admin/page.tsx @ http://localhost:3000/_next/static/chunks/node_modules_next_dist_0u_w_5s._.js:1945
[ 4250579ms] [ERROR] ./app/admin/AdminDashboard.tsx:908:9
Expected corresponding JSX closing tag for <main>
  906 |           </div>
  907 |         </div>
> 908 |       </section>
      |         ^^^^^^^
  909 |
  910 |       {/* תוצאות חיפוש */}
  911 |       <div>

Parsing ecmascript source code failed

Import trace:
  Server Component:
    ./app/admin/AdminDashboard.tsx
    ./app/admin/page.tsx @ http://localhost:3000/_next/static/chunks/node_modules_next_dist_0u_w_5s._.js:1945
[ 4250663ms] [ERROR] ./app/admin/AdminDashboard.tsx:908:9
Expected corresponding JSX closing tag for <main>
  906 |           </div>
  907 |         </div>
> 908 |       </section>
      |         ^^^^^^^
  909 |
  910 |       {/* תוצאות חיפוש */}
  911 |       <div>

Parsing ecmascript source code failed

Import trace:
  Server Component:
    ./app/admin/AdminDashboard.tsx
    ./app/admin/page.tsx @ http://localhost:3000/_next/static/chunks/node_modules_next_dist_0u_w_5s._.js:1945
[ 4250746ms] [ERROR] ./app/admin/AdminDashboard.tsx:908:9
Expected corresponding JSX closing tag for <main>
  906 |           </div>
  907 |         </div>
> 908 |       </section>
      |         ^^^^^^^
  909 |
  910 |       {/* תוצאות חיפוש */}
  911 |       <div>

Parsing ecmascript source code failed

Import trace:
  Server Component:
    ./app/admin/AdminDashboard.tsx
    ./app/admin/page.tsx @ http://localhost:3000/_next/static/chunks/node_modules_next_dist_0u_w_5s._.js:1945
[ 4250831ms] [ERROR] ./app/admin/AdminDashboard.tsx:908:9
Expected corresponding JSX closing tag for <main>
  906 |           </div>
  907 |         </div>
> 908 |       </section>
      |         ^^^^^^^
  909 |
  910 |       {/* תוצאות חיפוש */}
  911 |       <div>

Parsing ecmascript source code failed

Import trace:
  Server Component:
    ./app/admin/AdminDashboard.tsx
    ./app/admin/page.tsx @ http://localhost:3000/_next/static/chunks/node_modules_next_dist_0u_w_5s._.js:1945
[ 4250896ms] [ERROR] ./app/admin/AdminDashboard.tsx:908:9
Expected corresponding JSX closing tag for <main>
  906 |           </div>
  907 |         </div>
> 908 |       </section>
      |         ^^^^^^^
  909 |
  910 |       {/* תוצאות חיפוש */}
  911 |       <div>

Parsing ecmascript source code failed

Import trace:
  Server Component:
    ./app/admin/AdminDashboard.tsx
    ./app/admin/page.tsx @ http://localhost:3000/_next/static/chunks/node_modules_next_dist_0u_w_5s._.js:1945
[ 4250963ms] [ERROR] ./app/admin/AdminDashboard.tsx:908:9
Expected corresponding JSX closing tag for <main>
  906 |           </div>
  907 |         </div>
> 908 |       </section>
      |         ^^^^^^^
  909 |
  910 |       {/* תוצאות חיפוש */}
  911 |       <div>

Parsing ecmascript source code failed

Import trace:
  Server Component:
    ./app/admin/AdminDashboard.tsx
    ./app/admin/page.tsx @ http://localhost:3000/_next/static/chunks/node_modules_next_dist_0u_w_5s._.js:1945
[ 4251030ms] [ERROR] ./app/admin/AdminDashboard.tsx:908:9
Expected corresponding JSX closing tag for <main>
  906 |           </div>
  907 |         </div>
> 908 |       </section>
      |         ^^^^^^^
  909 |
  910 |       {/* תוצאות חיפוש */}
  911 |       <div>

Parsing ecmascript source code failed

Import trace:
  Server Component:
    ./app/admin/AdminDashboard.tsx
    ./app/admin/page.tsx @ http://localhost:3000/_next/static/chunks/node_modules_next_dist_0u_w_5s._.js:1945
[ 4251098ms] [ERROR] ./app/admin/AdminDashboard.tsx:908:9
Expected corresponding JSX closing tag for <main>
  906 |           </div>
  907 |         </div>
> 908 |       </section>
      |         ^^^^^^^
  909 |
  910 |       {/* תוצאות חיפוש */}
  911 |       <div>

Parsing ecmascript source code failed

Import trace:
  Server Component:
    ./app/admin/AdminDashboard.tsx
    ./app/admin/page.tsx @ http://localhost:3000/_next/static/chunks/node_modules_next_dist_0u_w_5s._.js:1945
[ 4251163ms] [ERROR] ./app/admin/AdminDashboard.tsx:908:9
Expected corresponding JSX closing tag for <main>
  906 |           </div>
  907 |         </div>
> 908 |       </section>
      |         ^^^^^^^
  909 |
  910 |       {/* תוצאות חיפוש */}
  911 |       <div>

Parsing ecmascript source code failed

Import trace:
  Server Component:
    ./app/admin/AdminDashboard.tsx
    ./app/admin/page.tsx @ http://localhost:3000/_next/static/chunks/node_modules_next_dist_0u_w_5s._.js:1945
[ 4251231ms] [ERROR] ./app/admin/AdminDashboard.tsx:908:9
Expected corresponding JSX closing tag for <main>
  906 |           </div>
  907 |         </div>
> 908 |       </section>
      |         ^^^^^^^
  909 |
  910 |       {/* תוצאות חיפוש */}
  911 |       <div>

Parsing ecmascript source code failed

Import trace:
  Server Component:
    ./app/admin/AdminDashboard.tsx
    ./app/admin/page.tsx @ http://localhost:3000/_next/static/chunks/node_modules_next_dist_0u_w_5s._.js:1945
[ 4251295ms] [ERROR] ./app/admin/AdminDashboard.tsx:908:9
Expected corresponding JSX closing tag for <main>
  906 |           </div>
  907 |         </div>
> 908 |       </section>
      |         ^^^^^^^
  909 |
  910 |       {/* תוצאות חיפוש */}
  911 |       <div>

Parsing ecmascript source code failed

Import trace:
  Server Component:
    ./app/admin/AdminDashboard.tsx
    ./app/admin/page.tsx @ http://localhost:3000/_next/static/chunks/node_modules_next_dist_0u_w_5s._.js:1945
[ 4251361ms] [ERROR] ./app/admin/AdminDashboard.tsx:908:9
Expected corresponding JSX closing tag for <main>
  906 |           </div>
  907 |         </div>
> 908 |       </section>
      |         ^^^^^^^
  909 |
  910 |       {/* תוצאות חיפוש */}
  911 |       <div>

Parsing ecmascript source code failed

Import trace:
  Server Component:
    ./app/admin/AdminDashboard.tsx
    ./app/admin/page.tsx @ http://localhost:3000/_next/static/chunks/node_modules_next_dist_0u_w_5s._.js:1945
[ 4251427ms] [ERROR] ./app/admin/AdminDashboard.tsx:908:9
Expected corresponding JSX closing tag for <main>
  906 |           </div>
  907 |         </div>
> 908 |       </section>
      |         ^^^^^^^
  909 |
  910 |       {/* תוצאות חיפוש */}
  911 |       <div>

Parsing ecmascript source code failed

Import trace:
  Server Component:
    ./app/admin/AdminDashboard.tsx
    ./app/admin/page.tsx @ http://localhost:3000/_next/static/chunks/node_modules_next_dist_0u_w_5s._.js:1945
[ 4251495ms] [ERROR] ./app/admin/AdminDashboard.tsx:908:9
Expected corresponding JSX closing tag for <main>
  906 |           </div>
  907 |         </div>
> 908 |       </section>
      |         ^^^^^^^
  909 |
  910 |       {/* תוצאות חיפוש */}
  911 |       <div>

Parsing ecmascript source code failed

Import trace:
  Server Component:
    ./app/admin/AdminDashboard.tsx
    ./app/admin/page.tsx @ http://localhost:3000/_next/static/chunks/node_modules_next_dist_0u_w_5s._.js:1945
[ 4251563ms] [ERROR] ./app/admin/AdminDashboard.tsx:908:9
Expected corresponding JSX closing tag for <main>
  906 |           </div>
  907 |         </div>
> 908 |       </section>
      |         ^^^^^^^
  909 |
  910 |       {/* תוצאות חיפוש */}
  911 |       <div>

Parsing ecmascript source code failed

Import trace:
  Server Component:
    ./app/admin/AdminDashboard.tsx
    ./app/admin/page.tsx @ http://localhost:3000/_next/static/chunks/node_modules_next_dist_0u_w_5s._.js:1945
[ 4251620ms] [ERROR] ./app/admin/AdminDashboard.tsx:908:9
Expected corresponding JSX closing tag for <main>
  906 |           </div>
  907 |         </div>
> 908 |       </section>
      |         ^^^^^^^
  909 |
  910 |       {/* תוצאות חיפוש */}
  911 |       <div>

Parsing ecmascript source code failed

Import trace:
  Server Component:
    ./app/admin/AdminDashboard.tsx
    ./app/admin/page.tsx @ http://localhost:3000/_next/static/chunks/node_modules_next_dist_0u_w_5s._.js:1945
[ 4251682ms] [ERROR] ./app/admin/AdminDashboard.tsx:908:9
Expected corresponding JSX closing tag for <main>
  906 |           </div>
  907 |         </div>
> 908 |       </section>
      |         ^^^^^^^
  909 |
  910 |       {/* תוצאות חיפוש */}
  911 |       <div>

Parsing ecmascript source code failed

Import trace:
  Server Component:
    ./app/admin/AdminDashboard.tsx
    ./app/admin/page.tsx @ http://localhost:3000/_next/static/chunks/node_modules_next_dist_0u_w_5s._.js:1945
[ 4251744ms] [ERROR] ./app/admin/AdminDashboard.tsx:908:9
Expected corresponding JSX closing tag for <main>
  906 |           </div>
  907 |         </div>
> 908 |       </section>
      |         ^^^^^^^
  909 |
  910 |       {/* תוצאות חיפוש */}
  911 |       <div>

Parsing ecmascript source code failed

Import trace:
  Server Component:
    ./app/admin/AdminDashboard.tsx
    ./app/admin/page.tsx @ http://localhost:3000/_next/static/chunks/node_modules_next_dist_0u_w_5s._.js:1945
[ 4251808ms] [ERROR] ./app/admin/AdminDashboard.tsx:908:9
Expected corresponding JSX closing tag for <main>
  906 |           </div>
  907 |         </div>
> 908 |       </section>
      |         ^^^^^^^
  909 |
  910 |       {/* תוצאות חיפוש */}
  911 |       <div>

Parsing ecmascript source code failed

Import trace:
  Server Component:
    ./app/admin/AdminDashboard.tsx
    ./app/admin/page.tsx @ http://localhost:3000/_next/static/chunks/node_modules_next_dist_0u_w_5s._.js:1945
[ 4251865ms] [ERROR] ./app/admin/AdminDashboard.tsx:908:9
Expected corresponding JSX closing tag for <main>
  906 |           </div>
  907 |         </div>
> 908 |       </section>
      |         ^^^^^^^
  909 |
  910 |       {/* תוצאות חיפוש */}
  911 |       <div>

Parsing ecmascript source code failed

Import trace:
  Server Component:
    ./app/admin/AdminDashboard.tsx
    ./app/admin/page.tsx @ http://localhost:3000/_next/static/chunks/node_modules_next_dist_0u_w_5s._.js:1945
[ 4251925ms] [ERROR] ./app/admin/AdminDashboard.tsx:908:9
Expected corresponding JSX closing tag for <main>
  906 |           </div>
  907 |         </div>
> 908 |       </section>
      |         ^^^^^^^
  909 |
  910 |       {/* תוצאות חיפוש */}
  911 |       <div>

Parsing ecmascript source code failed

Import trace:
  Server Component:
    ./app/admin/AdminDashboard.tsx
    ./app/admin/page.tsx @ http://localhost:3000/_next/static/chunks/node_modules_next_dist_0u_w_5s._.js:1945
[ 4251995ms] [ERROR] ./app/admin/AdminDashboard.tsx:908:9
Expected corresponding JSX closing tag for <main>
  906 |           </div>
  907 |         </div>
> 908 |       </section>
      |         ^^^^^^^
  909 |
  910 |       {/* תוצאות חיפוש */}
  911 |       <div>

Parsing ecmascript source code failed

Import trace:
  Server Component:
    ./app/admin/AdminDashboard.tsx
    ./app/admin/page.tsx @ http://localhost:3000/_next/static/chunks/node_modules_next_dist_0u_w_5s._.js:1945
[ 4252056ms] [ERROR] ./app/admin/AdminDashboard.tsx:908:9
Expected corresponding JSX closing tag for <main>
  906 |           </div>
  907 |         </div>
> 908 |       </section>
      |         ^^^^^^^
  909 |
  910 |       {/* תוצאות חיפוש */}
  911 |       <div>

Parsing ecmascript source code failed

Import trace:
  Server Component:
    ./app/admin/AdminDashboard.tsx
    ./app/admin/page.tsx @ http://localhost:3000/_next/static/chunks/node_modules_next_dist_0u_w_5s._.js:1945
[ 4252110ms] [ERROR] ./app/admin/AdminDashboard.tsx:908:9
Expected corresponding JSX closing tag for <main>
  906 |           </div>
  907 |         </div>
> 908 |       </section>
      |         ^^^^^^^
  909 |
  910 |       {/* תוצאות חיפוש */}
  911 |       <div>

Parsing ecmascript source code failed

Import trace:
  Server Component:
    ./app/admin/AdminDashboard.tsx
    ./app/admin/page.tsx @ http://localhost:3000/_next/static/chunks/node_modules_next_dist_0u_w_5s._.js:1945
[ 4252173ms] [ERROR] ./app/admin/AdminDashboard.tsx:908:9
Expected corresponding JSX closing tag for <main>
  906 |           </div>
  907 |         </div>
> 908 |       </section>
      |         ^^^^^^^
  909 |
  910 |       {/* תוצאות חיפוש */}
  911 |       <div>

Parsing ecmascript source code failed

Import trace:
  Server Component:
    ./app/admin/AdminDashboard.tsx
    ./app/admin/page.tsx @ http://localhost:3000/_next/static/chunks/node_modules_next_dist_0u_w_5s._.js:1945
[ 4252235ms] [ERROR] ./app/admin/AdminDashboard.tsx:908:9
Expected corresponding JSX closing tag for <main>
  906 |           </div>
  907 |         </div>
> 908 |       </section>
      |         ^^^^^^^
  909 |
  910 |       {/* תוצאות חיפוש */}
  911 |       <div>

Parsing ecmascript source code failed

Import trace:
  Server Component:
    ./app/admin/AdminDashboard.tsx
    ./app/admin/page.tsx @ http://localhost:3000/_next/static/chunks/node_modules_next_dist_0u_w_5s._.js:1945
[ 4252314ms] [ERROR] ./app/admin/AdminDashboard.tsx:908:9
Expected corresponding JSX closing tag for <main>
  906 |           </div>
  907 |         </div>
> 908 |       </section>
      |         ^^^^^^^
  909 |
  910 |       {/* תוצאות חיפוש */}
  911 |       <div>

Parsing ecmascript source code failed

Import trace:
  Server Component:
    ./app/admin/AdminDashboard.tsx
    ./app/admin/page.tsx @ http://localhost:3000/_next/static/chunks/node_modules_next_dist_0u_w_5s._.js:1945
[ 4252337ms] [LOG] [Fast Refresh] rebuilding @ http://localhost:3000/_next/static/chunks/node_modules_next_dist_0u_w_5s._.js:1226
[ 4252387ms] [ERROR] ./app/admin/AdminDashboard.tsx:908:9
Expected corresponding JSX closing tag for <main>
  906 |           </div>
  907 |         </div>
> 908 |       </section>
      |         ^^^^^^^
  909 |
  910 |       {/* תוצאות חיפוש */}
  911 |       <div>

Parsing ecmascript source code failed

Import trace:
  Server Component:
    ./app/admin/AdminDashboard.tsx
    ./app/admin/page.tsx @ http://localhost:3000/_next/static/chunks/node_modules_next_dist_0u_w_5s._.js:1945
[ 4252448ms] [LOG] [Fast Refresh] rebuilding @ http://localhost:3000/_next/static/chunks/node_modules_next_dist_0u_w_5s._.js:1226
[ 4252642ms] [LOG] [Fast Refresh] done in 105ms @ http://localhost:3000/_next/static/chunks/node_modules_next_dist_0u_w_5s._.js:1226
[ 4253161ms] [LOG] [Fast Refresh] rebuilding @ http://localhost:3000/_next/static/chunks/node_modules_next_dist_0u_w_5s._.js:1226
[ 4253661ms] [LOG] [Fast Refresh] done in 607ms @ http://localhost:3000/_next/static/chunks/node_modules_next_dist_0u_w_5s._.js:1226
[ 4254523ms] [INFO] %cDownload the React DevTools for a better development experience: https://react.dev/link/react-devtools font-weight:bold @ http://localhost:3000/_next/static/chunks/node_modules_next_dist_115brz8._.js:2477
[ 4254649ms] [LOG] [HMR] connected @ http://localhost:3000/_next/static/chunks/node_modules_next_dist_115brz8._.js:2477
[ 4361726ms] [LOG] [Fast Refresh] rebuilding @ http://localhost:3000/_next/static/chunks/node_modules_next_dist_115brz8._.js:2477
[ 4363451ms] [LOG] [Fast Refresh] done in 1827ms @ http://localhost:3000/_next/static/chunks/node_modules_next_dist_115brz8._.js:2477
[ 4363506ms] [LOG] [Fast Refresh] rebuilding @ http://localhost:3000/_next/static/chunks/node_modules_next_dist_115brz8._.js:2477
[ 4363566ms] [LOG] [Fast Refresh] done in 79ms @ http://localhost:3000/_next/static/chunks/node_modules_next_dist_115brz8._.js:2477
[ 4364066ms] [LOG] [Fast Refresh] rebuilding @ http://localhost:3000/_next/static/chunks/node_modules_next_dist_115brz8._.js:2477
[ 4364508ms] [LOG] [Fast Refresh] done in 543ms @ http://localhost:3000/_next/static/chunks/node_modules_next_dist_115brz8._.js:2477
[ 4373020ms] [LOG] [Fast Refresh] rebuilding @ http://localhost:3000/_next/static/chunks/node_modules_next_dist_115brz8._.js:2477
[ 4373101ms] [LOG] [Fast Refresh] done in 72ms @ http://localhost:3000/_next/static/chunks/node_modules_next_dist_115brz8._.js:2477
[ 4373349ms] [LOG] [Fast Refresh] rebuilding @ http://localhost:3000/_next/static/chunks/node_modules_next_dist_115brz8._.js:2477
[ 4373496ms] [LOG] [Fast Refresh] done in 253ms @ http://localhost:3000/_next/static/chunks/node_modules_next_dist_115brz8._.js:2477
[ 4373613ms] [LOG] [Fast Refresh] rebuilding @ http://localhost:3000/_next/static/chunks/node_modules_next_dist_115brz8._.js:2477
[ 4373835ms] [LOG] [Fast Refresh] done in 327ms @ http://localhost:3000/_next/static/chunks/node_modules_next_dist_115brz8._.js:2477
[ 4652370ms] [LOG] [Fast Refresh] rebuilding @ http://localhost:3000/_next/static/chunks/node_modules_next_dist_115brz8._.js:2477
[ 4652370ms] [LOG] [Fast Refresh] done in 100ms @ http://localhost:3000/_next/static/chunks/node_modules_next_dist_115brz8._.js:2477
[ 4652570ms] [LOG] [Fast Refresh] rebuilding @ http://localhost:3000/_next/static/chunks/node_modules_next_dist_115brz8._.js:2477
[ 4652627ms] [LOG] [Fast Refresh] done in 110ms @ http://localhost:3000/_next/static/chunks/node_modules_next_dist_115brz8._.js:2477
[ 4652948ms] [LOG] [Fast Refresh] rebuilding @ http://localhost:3000/_next/static/chunks/node_modules_next_dist_115brz8._.js:2477
[ 4653533ms] [LOG] [Fast Refresh] done in 691ms @ http://localhost:3000/_next/static/chunks/node_modules_next_dist_115brz8._.js:2477
[ 4653667ms] [LOG] [Fast Refresh] rebuilding @ http://localhost:3000/_next/static/chunks/node_modules_next_dist_115brz8._.js:2477
[ 4653720ms] [LOG] [Fast Refresh] done in 158ms @ http://localhost:3000/_next/static/chunks/node_modules_next_dist_115brz8._.js:2477
[ 4653832ms] [LOG] [Fast Refresh] rebuilding @ http://localhost:3000/_next/static/chunks/node_modules_next_dist_115brz8._.js:2477
[ 4653850ms] [LOG] [Fast Refresh] done in 129ms @ http://localhost:3000/_next/static/chunks/node_modules_next_dist_115brz8._.js:2477
[ 4661918ms] [LOG] [Fast Refresh] rebuilding @ http://localhost:3000/_next/static/chunks/node_modules_next_dist_115brz8._.js:2477
[ 4662006ms] [LOG] [Fast Refresh] done in 108ms @ http://localhost:3000/_next/static/chunks/node_modules_next_dist_115brz8._.js:2477
[ 4662269ms] [LOG] [Fast Refresh] rebuilding @ http://localhost:3000/_next/static/chunks/node_modules_next_dist_115brz8._.js:2477
[ 4662469ms] [LOG] [Fast Refresh] done in 310ms @ http://localhost:3000/_next/static/chunks/node_modules_next_dist_115brz8._.js:2477
[ 4662587ms] [LOG] [Fast Refresh] rebuilding @ http://localhost:3000/_next/static/chunks/node_modules_next_dist_115brz8._.js:2477
[ 4662601ms] [LOG] [Fast Refresh] done in 115ms @ http://localhost:3000/_next/static/chunks/node_modules_next_dist_115brz8._.js:2477
[ 4670965ms] [LOG] [Fast Refresh] rebuilding @ http://localhost:3000/_next/static/chunks/node_modules_next_dist_115brz8._.js:2477
[ 4671052ms] [LOG] [Fast Refresh] done in 87ms @ http://localhost:3000/_next/static/chunks/node_modules_next_dist_115brz8._.js:2477
[ 4671289ms] [LOG] [Fast Refresh] rebuilding @ http://localhost:3000/_next/static/chunks/node_modules_next_dist_115brz8._.js:2477
[ 4671505ms] [LOG] [Fast Refresh] done in 320ms @ http://localhost:3000/_next/static/chunks/node_modules_next_dist_115brz8._.js:2477
[ 4671620ms] [LOG] [Fast Refresh] rebuilding @ http://localhost:3000/_next/static/chunks/node_modules_next_dist_115brz8._.js:2477
[ 4671631ms] [LOG] [Fast Refresh] done in 116ms @ http://localhost:3000/_next/static/chunks/node_modules_next_dist_115brz8._.js:2477
[ 5549686ms] [LOG] [Fast Refresh] rebuilding @ http://localhost:3000/_next/static/chunks/node_modules_next_dist_115brz8._.js:2477
[ 5549726ms] [LOG] [Fast Refresh] done in 150ms @ http://localhost:3000/_next/static/chunks/node_modules_next_dist_115brz8._.js:2477
[ 5551180ms] [LOG] [Fast Refresh] rebuilding @ http://localhost:3000/_next/static/chunks/node_modules_next_dist_115brz8._.js:2477
[ 5551219ms] [LOG] [Fast Refresh] done in 162ms @ http://localhost:3000/_next/static/chunks/node_modules_next_dist_115brz8._.js:2477
[ 6121821ms] [LOG] [Fast Refresh] rebuilding @ http://localhost:3000/_next/static/chunks/node_modules_next_dist_115brz8._.js:2477
[ 6123560ms] [LOG] [Fast Refresh] done in 1851ms @ http://localhost:3000/_next/static/chunks/node_modules_next_dist_115brz8._.js:2477
[ 6123569ms] [LOG] [Fast Refresh] rebuilding @ http://localhost:3000/_next/static/chunks/node_modules_next_dist_115brz8._.js:2477
[ 6123679ms] [LOG] [Fast Refresh] done in 30ms @ http://localhost:3000/_next/static/chunks/node_modules_next_dist_115brz8._.js:2477
[ 6124360ms] [LOG] [Fast Refresh] rebuilding @ http://localhost:3000/_next/static/chunks/node_modules_next_dist_115brz8._.js:2477
[ 6124711ms] [LOG] [Fast Refresh] done in 461ms @ http://localhost:3000/_next/static/chunks/node_modules_next_dist_115brz8._.js:2477
[ 6124978ms] [LOG] [Fast Refresh] rebuilding @ http://localhost:3000/_next/static/chunks/node_modules_next_dist_115brz8._.js:2477
[ 6125008ms] [LOG] [Fast Refresh] done in 131ms @ http://localhost:3000/_next/static/chunks/node_modules_next_dist_115brz8._.js:2477
[ 6125116ms] [LOG] [Fast Refresh] rebuilding @ http://localhost:3000/_next/static/chunks/node_modules_next_dist_115brz8._.js:2477
[ 6125129ms] [LOG] [Fast Refresh] done in 121ms @ http://localhost:3000/_next/static/chunks/node_modules_next_dist_115brz8._.js:2477
[ 6224278ms] [LOG] [Fast Refresh] rebuilding @ http://localhost:3000/_next/static/chunks/node_modules_next_dist_115brz8._.js:2477
[ 6224332ms] [LOG] [Fast Refresh] done in 170ms @ http://localhost:3000/_next/static/chunks/node_modules_next_dist_115brz8._.js:2477
[ 6309268ms] [LOG] [Fast Refresh] rebuilding @ http://localhost:3000/_next/static/chunks/node_modules_next_dist_115brz8._.js:2477
[ 6309361ms] [LOG] [Fast Refresh] done in 195ms @ http://localhost:3000/_next/static/chunks/node_modules_next_dist_115brz8._.js:2477
[ 6321431ms] [LOG] [Fast Refresh] rebuilding @ http://localhost:3000/_next/static/chunks/node_modules_next_dist_115brz8._.js:2477
[ 6321706ms] [LOG] [Fast Refresh] done in 382ms @ http://localhost:3000/_next/static/chunks/node_modules_next_dist_115brz8._.js:2477
[ 6322136ms] [LOG] [Fast Refresh] rebuilding @ http://localhost:3000/_next/static/chunks/node_modules_next_dist_115brz8._.js:2477
[ 6322559ms] [LOG] [Fast Refresh] done in 525ms @ http://localhost:3000/_next/static/chunks/node_modules_next_dist_115brz8._.js:2477
[ 6322883ms] [LOG] [Fast Refresh] rebuilding @ http://localhost:3000/_next/static/chunks/node_modules_next_dist_115brz8._.js:2477
[ 6322889ms] [LOG] [Fast Refresh] done in 114ms @ http://localhost:3000/_next/static/chunks/node_modules_next_dist_115brz8._.js:2477
[ 6323036ms] [LOG] [Fast Refresh] rebuilding @ http://localhost:3000/_next/static/chunks/node_modules_next_dist_115brz8._.js:2477
[ 6323067ms] [LOG] [Fast Refresh] done in 144ms @ http://localhost:3000/_next/static/chunks/node_modules_next_dist_115brz8._.js:2477
[ 6323202ms] [LOG] [Fast Refresh] rebuilding @ http://localhost:3000/_next/static/chunks/node_modules_next_dist_115brz8._.js:2477
[ 6323213ms] [LOG] [Fast Refresh] done in 119ms @ http://localhost:3000/_next/static/chunks/node_modules_next_dist_115brz8._.js:2477
[ 6323377ms] [LOG] [Fast Refresh] rebuilding @ http://localhost:3000/_next/static/chunks/node_modules_next_dist_115brz8._.js:2477
[ 6323407ms] [LOG] [Fast Refresh] done in 133ms @ http://localhost:3000/_next/static/chunks/node_modules_next_dist_115brz8._.js:2477
[ 6323517ms] [LOG] [Fast Refresh] rebuilding @ http://localhost:3000/_next/static/chunks/node_modules_next_dist_115brz8._.js:2477
[ 6323559ms] [LOG] [Fast Refresh] done in 150ms @ http://localhost:3000/_next/static/chunks/node_modules_next_dist_115brz8._.js:2477
[ 6323664ms] [LOG] [Fast Refresh] rebuilding @ http://localhost:3000/_next/static/chunks/node_modules_next_dist_115brz8._.js:2477
[ 6324124ms] [LOG] [Fast Refresh] done in 563ms @ http://localhost:3000/_next/static/chunks/node_modules_next_dist_115brz8._.js:2477
[ 6324257ms] [LOG] [Fast Refresh] rebuilding @ http://localhost:3000/_next/static/chunks/node_modules_next_dist_115brz8._.js:2477
[ 6324331ms] [LOG] [Fast Refresh] done in 175ms @ http://localhost:3000/_next/static/chunks/node_modules_next_dist_115brz8._.js:2477
[ 6324463ms] [LOG] [Fast Refresh] rebuilding @ http://localhost:3000/_next/static/chunks/node_modules_next_dist_115brz8._.js:2477
[ 6324473ms] [LOG] [Fast Refresh] done in 116ms @ http://localhost:3000/_next/static/chunks/node_modules_next_dist_115brz8._.js:2477
[ 6324649ms] [LOG] [Fast Refresh] rebuilding @ http://localhost:3000/_next/static/chunks/node_modules_next_dist_115brz8._.js:2477
[ 6324672ms] [LOG] [Fast Refresh] done in 135ms @ http://localhost:3000/_next/static/chunks/node_modules_next_dist_115brz8._.js:2477
[ 6324781ms] [LOG] [Fast Refresh] rebuilding @ http://localhost:3000/_next/static/chunks/node_modules_next_dist_115brz8._.js:2477
[ 6324807ms] [LOG] [Fast Refresh] done in 133ms @ http://localhost:3000/_next/static/chunks/node_modules_next_dist_115brz8._.js:2477
[ 6324984ms] [LOG] [Fast Refresh] rebuilding @ http://localhost:3000/_next/static/chunks/node_modules_next_dist_115brz8._.js:2477
[ 6325007ms] [LOG] [Fast Refresh] done in 138ms @ http://localhost:3000/_next/static/chunks/node_modules_next_dist_115brz8._.js:2477
[ 6325116ms] [LOG] [Fast Refresh] rebuilding @ http://localhost:3000/_next/static/chunks/node_modules_next_dist_115brz8._.js:2477
[ 6325158ms] [LOG] [Fast Refresh] done in 151ms @ http://localhost:3000/_next/static/chunks/node_modules_next_dist_115brz8._.js:2477
[ 6325291ms] [LOG] [Fast Refresh] rebuilding @ http://localhost:3000/_next/static/chunks/node_modules_next_dist_115brz8._.js:2477
[ 6325333ms] [LOG] [Fast Refresh] done in 144ms @ http://localhost:3000/_next/static/chunks/node_modules_next_dist_115brz8._.js:2477
[ 6325436ms] [LOG] [Fast Refresh] rebuilding @ http://localhost:3000/_next/static/chunks/node_modules_next_dist_115brz8._.js:2477
[ 6325477ms] [LOG] [Fast Refresh] done in 143ms @ http://localhost:3000/_next/static/chunks/node_modules_next_dist_115brz8._.js:2477
[ 6325645ms] [LOG] [Fast Refresh] rebuilding @ http://localhost:3000/_next/static/chunks/node_modules_next_dist_115brz8._.js:2477
[ 6325676ms] [LOG] [Fast Refresh] done in 137ms @ http://localhost:3000/_next/static/chunks/node_modules_next_dist_115brz8._.js:2477
[ 6325786ms] [LOG] [Fast Refresh] rebuilding @ http://localhost:3000/_next/static/chunks/node_modules_next_dist_115brz8._.js:2477
[ 6325836ms] [LOG] [Fast Refresh] done in 158ms @ http://localhost:3000/_next/static/chunks/node_modules_next_dist_115brz8._.js:2477
[ 6326002ms] [LOG] [Fast Refresh] rebuilding @ http://localhost:3000/_next/static/chunks/node_modules_next_dist_115brz8._.js:2477
[ 6326034ms] [LOG] [Fast Refresh] done in 134ms @ http://localhost:3000/_next/static/chunks/node_modules_next_dist_115brz8._.js:2477
[ 6326135ms] [LOG] [Fast Refresh] rebuilding @ http://localhost:3000/_next/static/chunks/node_modules_next_dist_115brz8._.js:2477
[ 6326176ms] [LOG] [Fast Refresh] done in 141ms @ http://localhost:3000/_next/static/chunks/node_modules_next_dist_115brz8._.js:2477
[ 6326395ms] [LOG] [Fast Refresh] rebuilding @ http://localhost:3000/_next/static/chunks/node_modules_next_dist_115brz8._.js:2477
[ 6326436ms] [LOG] [Fast Refresh] done in 146ms @ http://localhost:3000/_next/static/chunks/node_modules_next_dist_115brz8._.js:2477
[ 6326602ms] [LOG] [Fast Refresh] rebuilding @ http://localhost:3000/_next/static/chunks/node_modules_next_dist_115brz8._.js:2477
[ 6326777ms] [LOG] [Fast Refresh] done in 277ms @ http://localhost:3000/_next/static/chunks/node_modules_next_dist_115brz8._.js:2477
[ 6327072ms] [LOG] [Fast Refresh] rebuilding @ http://localhost:3000/_next/static/chunks/node_modules_next_dist_115brz8._.js:2477
[ 6327079ms] [LOG] [Fast Refresh] done in 108ms @ http://localhost:3000/_next/static/chunks/node_modules_next_dist_115brz8._.js:2477
[ 6327210ms] [LOG] [Fast Refresh] rebuilding @ http://localhost:3000/_next/static/chunks/node_modules_next_dist_115brz8._.js:2477
[ 6327228ms] [LOG] [Fast Refresh] done in 118ms @ http://localhost:3000/_next/static/chunks/node_modules_next_dist_115brz8._.js:2477
[ 6327452ms] [LOG] [Fast Refresh] rebuilding @ http://localhost:3000/_next/static/chunks/node_modules_next_dist_115brz8._.js:2477
[ 6327512ms] [LOG] [Fast Refresh] done in 173ms @ http://localhost:3000/_next/static/chunks/node_modules_next_dist_115brz8._.js:2477
[ 6327681ms] [LOG] [Fast Refresh] rebuilding @ http://localhost:3000/_next/static/chunks/node_modules_next_dist_115brz8._.js:2477
[ 6327851ms] [LOG] [Fast Refresh] done in 280ms @ http://localhost:3000/_next/static/chunks/node_modules_next_dist_115brz8._.js:2477
[ 6328213ms] [LOG] [Fast Refresh] rebuilding @ http://localhost:3000/_next/static/chunks/node_modules_next_dist_115brz8._.js:2477
[ 6328275ms] [LOG] [Fast Refresh] done in 165ms @ http://localhost:3000/_next/static/chunks/node_modules_next_dist_115brz8._.js:2477
[ 6328417ms] [LOG] [Fast Refresh] rebuilding @ http://localhost:3000/_next/static/chunks/node_modules_next_dist_115brz8._.js:2477
[ 6328475ms] [LOG] [Fast Refresh] done in 169ms @ http://localhost:3000/_next/static/chunks/node_modules_next_dist_115brz8._.js:2477
[ 6328592ms] [LOG] [Fast Refresh] rebuilding @ http://localhost:3000/_next/static/chunks/node_modules_next_dist_115brz8._.js:2477
[ 6328646ms] [LOG] [Fast Refresh] done in 155ms @ http://localhost:3000/_next/static/chunks/node_modules_next_dist_115brz8._.js:2477
[ 6366202ms] [LOG] [Fast Refresh] rebuilding @ http://localhost:3000/_next/static/chunks/node_modules_next_dist_115brz8._.js:2477
[ 6366254ms] [LOG] [Fast Refresh] done in 156ms @ http://localhost:3000/_next/static/chunks/node_modules_next_dist_115brz8._.js:2477
[ 6366617ms] [LOG] [Fast Refresh] rebuilding @ http://localhost:3000/_next/static/chunks/node_modules_next_dist_115brz8._.js:2477
[ 6366846ms] [LOG] [Fast Refresh] done in 332ms @ http://localhost:3000/_next/static/chunks/node_modules_next_dist_115brz8._.js:2477
[ 6393713ms] [LOG] [Fast Refresh] rebuilding @ http://localhost:3000/_next/static/chunks/node_modules_next_dist_115brz8._.js:2477
[ 6393714ms] [LOG] [Fast Refresh] done in 102ms @ http://localhost:3000/_next/static/chunks/node_modules_next_dist_115brz8._.js:2477
[ 6405488ms] [LOG] [Fast Refresh] rebuilding @ http://localhost:3000/_next/static/chunks/node_modules_next_dist_115brz8._.js:2477
[ 6405550ms] [LOG] [Fast Refresh] done in 72ms @ http://localhost:3000/_next/static/chunks/node_modules_next_dist_115brz8._.js:2477
[ 6405838ms] [LOG] [Fast Refresh] rebuilding @ http://localhost:3000/_next/static/chunks/node_modules_next_dist_115brz8._.js:2477
[ 6406235ms] [LOG] [Fast Refresh] done in 499ms @ http://localhost:3000/_next/static/chunks/node_modules_next_dist_115brz8._.js:2477
[ 6406568ms] [LOG] [Fast Refresh] rebuilding @ http://localhost:3000/_next/static/chunks/node_modules_next_dist_115brz8._.js:2477
[ 6406571ms] [LOG] [Fast Refresh] done in 108ms @ http://localhost:3000/_next/static/chunks/node_modules_next_dist_115brz8._.js:2477
[ 6406693ms] [LOG] [Fast Refresh] rebuilding @ http://localhost:3000/_next/static/chunks/node_modules_next_dist_115brz8._.js:2477
[ 6406730ms] [LOG] [Fast Refresh] done in 138ms @ http://localhost:3000/_next/static/chunks/node_modules_next_dist_115brz8._.js:2477
[ 6418809ms] [LOG] [Fast Refresh] rebuilding @ http://localhost:3000/_next/static/chunks/node_modules_next_dist_115brz8._.js:2477
[ 6418900ms] [LOG] [Fast Refresh] done in 60ms @ http://localhost:3000/_next/static/chunks/node_modules_next_dist_115brz8._.js:2477
[ 6419140ms] [LOG] [Fast Refresh] rebuilding @ http://localhost:3000/_next/static/chunks/node_modules_next_dist_115brz8._.js:2477
[ 6419312ms] [LOG] [Fast Refresh] done in 276ms @ http://localhost:3000/_next/static/chunks/node_modules_next_dist_115brz8._.js:2477
[ 6419855ms] [LOG] [Fast Refresh] rebuilding @ http://localhost:3000/_next/static/chunks/node_modules_next_dist_115brz8._.js:2477
[ 6419880ms] [LOG] [Fast Refresh] done in 126ms @ http://localhost:3000/_next/static/chunks/node_modules_next_dist_115brz8._.js:2477
[ 6419983ms] [LOG] [Fast Refresh] rebuilding @ http://localhost:3000/_next/static/chunks/node_modules_next_dist_115brz8._.js:2477
[ 6420030ms] [LOG] [Fast Refresh] done in 150ms @ http://localhost:3000/_next/static/chunks/node_modules_next_dist_115brz8._.js:2477
[ 7128949ms] [ERROR] WebSocket connection to 'ws://localhost:3000/_next/webpack-hmr?id=eA5Ev-0yCsClZAbfCiKdb' failed: Error in connection establishment: net::ERR_CONNECTION_REFUSED @ http://localhost:3000/_next/static/chunks/node_modules_next_dist_client_0fhqo1d._.js:13322
[ 7133052ms] [ERROR] WebSocket connection to 'ws://localhost:3000/_next/webpack-hmr?id=eA5Ev-0yCsClZAbfCiKdb' failed: Error in connection establishment: net::ERR_CONNECTION_REFUSED @ http://localhost:3000/_next/static/chunks/node_modules_next_dist_client_0fhqo1d._.js:13322
[ 7137130ms] [ERROR] WebSocket connection to 'ws://localhost:3000/_next/webpack-hmr?id=eA5Ev-0yCsClZAbfCiKdb' failed: Error in connection establishment: net::ERR_CONNECTION_REFUSED @ http://localhost:3000/_next/static/chunks/node_modules_next_dist_client_0fhqo1d._.js:13322
[ 7141220ms] [ERROR] WebSocket connection to 'ws://localhost:3000/_next/webpack-hmr?id=eA5Ev-0yCsClZAbfCiKdb' failed: Error in connection establishment: net::ERR_CONNECTION_REFUSED @ http://localhost:3000/_next/static/chunks/node_modules_next_dist_client_0fhqo1d._.js:13322
[ 7145301ms] [ERROR] WebSocket connection to 'ws://localhost:3000/_next/webpack-hmr?id=eA5Ev-0yCsClZAbfCiKdb' failed: Error in connection establishment: net::ERR_CONNECTION_REFUSED @ http://localhost:3000/_next/static/chunks/node_modules_next_dist_client_0fhqo1d._.js:13322
[ 7152704ms] [ERROR] WebSocket connection to 'ws://localhost:3000/_next/webpack-hmr?id=eA5Ev-0yCsClZAbfCiKdb' failed: Error in connection establishment: net::ERR_CONNECTION_REFUSED @ http://localhost:3000/_next/static/chunks/node_modules_next_dist_client_0fhqo1d._.js:13322
[ 7160332ms] [ERROR] WebSocket connection to 'ws://localhost:3000/_next/webpack-hmr?id=eA5Ev-0yCsClZAbfCiKdb' failed: Error in connection establishment: net::ERR_CONNECTION_REFUSED @ http://localhost:3000/_next/static/chunks/node_modules_next_dist_client_0fhqo1d._.js:13322
[ 7168349ms] [ERROR] WebSocket connection to 'ws://localhost:3000/_next/webpack-hmr?id=eA5Ev-0yCsClZAbfCiKdb' failed: Error in connection establishment: net::ERR_CONNECTION_REFUSED @ http://localhost:3000/_next/static/chunks/node_modules_next_dist_client_0fhqo1d._.js:13322
[ 7180667ms] [ERROR] WebSocket connection to 'ws://localhost:3000/_next/webpack-hmr?id=eA5Ev-0yCsClZAbfCiKdb' failed: Error in connection establishment: net::ERR_CONNECTION_REFUSED @ http://localhost:3000/_next/static/chunks/node_modules_next_dist_client_0fhqo1d._.js:13322
[ 7194413ms] [ERROR] WebSocket connection to 'ws://localhost:3000/_next/webpack-hmr?id=eA5Ev-0yCsClZAbfCiKdb' failed: Error in connection establishment: net::ERR_CONNECTION_REFUSED @ http://localhost:3000/_next/static/chunks/node_modules_next_dist_client_0fhqo1d._.js:13322
[ 7217673ms] [LOG] [HMR] connected @ http://localhost:3000/_next/static/chunks/node_modules_next_dist_115brz8._.js:2477
[ 7219916ms] [INFO] %cDownload the React DevTools for a better development experience: https://react.dev/link/react-devtools font-weight:bold @ http://localhost:3000/_next/static/chunks/node_modules_next_dist_115brz8._.js:2477
[ 7219945ms] [LOG] [HMR] connected @ http://localhost:3000/_next/static/chunks/node_modules_next_dist_115brz8._.js:2477
[ 7394701ms] [LOG] [Fast Refresh] rebuilding @ http://localhost:3000/_next/static/chunks/node_modules_next_dist_115brz8._.js:2477
[ 7399584ms] [LOG] [Fast Refresh] done in 4886ms @ http://localhost:3000/_next/static/chunks/node_modules_next_dist_115brz8._.js:2477
[ 7400124ms] [LOG] [Fast Refresh] rebuilding @ http://localhost:3000/_next/static/chunks/node_modules_next_dist_115brz8._.js:2477
[ 7400275ms] [LOG] [Fast Refresh] done in 259ms @ http://localhost:3000/_next/static/chunks/node_modules_next_dist_115brz8._.js:2477
[ 7401844ms] [LOG] [Fast Refresh] rebuilding @ http://localhost:3000/_next/static/chunks/node_modules_next_dist_115brz8._.js:2477
[ 7401901ms] [LOG] [Fast Refresh] done in 27ms @ http://localhost:3000/_next/static/chunks/node_modules_next_dist_115brz8._.js:2477
[ 7402115ms] [LOG] [Fast Refresh] rebuilding @ http://localhost:3000/_next/static/chunks/node_modules_next_dist_115brz8._.js:2477
[ 7402246ms] [LOG] [Fast Refresh] done in 236ms @ http://localhost:3000/_next/static/chunks/node_modules_next_dist_115brz8._.js:2477
[ 8082271ms] [LOG] [Fast Refresh] rebuilding @ http://localhost:3000/_next/static/chunks/node_modules_next_dist_115brz8._.js:2477
[ 8082297ms] [LOG] [Fast Refresh] done in 127ms @ http://localhost:3000/_next/static/chunks/node_modules_next_dist_115brz8._.js:2477
[ 8107953ms] [LOG] [Fast Refresh] rebuilding @ http://localhost:3000/_next/static/chunks/node_modules_next_dist_115brz8._.js:2477
[ 8107953ms] [LOG] [Fast Refresh] done in 111ms @ http://localhost:3000/_next/static/chunks/node_modules_next_dist_115brz8._.js:2477
[ 8108076ms] [LOG] [Fast Refresh] rebuilding @ http://localhost:3000/_next/static/chunks/node_modules_next_dist_115brz8._.js:2477
[ 8108115ms] [LOG] [Fast Refresh] done in 59ms @ http://localhost:3000/_next/static/chunks/node_modules_next_dist_115brz8._.js:2477
[ 8108347ms] [LOG] [Fast Refresh] rebuilding @ http://localhost:3000/_next/static/chunks/node_modules_next_dist_115brz8._.js:2477
[ 8108483ms] [LOG] [Fast Refresh] done in 238ms @ http://localhost:3000/_next/static/chunks/node_modules_next_dist_115brz8._.js:2477
[ 8108984ms] [LOG] %c%s%c DEBUG venues: background: #e6e6e6;background: light-dark(rgba(0,0,0,0.1), rgba(255,255,255,0.25));color: #000000;color: light-dark(#000000, #ffffff);border-radius: 2px  Server   null @ http://localhost:3000/_next/static/chunks/node_modules_next_dist_115brz8._.js:2477
[ 8109075ms] [LOG] %c%s%c DEBUG venues: background: #e6e6e6;background: light-dark(rgba(0,0,0,0.1), rgba(255,255,255,0.25));color: #000000;color: light-dark(#000000, #ffffff);border-radius: 2px  Server   null @ http://localhost:3000/_next/static/chunks/node_modules_next_dist_115brz8._.js:2477
[ 8150287ms] [LOG] [Fast Refresh] rebuilding @ http://localhost:3000/_next/static/chunks/node_modules_next_dist_115brz8._.js:2477
[ 8150292ms] [LOG] [Fast Refresh] done in 119ms @ http://localhost:3000/_next/static/chunks/node_modules_next_dist_115brz8._.js:2477
[ 8336246ms] [LOG] [Fast Refresh] rebuilding @ http://localhost:3000/_next/static/chunks/node_modules_next_dist_115brz8._.js:2477
[ 8337998ms] [LOG] [Fast Refresh] done in 1869ms @ http://localhost:3000/_next/static/chunks/node_modules_next_dist_115brz8._.js:2477
[ 8338032ms] [LOG] [Fast Refresh] rebuilding @ http://localhost:3000/_next/static/chunks/node_modules_next_dist_115brz8._.js:2477
[ 8338087ms] [LOG] [Fast Refresh] done in 45ms @ http://localhost:3000/_next/static/chunks/node_modules_next_dist_115brz8._.js:2477
[ 8338538ms] [LOG] [Fast Refresh] rebuilding @ http://localhost:3000/_next/static/chunks/node_modules_next_dist_115brz8._.js:2477
[ 8338739ms] [LOG] [Fast Refresh] done in 301ms @ http://localhost:3000/_next/static/chunks/node_modules_next_dist_115brz8._.js:2477
[ 8339150ms] [LOG] %c%s%c DEBUG venues: background: #e6e6e6;background: light-dark(rgba(0,0,0,0.1), rgba(255,255,255,0.25));color: #000000;color: light-dark(#000000, #ffffff);border-radius: 2px  Server   null @ http://localhost:3000/_next/static/chunks/node_modules_next_dist_115brz8._.js:2477
[ 8339179ms] [LOG] %c%s%c DEBUG venues: background: #e6e6e6;background: light-dark(rgba(0,0,0,0.1), rgba(255,255,255,0.25));color: #000000;color: light-dark(#000000, #ffffff);border-radius: 2px  Server   null @ http://localhost:3000/_next/static/chunks/node_modules_next_dist_115brz8._.js:2477
[ 8345223ms] [LOG] [Fast Refresh] rebuilding @ http://localhost:3000/_next/static/chunks/node_modules_next_dist_115brz8._.js:2477
[ 8345284ms] [LOG] [Fast Refresh] done in 60ms @ http://localhost:3000/_next/static/chunks/node_modules_next_dist_115brz8._.js:2477
[ 8345531ms] [LOG] [Fast Refresh] rebuilding @ http://localhost:3000/_next/static/chunks/node_modules_next_dist_115brz8._.js:2477
[ 8345719ms] [LOG] [Fast Refresh] done in 293ms @ http://localhost:3000/_next/static/chunks/node_modules_next_dist_115brz8._.js:2477
[ 8346295ms] [LOG] %c%s%c DEBUG venues: background: #e6e6e6;background: light-dark(rgba(0,0,0,0.1), rgba(255,255,255,0.25));color: #000000;color: light-dark(#000000, #ffffff);border-radius: 2px  Server   null @ http://localhost:3000/_next/static/chunks/node_modules_next_dist_115brz8._.js:2477
[ 8346295ms] [LOG] %c%s%c DEBUG venues error: background: #e6e6e6;background: light-dark(rgba(0,0,0,0.1), rgba(255,255,255,0.25));color: #000000;color: light-dark(#000000, #ffffff);border-radius: 2px  Server   {"code":"42703","details":null,"hint":null,"message":"column users_1.phone_primary does not exist"} @ http://localhost:3000/_next/static/chunks/node_modules_next_dist_115brz8._.js:2477
[ 8346313ms] [LOG] %c%s%c DEBUG venues: background: #e6e6e6;background: light-dark(rgba(0,0,0,0.1), rgba(255,255,255,0.25));color: #000000;color: light-dark(#000000, #ffffff);border-radius: 2px  Server   null @ http://localhost:3000/_next/static/chunks/node_modules_next_dist_115brz8._.js:2477
[ 8346313ms] [LOG] %c%s%c DEBUG venues error: background: #e6e6e6;background: light-dark(rgba(0,0,0,0.1), rgba(255,255,255,0.25));color: #000000;color: light-dark(#000000, #ffffff);border-radius: 2px  Server   {"code":"42703","details":null,"hint":null,"message":"column users_1.phone_primary does not exist"} @ http://localhost:3000/_next/static/chunks/node_modules_next_dist_115brz8._.js:2477
[ 8430303ms] [LOG] [Fast Refresh] rebuilding @ http://localhost:3000/_next/static/chunks/node_modules_next_dist_115brz8._.js:2477
[ 8430529ms] [LOG] [Fast Refresh] done in 341ms @ http://localhost:3000/_next/static/chunks/node_modules_next_dist_115brz8._.js:2477
[ 8430612ms] [LOG] [Fast Refresh] rebuilding @ http://localhost:3000/_next/static/chunks/node_modules_next_dist_115brz8._.js:2477
[ 8430681ms] [LOG] [Fast Refresh] done in 33ms @ http://localhost:3000/_next/static/chunks/node_modules_next_dist_115brz8._.js:2477
[ 8430971ms] [LOG] [Fast Refresh] rebuilding @ http://localhost:3000/_next/static/chunks/node_modules_next_dist_115brz8._.js:2477
[ 8431203ms] [LOG] [Fast Refresh] done in 344ms @ http://localhost:3000/_next/static/chunks/node_modules_next_dist_115brz8._.js:2477
[ 8431499ms] [LOG] %c%s%c DEBUG venues: background: #e6e6e6;background: light-dark(rgba(0,0,0,0.1), rgba(255,255,255,0.25));color: #000000;color: light-dark(#000000, #ffffff);border-radius: 2px  Server   [{"id":"0b96c3d5-0229-4728-be2e-1bc086281f38","name":"עתיקא","status":"active","created_at":"2026-05-19T11:43:01.49204+00:00","owner":{"id":"c747a68d-ccfa-4d39-8fb6-01398d2657de","email":"aderet20@gmail.com","status":"pending","full_name":"רבקי יעקובוביץ"}}] @ http://localhost:3000/_next/static/chunks/node_modules_next_dist_115brz8._.js:2477
[ 8431499ms] [LOG] %c%s%c DEBUG venues error: background: #e6e6e6;background: light-dark(rgba(0,0,0,0.1), rgba(255,255,255,0.25));color: #000000;color: light-dark(#000000, #ffffff);border-radius: 2px  Server   null @ http://localhost:3000/_next/static/chunks/node_modules_next_dist_115brz8._.js:2477
[ 8431563ms] [LOG] [Fast Refresh] rebuilding @ http://localhost:3000/_next/static/chunks/node_modules_next_dist_115brz8._.js:2477
[ 8431614ms] [LOG] [Fast Refresh] done in 156ms @ http://localhost:3000/_next/static/chunks/node_modules_next_dist_115brz8._.js:2477
[ 8431636ms] [LOG] %c%s%c DEBUG venues: background: #e6e6e6;background: light-dark(rgba(0,0,0,0.1), rgba(255,255,255,0.25));color: #000000;color: light-dark(#000000, #ffffff);border-radius: 2px  Server   [{"id":"0b96c3d5-0229-4728-be2e-1bc086281f38","name":"עתיקא","status":"active","created_at":"2026-05-19T11:43:01.49204+00:00","owner":{"id":"c747a68d-ccfa-4d39-8fb6-01398d2657de","email":"aderet20@gmail.com","status":"pending","full_name":"רבקי יעקובוביץ"}}] @ http://localhost:3000/_next/static/chunks/node_modules_next_dist_115brz8._.js:2477
[ 8431636ms] [LOG] %c%s%c DEBUG venues error: background: #e6e6e6;background: light-dark(rgba(0,0,0,0.1), rgba(255,255,255,0.25));color: #000000;color: light-dark(#000000, #ffffff);border-radius: 2px  Server   null @ http://localhost:3000/_next/static/chunks/node_modules_next_dist_115brz8._.js:2477
[ 8438537ms] [LOG] [Fast Refresh] rebuilding @ http://localhost:3000/_next/static/chunks/node_modules_next_dist_115brz8._.js:2477
[ 8438684ms] [LOG] [Fast Refresh] done in 85ms @ http://localhost:3000/_next/static/chunks/node_modules_next_dist_115brz8._.js:2477
[ 8438806ms] [LOG] [Fast Refresh] rebuilding @ http://localhost:3000/_next/static/chunks/node_modules_next_dist_115brz8._.js:2477
[ 8439011ms] [LOG] [Fast Refresh] done in 310ms @ http://localhost:3000/_next/static/chunks/node_modules_next_dist_115brz8._.js:2477
[ 8439110ms] [LOG] %c%s%c DEBUG venues: background: #e6e6e6;background: light-dark(rgba(0,0,0,0.1), rgba(255,255,255,0.25));color: #000000;color: light-dark(#000000, #ffffff);border-radius: 2px  Server   [{"id":"0b96c3d5-0229-4728-be2e-1bc086281f38","name":"עתיקא","status":"active","created_at":"2026-05-19T11:43:01.49204+00:00","owner":{"id":"c747a68d-ccfa-4d39-8fb6-01398d2657de","email":"aderet20@gmail.com","status":"pending","full_name":"רבקי יעקובוביץ"}}] @ http://localhost:3000/_next/static/chunks/node_modules_next_dist_115brz8._.js:2477
[ 8439110ms] [LOG] %c%s%c DEBUG venues error: background: #e6e6e6;background: light-dark(rgba(0,0,0,0.1), rgba(255,255,255,0.25));color: #000000;color: light-dark(#000000, #ffffff);border-radius: 2px  Server   null @ http://localhost:3000/_next/static/chunks/node_modules_next_dist_115brz8._.js:2477
[ 8450752ms] [LOG] [Fast Refresh] rebuilding @ http://localhost:3000/_next/static/chunks/node_modules_next_dist_115brz8._.js:2477
[ 8450812ms] [LOG] [Fast Refresh] done in 99ms @ http://localhost:3000/_next/static/chunks/node_modules_next_dist_115brz8._.js:2477
[ 8451061ms] [LOG] [Fast Refresh] rebuilding @ http://localhost:3000/_next/static/chunks/node_modules_next_dist_115brz8._.js:2477
[ 8451275ms] [LOG] [Fast Refresh] done in 316ms @ http://localhost:3000/_next/static/chunks/node_modules_next_dist_115brz8._.js:2477
[ 8451289ms] [LOG] %c%s%c DEBUG venues: background: #e6e6e6;background: light-dark(rgba(0,0,0,0.1), rgba(255,255,255,0.25));color: #000000;color: light-dark(#000000, #ffffff);border-radius: 2px  Server   [{"id":"0b96c3d5-0229-4728-be2e-1bc086281f38","name":"עתיקא","status":"active","created_at":"2026-05-19T11:43:01.49204+00:00","owner":{"id":"c747a68d-ccfa-4d39-8fb6-01398d2657de","email":"aderet20@gmail.com","status":"pending","full_name":"רבקי יעקובוביץ"}}] @ http://localhost:3000/_next/static/chunks/node_modules_next_dist_115brz8._.js:2477
[ 8451290ms] [LOG] %c%s%c DEBUG venues error: background: #e6e6e6;background: light-dark(rgba(0,0,0,0.1), rgba(255,255,255,0.25));color: #000000;color: light-dark(#000000, #ffffff);border-radius: 2px  Server   null @ http://localhost:3000/_next/static/chunks/node_modules_next_dist_115brz8._.js:2477
[ 8510372ms] [LOG] [Fast Refresh] rebuilding @ http://localhost:3000/_next/static/chunks/node_modules_next_dist_115brz8._.js:2477
[ 8511947ms] [LOG] [Fast Refresh] done in 1677ms @ http://localhost:3000/_next/static/chunks/node_modules_next_dist_115brz8._.js:2477
[ 8512082ms] [LOG] [Fast Refresh] rebuilding @ http://localhost:3000/_next/static/chunks/node_modules_next_dist_115brz8._.js:2477
[ 8512144ms] [LOG] [Fast Refresh] done in 54ms @ http://localhost:3000/_next/static/chunks/node_modules_next_dist_115brz8._.js:2477
[ 8512398ms] [LOG] [Fast Refresh] rebuilding @ http://localhost:3000/_next/static/chunks/node_modules_next_dist_115brz8._.js:2477
[ 8512576ms] [LOG] [Fast Refresh] done in 284ms @ http://localhost:3000/_next/static/chunks/node_modules_next_dist_115brz8._.js:2477
[ 8524060ms] [LOG] [Fast Refresh] rebuilding @ http://localhost:3000/_next/static/chunks/node_modules_next_dist_115brz8._.js:2477
[ 8524119ms] [LOG] [Fast Refresh] done in 54ms @ http://localhost:3000/_next/static/chunks/node_modules_next_dist_115brz8._.js:2477
[ 8524364ms] [LOG] [Fast Refresh] rebuilding @ http://localhost:3000/_next/static/chunks/node_modules_next_dist_115brz8._.js:2477
[ 8524538ms] [LOG] [Fast Refresh] done in 286ms @ http://localhost:3000/_next/static/chunks/node_modules_next_dist_115brz8._.js:2477
[ 8576509ms] [LOG] [Fast Refresh] rebuilding @ http://localhost:3000/_next/static/chunks/node_modules_next_dist_115brz8._.js:2477
[ 8578112ms] [LOG] [Fast Refresh] done in 1710ms @ http://localhost:3000/_next/static/chunks/node_modules_next_dist_115brz8._.js:2477
[ 9367364ms] [LOG] [Fast Refresh] rebuilding @ http://localhost:3000/_next/static/chunks/node_modules_next_dist_115brz8._.js:2477
[ 9367531ms] [LOG] [Fast Refresh] done in 166ms @ http://localhost:3000/_next/static/chunks/node_modules_next_dist_115brz8._.js:2477
[ 9367900ms] [LOG] [Fast Refresh] rebuilding @ http://localhost:3000/_next/static/chunks/node_modules_next_dist_115brz8._.js:2477
[ 9368095ms] [LOG] [Fast Refresh] done in 296ms @ http://localhost:3000/_next/static/chunks/node_modules_next_dist_115brz8._.js:2477
[ 9368226ms] [LOG] [Fast Refresh] rebuilding @ http://localhost:3000/_next/static/chunks/node_modules_next_dist_115brz8._.js:2477
[ 9368390ms] [LOG] [Fast Refresh] done in 272ms @ http://localhost:3000/_next/static/chunks/node_modules_next_dist_115brz8._.js:2477
[ 9368649ms] [LOG] [Fast Refresh] rebuilding @ http://localhost:3000/_next/static/chunks/node_modules_next_dist_115brz8._.js:2477
[ 9368693ms] [LOG] [Fast Refresh] done in 145ms @ http://localhost:3000/_next/static/chunks/node_modules_next_dist_115brz8._.js:2477
[ 9368899ms] [LOG] [Fast Refresh] rebuilding @ http://localhost:3000/_next/static/chunks/node_modules_next_dist_115brz8._.js:2477
[ 9368938ms] [LOG] [Fast Refresh] done in 140ms @ http://localhost:3000/_next/static/chunks/node_modules_next_dist_115brz8._.js:2477
[ 9369262ms] [LOG] [Fast Refresh] rebuilding @ http://localhost:3000/_next/static/chunks/node_modules_next_dist_115brz8._.js:2477
[ 9369329ms] [LOG] [Fast Refresh] done in 176ms @ http://localhost:3000/_next/static/chunks/node_modules_next_dist_115brz8._.js:2477
[ 9442665ms] [LOG] [Fast Refresh] rebuilding @ http://localhost:3000/_next/static/chunks/node_modules_next_dist_115brz8._.js:2477
[ 9444268ms] [LOG] [Fast Refresh] done in 1705ms @ http://localhost:3000/_next/static/chunks/node_modules_next_dist_115brz8._.js:2477
[ 9444434ms] [LOG] [Fast Refresh] rebuilding @ http://localhost:3000/_next/static/chunks/node_modules_next_dist_115brz8._.js:2477
[ 9444533ms] [LOG] [Fast Refresh] done in 189ms @ http://localhost:3000/_next/static/chunks/node_modules_next_dist_115brz8._.js:2477
[ 9445232ms] [LOG] [Fast Refresh] rebuilding @ http://localhost:3000/_next/static/chunks/node_modules_next_dist_115brz8._.js:2477
[ 9445443ms] [LOG] [Fast Refresh] done in 323ms @ http://localhost:3000/_next/static/chunks/node_modules_next_dist_115brz8._.js:2477
[ 9643203ms] [LOG] [Fast Refresh] rebuilding @ http://localhost:3000/_next/static/chunks/node_modules_next_dist_115brz8._.js:2477
[ 9645038ms] [LOG] [Fast Refresh] done in 1886ms @ http://localhost:3000/_next/static/chunks/node_modules_next_dist_115brz8._.js:2477
[ 9645370ms] [LOG] [Fast Refresh] rebuilding @ http://localhost:3000/_next/static/chunks/node_modules_next_dist_115brz8._.js:2477
[ 9645546ms] [LOG] [Fast Refresh] done in 288ms @ http://localhost:3000/_next/static/chunks/node_modules_next_dist_115brz8._.js:2477
[10297849ms] [LOG] [Fast Refresh] rebuilding @ http://localhost:3000/_next/static/chunks/node_modules_next_dist_115brz8._.js:2477
[10299484ms] [LOG] [Fast Refresh] done in 1737ms @ http://localhost:3000/_next/static/chunks/node_modules_next_dist_115brz8._.js:2477
[10299580ms] [LOG] [Fast Refresh] rebuilding @ http://localhost:3000/_next/static/chunks/node_modules_next_dist_115brz8._.js:2477
[10299717ms] [LOG] [Fast Refresh] done in 57ms @ http://localhost:3000/_next/static/chunks/node_modules_next_dist_115brz8._.js:2477
[10301015ms] [LOG] [Fast Refresh] rebuilding @ http://localhost:3000/_next/static/chunks/node_modules_next_dist_115brz8._.js:2477
[10301173ms] [LOG] [Fast Refresh] done in 267ms @ http://localhost:3000/_next/static/chunks/node_modules_next_dist_115brz8._.js:2477
[10301299ms] [LOG] [Fast Refresh] rebuilding @ http://localhost:3000/_next/static/chunks/node_modules_next_dist_115brz8._.js:2477
[10301461ms] [LOG] [Fast Refresh] done in 265ms @ http://localhost:3000/_next/static/chunks/node_modules_next_dist_115brz8._.js:2477
[10302015ms] [LOG] [Fast Refresh] rebuilding @ http://localhost:3000/_next/static/chunks/node_modules_next_dist_115brz8._.js:2477
[10302048ms] [LOG] [Fast Refresh] done in 141ms @ http://localhost:3000/_next/static/chunks/node_modules_next_dist_115brz8._.js:2477
