[     316ms] [LOG] [Fast Refresh] rebuilding @ http://localhost:3000/_next/static/chunks/node_modules_next_dist_115brz8._.js:2477
[     321ms] [LOG] [Fast Refresh] done in 116ms @ http://localhost:3000/_next/static/chunks/node_modules_next_dist_115brz8._.js:2477
[     439ms] [LOG] [Fast Refresh] rebuilding @ http://localhost:3000/_next/static/chunks/node_modules_next_dist_115brz8._.js:2477
[     443ms] [LOG] [Fast Refresh] done in 107ms @ http://localhost:3000/_next/static/chunks/node_modules_next_dist_115brz8._.js:2477
[    1205ms] [INFO] %cDownload the React DevTools for a better development experience: https://react.dev/link/react-devtools font-weight:bold @ http://localhost:3000/_next/static/chunks/node_modules_next_dist_115brz8._.js:2477
[    1232ms] [LOG] [HMR] connected @ http://localhost:3000/_next/static/chunks/node_modules_next_dist_115brz8._.js:2477
[  895204ms] [LOG] [Fast Refresh] rebuilding @ http://localhost:3000/_next/static/chunks/node_modules_next_dist_115brz8._.js:2477
[  896831ms] [LOG] [Fast Refresh] done in 1739ms @ http://localhost:3000/_next/static/chunks/node_modules_next_dist_115brz8._.js:2477
[ 1065106ms] [LOG] [Fast Refresh] rebuilding @ http://localhost:3000/_next/static/chunks/node_modules_next_dist_115brz8._.js:2477
[ 1066926ms] [LOG] [Fast Refresh] done in 1879ms @ http://localhost:3000/_next/static/chunks/node_modules_next_dist_115brz8._.js:2477
[ 1067052ms] [LOG] [Fast Refresh] rebuilding @ http://localhost:3000/_next/static/chunks/node_modules_next_dist_115brz8._.js:2477
[ 1067062ms] [LOG] [Fast Refresh] done in 114ms @ http://localhost:3000/_next/static/chunks/node_modules_next_dist_115brz8._.js:2477
[ 1067335ms] [LOG] [Fast Refresh] rebuilding @ http://localhost:3000/_next/static/chunks/node_modules_next_dist_115brz8._.js:2477
[ 1067475ms] [LOG] [Fast Refresh] done in 250ms @ http://localhost:3000/_next/static/chunks/node_modules_next_dist_115brz8._.js:2477
[ 1067585ms] [LOG] [Fast Refresh] rebuilding @ http://localhost:3000/_next/static/chunks/node_modules_next_dist_115brz8._.js:2477
[ 1067637ms] [LOG] [Fast Refresh] done in 154ms @ http://localhost:3000/_next/static/chunks/node_modules_next_dist_115brz8._.js:2477
[ 1181013ms] [LOG] [Fast Refresh] rebuilding @ http://localhost:3000/_next/static/chunks/node_modules_next_dist_115brz8._.js:2477
[ 1182793ms] [LOG] [Fast Refresh] done in 1881ms @ http://localhost:3000/_next/static/chunks/node_modules_next_dist_115brz8._.js:2477
[ 1182817ms] [LOG] [Fast Refresh] rebuilding @ http://localhost:3000/_next/static/chunks/node_modules_next_dist_115brz8._.js:2477
[ 1182903ms] [LOG] [Fast Refresh] done in 38ms @ http://localhost:3000/_next/static/chunks/node_modules_next_dist_115brz8._.js:2477
[ 1183021ms] [LOG] [Fast Refresh] rebuilding @ http://localhost:3000/_next/static/chunks/node_modules_next_dist_115brz8._.js:2477
[ 1183025ms] [LOG] [Fast Refresh] done in 114ms @ http://localhost:3000/_next/static/chunks/node_modules_next_dist_115brz8._.js:2477
[ 1183328ms] [LOG] [Fast Refresh] rebuilding @ http://localhost:3000/_next/static/chunks/node_modules_next_dist_115brz8._.js:2477
[ 1183440ms] [LOG] [Fast Refresh] done in 216ms @ http://localhost:3000/_next/static/chunks/node_modules_next_dist_115brz8._.js:2477
[ 1183571ms] [LOG] [Fast Refresh] rebuilding @ http://localhost:3000/_next/static/chunks/node_modules_next_dist_115brz8._.js:2477
[ 1183715ms] [LOG] [Fast Refresh] done in 250ms @ http://localhost:3000/_next/static/chunks/node_modules_next_dist_115brz8._.js:2477
[ 1233961ms] [LOG] [Fast Refresh] rebuilding @ http://localhost:3000/_next/static/chunks/node_modules_next_dist_115brz8._.js:2477
[ 1235452ms] [LOG] [Fast Refresh] done in 1596ms @ http://localhost:3000/_next/static/chunks/node_modules_next_dist_115brz8._.js:2477
[ 1235475ms] [LOG] [Fast Refresh] rebuilding @ http://localhost:3000/_next/static/chunks/node_modules_next_dist_115brz8._.js:2477
[ 1235552ms] [LOG] [Fast Refresh] done in 35ms @ http://localhost:3000/_next/static/chunks/node_modules_next_dist_115brz8._.js:2477
[ 1235656ms] [LOG] [Fast Refresh] rebuilding @ http://localhost:3000/_next/static/chunks/node_modules_next_dist_115brz8._.js:2477
[ 1235674ms] [LOG] [Fast Refresh] done in 119ms @ http://localhost:3000/_next/static/chunks/node_modules_next_dist_115brz8._.js:2477
[ 1235910ms] [LOG] [Fast Refresh] rebuilding @ http://localhost:3000/_next/static/chunks/node_modules_next_dist_115brz8._.js:2477
[ 1236150ms] [LOG] [Fast Refresh] done in 340ms @ http://localhost:3000/_next/static/chunks/node_modules_next_dist_115brz8._.js:2477
[ 1657131ms] [LOG] [Fast Refresh] rebuilding @ http://localhost:3000/_next/static/chunks/node_modules_next_dist_115brz8._.js:2477
[ 1657365ms] [LOG] [Fast Refresh] done in 335ms @ http://localhost:3000/_next/static/chunks/node_modules_next_dist_115brz8._.js:2477
[ 1657460ms] [LOG] [Fast Refresh] rebuilding @ http://localhost:3000/_next/static/chunks/node_modules_next_dist_115brz8._.js:2477
[ 1657528ms] [LOG] [Fast Refresh] done in 45ms @ http://localhost:3000/_next/static/chunks/node_modules_next_dist_115brz8._.js:2477
[ 1657655ms] [LOG] [Fast Refresh] rebuilding @ http://localhost:3000/_next/static/chunks/node_modules_next_dist_115brz8._.js:2477
[ 1657670ms] [LOG] [Fast Refresh] done in 126ms @ http://localhost:3000/_next/static/chunks/node_modules_next_dist_115brz8._.js:2477
[ 1658173ms] [LOG] [Fast Refresh] rebuilding @ http://localhost:3000/_next/static/chunks/node_modules_next_dist_115brz8._.js:2477
[ 1658325ms] [LOG] [Fast Refresh] done in 260ms @ http://localhost:3000/_next/static/chunks/node_modules_next_dist_115brz8._.js:2477
[ 1658448ms] [LOG] [Fast Refresh] rebuilding @ http://localhost:3000/_next/static/chunks/node_modules_next_dist_115brz8._.js:2477
[ 1658492ms] [LOG] [Fast Refresh] done in 150ms @ http://localhost:3000/_next/static/chunks/node_modules_next_dist_115brz8._.js:2477
[ 1658748ms] [LOG] [Fast Refresh] rebuilding @ http://localhost:3000/_next/static/chunks/node_modules_next_dist_115brz8._.js:2477
[ 1658754ms] [LOG] [Fast Refresh] done in 108ms @ http://localhost:3000/_next/static/chunks/node_modules_next_dist_115brz8._.js:2477
[ 1658862ms] [LOG] [Fast Refresh] rebuilding @ http://localhost:3000/_next/static/chunks/node_modules_next_dist_115brz8._.js:2477
[ 1658865ms] [LOG] [Fast Refresh] done in 106ms @ http://localhost:3000/_next/static/chunks/node_modules_next_dist_115brz8._.js:2477
[ 1666528ms] [LOG] [Fast Refresh] rebuilding @ http://localhost:3000/_next/static/chunks/node_modules_next_dist_115brz8._.js:2477
[ 1666587ms] [LOG] [Fast Refresh] done in 54ms @ http://localhost:3000/_next/static/chunks/node_modules_next_dist_115brz8._.js:2477
[ 1666929ms] [LOG] [Fast Refresh] rebuilding @ http://localhost:3000/_next/static/chunks/node_modules_next_dist_115brz8._.js:2477
[ 1667181ms] [LOG] [Fast Refresh] done in 358ms @ http://localhost:3000/_next/static/chunks/node_modules_next_dist_115brz8._.js:2477
[ 1692617ms] [LOG] [Fast Refresh] rebuilding @ http://localhost:3000/_next/static/chunks/node_modules_next_dist_115brz8._.js:2477
[ 1692740ms] [ERROR] ./app/admin/AdminDashboard.tsx:387:17
Expected '</', got 'jsx text'
  385 |           );
  386 |         })()}
> 387 |       </section>
      |                 ^^^^^^^^^^^^^^^^^^^^^^^^^^^^^^^^^^^^^^^^^^^^^^^^^^^^^^^^^^^^^^^^^^^^^^^^^^^^^^^^^^^^^^
> 388 |
      | ^
> 389 |       {/* Approval Queue */}
      | ^^^^^^
  390 |       <section>
  391 |         <h2 className="text-sm font-semibold mb-3"
  392 |           style={{ color: "var(--muted)", borderBottom: "1px solid var(--card-border)", paddingBott...

Parsing ecmascript source code failed

Import trace:
  Server Component:
    ./app/admin/AdminDashboard.tsx
    ./app/admin/page.tsx @ http://localhost:3000/_next/static/chunks/node_modules_next_dist_115brz8._.js:3318
[ 1692826ms] [ERROR] ./app/admin/AdminDashboard.tsx:387:17
Expected '</', got 'jsx text'
  385 |           );
  386 |         })()}
> 387 |       </section>
      |                 ^^^^^^^^^^^^^^^^^^^^^^^^^^^^^^^^^^^^^^^^^^^^^^^^^^^^^^^^^^^^^^^^^^^^^^^^^^^^^^^^^^^^^^
> 388 |
      | ^
> 389 |       {/* Approval Queue */}
      | ^^^^^^
  390 |       <section>
  391 |         <h2 className="text-sm font-semibold mb-3"
  392 |           style={{ color: "var(--muted)", borderBottom: "1px solid var(--card-border)", paddingBott...

Parsing ecmascript source code failed

Import trace:
  Server Component:
    ./app/admin/AdminDashboard.tsx
    ./app/admin/page.tsx @ http://localhost:3000/_next/static/chunks/node_modules_next_dist_115brz8._.js:3318
[ 1692906ms] [ERROR] ./app/admin/AdminDashboard.tsx:387:17
Expected '</', got 'jsx text'
  385 |           );
  386 |         })()}
> 387 |       </section>
      |                 ^^^^^^^^^^^^^^^^^^^^^^^^^^^^^^^^^^^^^^^^^^^^^^^^^^^^^^^^^^^^^^^^^^^^^^^^^^^^^^^^^^^^^^
> 388 |
      | ^
> 389 |       {/* Approval Queue */}
      | ^^^^^^
  390 |       <section>
  391 |         <h2 className="text-sm font-semibold mb-3"
  392 |           style={{ color: "var(--muted)", borderBottom: "1px solid var(--card-border)", paddingBott...

Parsing ecmascript source code failed

Import trace:
  Server Component:
    ./app/admin/AdminDashboard.tsx
    ./app/admin/page.tsx @ http://localhost:3000/_next/static/chunks/node_modules_next_dist_115brz8._.js:3318
[ 1692999ms] [ERROR] ./app/admin/AdminDashboard.tsx:387:17
Expected '</', got 'jsx text'
  385 |           );
  386 |         })()}
> 387 |       </section>
      |                 ^^^^^^^^^^^^^^^^^^^^^^^^^^^^^^^^^^^^^^^^^^^^^^^^^^^^^^^^^^^^^^^^^^^^^^^^^^^^^^^^^^^^^^
> 388 |
      | ^
> 389 |       {/* Approval Queue */}
      | ^^^^^^
  390 |       <section>
  391 |         <h2 className="text-sm font-semibold mb-3"
  392 |           style={{ color: "var(--muted)", borderBottom: "1px solid var(--card-border)", paddingBott...

Parsing ecmascript source code failed

Import trace:
  Server Component:
    ./app/admin/AdminDashboard.tsx
    ./app/admin/page.tsx @ http://localhost:3000/_next/static/chunks/node_modules_next_dist_115brz8._.js:3318
[ 1693134ms] [LOG] [Fast Refresh] rebuilding @ http://localhost:3000/_next/static/chunks/node_modules_next_dist_115brz8._.js:2477
[ 1693195ms] [ERROR] Failed to load resource: the server responded with a status of 500 (Internal Server Error) @ http://localhost:3000/admin?_rsc=sfA7Dkwq5TKmib31:0
[ 1693212ms] [ERROR] ./app/admin/AdminDashboard.tsx:387:17
Expected '</', got 'jsx text'
  385 |           );
  386 |         })()}
> 387 |       </section>
      |                 ^^^^^^^^^^^^^^^^^^^^^^^^^^^^^^^^^^^^^^^^^^^^^^^^^^^^^^^^^^^^^^^^^^^^^^^^^^^^^^^^^^^^^^
> 388 |
      | ^
> 389 |       {/* Approval Queue */}
      | ^^^^^^
  390 |       <section>
  391 |         <h2 className="text-sm font-semibold mb-3"
  392 |           style={{ color: "var(--muted)", borderBottom: "1px solid var(--card-border)", paddingBott...

Parsing ecmascript source code failed

Import trace:
  Server Component:
    ./app/admin/AdminDashboard.tsx
    ./app/admin/page.tsx @ http://localhost:3000/_next/static/chunks/node_modules_next_dist_115brz8._.js:3318
[ 1693278ms] [ERROR] ./app/admin/AdminDashboard.tsx:387:17
Expected '</', got 'jsx text'
  385 |           );
  386 |         })()}
> 387 |       </section>
      |                 ^^^^^^^^^^^^^^^^^^^^^^^^^^^^^^^^^^^^^^^^^^^^^^^^^^^^^^^^^^^^^^^^^^^^^^^^^^^^^^^^^^^^^^
> 388 |
      | ^
> 389 |       {/* Approval Queue */}
      | ^^^^^^
  390 |       <section>
  391 |         <h2 className="text-sm font-semibold mb-3"
  392 |           style={{ color: "var(--muted)", borderBottom: "1px solid var(--card-border)", paddingBott...

Parsing ecmascript source code failed

Import trace:
  Server Component:
    ./app/admin/AdminDashboard.tsx
    ./app/admin/page.tsx @ http://localhost:3000/_next/static/chunks/node_modules_next_dist_115brz8._.js:3318
[ 1693409ms] [LOG] [Fast Refresh] rebuilding @ http://localhost:3000/_next/static/chunks/node_modules_next_dist_115brz8._.js:2477
[ 1693433ms] [ERROR] Failed to load resource: the server responded with a status of 500 (Internal Server Error) @ http://localhost:3000/admin?_rsc=sfA7Dkwq5TKmib31:0
[ 1693538ms] [ERROR] Failed to load resource: the server responded with a status of 500 (Internal Server Error) @ http://localhost:3000/admin:0
[ 1693709ms] [INFO] %cDownload the React DevTools for a better development experience: https://react.dev/link/react-devtools font-weight:bold @ http://localhost:3000/_next/static/chunks/node_modules_react-dom_0bruynb._.js:15305
[ 1693808ms] Error: ./app/admin/AdminDashboard.tsx:387:17
Expected '</', got 'jsx text'
  385 |           );
  386 |         })()}
> 387 |       </section>
      |                 ^^^^^^^^^^^^^^^^^^^^^^^^^^^^^^^^^^^^^^^^^^^^^^^^^^^^^^^^^^^^^^^^^^^^^^^^^^^^^^^^^^^^^^
> 388 |
      | ^
> 389 |       {/* Approval Queue */}
      | ^^^^^^
  390 |       <section>
  391 |         <h2 className="text-sm font-semibold mb-3"
  392 |           style={{ color: "var(--muted)", borderBottom: "1px solid var(--card-border)", paddingBott...

Parsing ecmascript source code failed

Import trace:
  Server Component:
    ./app/admin/AdminDashboard.tsx
    ./app/admin/page.tsx


    at <unknown> (Error: ./app/admin/AdminDashboard.tsx:387:17)
    at Object.getCompilationErrors (file://D:\קלוד קוד\פרויקט ניהול אירוח חכם\node_modules\next\dist\server\dev\hot-reloader-turbopack.js:1186:59)
    at DevBundlerService.getCompilationError (file://D:\קלוד קוד\פרויקט ניהול אירוח חכם\node_modules\next\dist\server\lib\dev-bundler-service.js:44:55)
    at DevServer.getCompilationError (file://D:\קלוד קוד\פרויקט ניהול אירוח חכם\node_modules\next\dist\server\dev\next-dev-server.js:720:42)
    at DevServer.findPageComponents (file://D:\קלוד קוד\פרויקט ניהול אירוח חכם\node_modules\next\dist\server\dev\next-dev-server.js:690:43)
    at async DevServer.renderErrorToResponseImpl (file://D:\קלוד קוד\פרויקט ניהול אירוח חכם\node_modules\next\dist\server\base-server.js:1753:26)
[ 1693827ms] [LOG] [HMR] connected @ http://localhost:3000/_next/static/chunks/node_modules_next_dist_0u_w_5s._.js:1226
[ 1693848ms] [ERROR] ./app/admin/AdminDashboard.tsx:387:17
Expected '</', got 'jsx text'
  385 |           );
  386 |         })()}
> 387 |       </section>
      |                 ^^^^^^^^^^^^^^^^^^^^^^^^^^^^^^^^^^^^^^^^^^^^^^^^^^^^^^^^^^^^^^^^^^^^^^^^^^^^^^^^^^^^^^
> 388 |
      | ^
> 389 |       {/* Approval Queue */}
      | ^^^^^^
  390 |       <section>
  391 |         <h2 className="text-sm font-semibold mb-3"
  392 |           style={{ color: "var(--muted)", borderBottom: "1px solid var(--card-border)", paddingBott...

Parsing ecmascript source code failed

Import trace:
  Server Component:
    ./app/admin/AdminDashboard.tsx
    ./app/admin/page.tsx @ http://localhost:3000/_next/static/chunks/node_modules_next_dist_0u_w_5s._.js:1945
[ 1693903ms] [ERROR] ./app/admin/AdminDashboard.tsx:387:17
Expected '</', got 'jsx text'
  385 |           );
  386 |         })()}
> 387 |       </section>
      |                 ^^^^^^^^^^^^^^^^^^^^^^^^^^^^^^^^^^^^^^^^^^^^^^^^^^^^^^^^^^^^^^^^^^^^^^^^^^^^^^^^^^^^^^
> 388 |
      | ^
> 389 |       {/* Approval Queue */}
      | ^^^^^^
  390 |       <section>
  391 |         <h2 className="text-sm font-semibold mb-3"
  392 |           style={{ color: "var(--muted)", borderBottom: "1px solid var(--card-border)", paddingBott...

Parsing ecmascript source code failed

Import trace:
  Server Component:
    ./app/admin/AdminDashboard.tsx
    ./app/admin/page.tsx @ http://localhost:3000/_next/static/chunks/node_modules_next_dist_0u_w_5s._.js:1945
[ 1693963ms] [ERROR] ./app/admin/AdminDashboard.tsx:387:17
Expected '</', got 'jsx text'
  385 |           );
  386 |         })()}
> 387 |       </section>
      |                 ^^^^^^^^^^^^^^^^^^^^^^^^^^^^^^^^^^^^^^^^^^^^^^^^^^^^^^^^^^^^^^^^^^^^^^^^^^^^^^^^^^^^^^
> 388 |
      | ^
> 389 |       {/* Approval Queue */}
      | ^^^^^^
  390 |       <section>
  391 |         <h2 className="text-sm font-semibold mb-3"
  392 |           style={{ color: "var(--muted)", borderBottom: "1px solid var(--card-border)", paddingBott...

Parsing ecmascript source code failed

Import trace:
  Server Component:
    ./app/admin/AdminDashboard.tsx
    ./app/admin/page.tsx @ http://localhost:3000/_next/static/chunks/node_modules_next_dist_0u_w_5s._.js:1945
[ 1694055ms] [ERROR] ./app/admin/AdminDashboard.tsx:387:17
Expected '</', got 'jsx text'
  385 |           );
  386 |         })()}
> 387 |       </section>
      |                 ^^^^^^^^^^^^^^^^^^^^^^^^^^^^^^^^^^^^^^^^^^^^^^^^^^^^^^^^^^^^^^^^^^^^^^^^^^^^^^^^^^^^^^
> 388 |
      | ^
> 389 |       {/* Approval Queue */}
      | ^^^^^^
  390 |       <section>
  391 |         <h2 className="text-sm font-semibold mb-3"
  392 |           style={{ color: "var(--muted)", borderBottom: "1px solid var(--card-border)", paddingBott...

Parsing ecmascript source code failed

Import trace:
  Server Component:
    ./app/admin/AdminDashboard.tsx
    ./app/admin/page.tsx @ http://localhost:3000/_next/static/chunks/node_modules_next_dist_0u_w_5s._.js:1945
[ 1694119ms] [ERROR] ./app/admin/AdminDashboard.tsx:387:17
Expected '</', got 'jsx text'
  385 |           );
  386 |         })()}
> 387 |       </section>
      |                 ^^^^^^^^^^^^^^^^^^^^^^^^^^^^^^^^^^^^^^^^^^^^^^^^^^^^^^^^^^^^^^^^^^^^^^^^^^^^^^^^^^^^^^
> 388 |
      | ^
> 389 |       {/* Approval Queue */}
      | ^^^^^^
  390 |       <section>
  391 |         <h2 className="text-sm font-semibold mb-3"
  392 |           style={{ color: "var(--muted)", borderBottom: "1px solid var(--card-border)", paddingBott...

Parsing ecmascript source code failed

Import trace:
  Server Component:
    ./app/admin/AdminDashboard.tsx
    ./app/admin/page.tsx @ http://localhost:3000/_next/static/chunks/node_modules_next_dist_0u_w_5s._.js:1945
[ 1694183ms] [ERROR] ./app/admin/AdminDashboard.tsx:387:17
Expected '</', got 'jsx text'
  385 |           );
  386 |         })()}
> 387 |       </section>
      |                 ^^^^^^^^^^^^^^^^^^^^^^^^^^^^^^^^^^^^^^^^^^^^^^^^^^^^^^^^^^^^^^^^^^^^^^^^^^^^^^^^^^^^^^
> 388 |
      | ^
> 389 |       {/* Approval Queue */}
      | ^^^^^^
  390 |       <section>
  391 |         <h2 className="text-sm font-semibold mb-3"
  392 |           style={{ color: "var(--muted)", borderBottom: "1px solid var(--card-border)", paddingBott...

Parsing ecmascript source code failed

Import trace:
  Server Component:
    ./app/admin/AdminDashboard.tsx
    ./app/admin/page.tsx @ http://localhost:3000/_next/static/chunks/node_modules_next_dist_0u_w_5s._.js:1945
[ 1694245ms] [ERROR] ./app/admin/AdminDashboard.tsx:387:17
Expected '</', got 'jsx text'
  385 |           );
  386 |         })()}
> 387 |       </section>
      |                 ^^^^^^^^^^^^^^^^^^^^^^^^^^^^^^^^^^^^^^^^^^^^^^^^^^^^^^^^^^^^^^^^^^^^^^^^^^^^^^^^^^^^^^
> 388 |
      | ^
> 389 |       {/* Approval Queue */}
      | ^^^^^^
  390 |       <section>
  391 |         <h2 className="text-sm font-semibold mb-3"
  392 |           style={{ color: "var(--muted)", borderBottom: "1px solid var(--card-border)", paddingBott...

Parsing ecmascript source code failed

Import trace:
  Server Component:
    ./app/admin/AdminDashboard.tsx
    ./app/admin/page.tsx @ http://localhost:3000/_next/static/chunks/node_modules_next_dist_0u_w_5s._.js:1945
[ 1694307ms] [ERROR] ./app/admin/AdminDashboard.tsx:387:17
Expected '</', got 'jsx text'
  385 |           );
  386 |         })()}
> 387 |       </section>
      |                 ^^^^^^^^^^^^^^^^^^^^^^^^^^^^^^^^^^^^^^^^^^^^^^^^^^^^^^^^^^^^^^^^^^^^^^^^^^^^^^^^^^^^^^
> 388 |
      | ^
> 389 |       {/* Approval Queue */}
      | ^^^^^^
  390 |       <section>
  391 |         <h2 className="text-sm font-semibold mb-3"
  392 |           style={{ color: "var(--muted)", borderBottom: "1px solid var(--card-border)", paddingBott...

Parsing ecmascript source code failed

Import trace:
  Server Component:
    ./app/admin/AdminDashboard.tsx
    ./app/admin/page.tsx @ http://localhost:3000/_next/static/chunks/node_modules_next_dist_0u_w_5s._.js:1945
[ 1694371ms] [ERROR] ./app/admin/AdminDashboard.tsx:387:17
Expected '</', got 'jsx text'
  385 |           );
  386 |         })()}
> 387 |       </section>
      |                 ^^^^^^^^^^^^^^^^^^^^^^^^^^^^^^^^^^^^^^^^^^^^^^^^^^^^^^^^^^^^^^^^^^^^^^^^^^^^^^^^^^^^^^
> 388 |
      | ^
> 389 |       {/* Approval Queue */}
      | ^^^^^^
  390 |       <section>
  391 |         <h2 className="text-sm font-semibold mb-3"
  392 |           style={{ color: "var(--muted)", borderBottom: "1px solid var(--card-border)", paddingBott...

Parsing ecmascript source code failed

Import trace:
  Server Component:
    ./app/admin/AdminDashboard.tsx
    ./app/admin/page.tsx @ http://localhost:3000/_next/static/chunks/node_modules_next_dist_0u_w_5s._.js:1945
[ 1694433ms] [ERROR] ./app/admin/AdminDashboard.tsx:387:17
Expected '</', got 'jsx text'
  385 |           );
  386 |         })()}
> 387 |       </section>
      |                 ^^^^^^^^^^^^^^^^^^^^^^^^^^^^^^^^^^^^^^^^^^^^^^^^^^^^^^^^^^^^^^^^^^^^^^^^^^^^^^^^^^^^^^
> 388 |
      | ^
> 389 |       {/* Approval Queue */}
      | ^^^^^^
  390 |       <section>
  391 |         <h2 className="text-sm font-semibold mb-3"
  392 |           style={{ color: "var(--muted)", borderBottom: "1px solid var(--card-border)", paddingBott...

Parsing ecmascript source code failed

Import trace:
  Server Component:
    ./app/admin/AdminDashboard.tsx
    ./app/admin/page.tsx @ http://localhost:3000/_next/static/chunks/node_modules_next_dist_0u_w_5s._.js:1945
[ 1694496ms] [ERROR] ./app/admin/AdminDashboard.tsx:387:17
Expected '</', got 'jsx text'
  385 |           );
  386 |         })()}
> 387 |       </section>
      |                 ^^^^^^^^^^^^^^^^^^^^^^^^^^^^^^^^^^^^^^^^^^^^^^^^^^^^^^^^^^^^^^^^^^^^^^^^^^^^^^^^^^^^^^
> 388 |
      | ^
> 389 |       {/* Approval Queue */}
      | ^^^^^^
  390 |       <section>
  391 |         <h2 className="text-sm font-semibold mb-3"
  392 |           style={{ color: "var(--muted)", borderBottom: "1px solid var(--card-border)", paddingBott...

Parsing ecmascript source code failed

Import trace:
  Server Component:
    ./app/admin/AdminDashboard.tsx
    ./app/admin/page.tsx @ http://localhost:3000/_next/static/chunks/node_modules_next_dist_0u_w_5s._.js:1945
[ 1694559ms] [ERROR] ./app/admin/AdminDashboard.tsx:387:17
Expected '</', got 'jsx text'
  385 |           );
  386 |         })()}
> 387 |       </section>
      |                 ^^^^^^^^^^^^^^^^^^^^^^^^^^^^^^^^^^^^^^^^^^^^^^^^^^^^^^^^^^^^^^^^^^^^^^^^^^^^^^^^^^^^^^
> 388 |
      | ^
> 389 |       {/* Approval Queue */}
      | ^^^^^^
  390 |       <section>
  391 |         <h2 className="text-sm font-semibold mb-3"
  392 |           style={{ color: "var(--muted)", borderBottom: "1px solid var(--card-border)", paddingBott...

Parsing ecmascript source code failed

Import trace:
  Server Component:
    ./app/admin/AdminDashboard.tsx
    ./app/admin/page.tsx @ http://localhost:3000/_next/static/chunks/node_modules_next_dist_0u_w_5s._.js:1945
[ 1694621ms] [ERROR] ./app/admin/AdminDashboard.tsx:387:17
Expected '</', got 'jsx text'
  385 |           );
  386 |         })()}
> 387 |       </section>
      |                 ^^^^^^^^^^^^^^^^^^^^^^^^^^^^^^^^^^^^^^^^^^^^^^^^^^^^^^^^^^^^^^^^^^^^^^^^^^^^^^^^^^^^^^
> 388 |
      | ^
> 389 |       {/* Approval Queue */}
      | ^^^^^^
  390 |       <section>
  391 |         <h2 className="text-sm font-semibold mb-3"
  392 |           style={{ color: "var(--muted)", borderBottom: "1px solid var(--card-border)", paddingBott...

Parsing ecmascript source code failed

Import trace:
  Server Component:
    ./app/admin/AdminDashboard.tsx
    ./app/admin/page.tsx @ http://localhost:3000/_next/static/chunks/node_modules_next_dist_0u_w_5s._.js:1945
[ 1694684ms] [ERROR] ./app/admin/AdminDashboard.tsx:387:17
Expected '</', got 'jsx text'
  385 |           );
  386 |         })()}
> 387 |       </section>
      |                 ^^^^^^^^^^^^^^^^^^^^^^^^^^^^^^^^^^^^^^^^^^^^^^^^^^^^^^^^^^^^^^^^^^^^^^^^^^^^^^^^^^^^^^
> 388 |
      | ^
> 389 |       {/* Approval Queue */}
      | ^^^^^^
  390 |       <section>
  391 |         <h2 className="text-sm font-semibold mb-3"
  392 |           style={{ color: "var(--muted)", borderBottom: "1px solid var(--card-border)", paddingBott...

Parsing ecmascript source code failed

Import trace:
  Server Component:
    ./app/admin/AdminDashboard.tsx
    ./app/admin/page.tsx @ http://localhost:3000/_next/static/chunks/node_modules_next_dist_0u_w_5s._.js:1945
[ 1694747ms] [ERROR] ./app/admin/AdminDashboard.tsx:387:17
Expected '</', got 'jsx text'
  385 |           );
  386 |         })()}
> 387 |       </section>
      |                 ^^^^^^^^^^^^^^^^^^^^^^^^^^^^^^^^^^^^^^^^^^^^^^^^^^^^^^^^^^^^^^^^^^^^^^^^^^^^^^^^^^^^^^
> 388 |
      | ^
> 389 |       {/* Approval Queue */}
      | ^^^^^^
  390 |       <section>
  391 |         <h2 className="text-sm font-semibold mb-3"
  392 |           style={{ color: "var(--muted)", borderBottom: "1px solid var(--card-border)", paddingBott...

Parsing ecmascript source code failed

Import trace:
  Server Component:
    ./app/admin/AdminDashboard.tsx
    ./app/admin/page.tsx @ http://localhost:3000/_next/static/chunks/node_modules_next_dist_0u_w_5s._.js:1945
[ 1694811ms] [ERROR] ./app/admin/AdminDashboard.tsx:387:17
Expected '</', got 'jsx text'
  385 |           );
  386 |         })()}
> 387 |       </section>
      |                 ^^^^^^^^^^^^^^^^^^^^^^^^^^^^^^^^^^^^^^^^^^^^^^^^^^^^^^^^^^^^^^^^^^^^^^^^^^^^^^^^^^^^^^
> 388 |
      | ^
> 389 |       {/* Approval Queue */}
      | ^^^^^^
  390 |       <section>
  391 |         <h2 className="text-sm font-semibold mb-3"
  392 |           style={{ color: "var(--muted)", borderBottom: "1px solid var(--card-border)", paddingBott...

Parsing ecmascript source code failed

Import trace:
  Server Component:
    ./app/admin/AdminDashboard.tsx
    ./app/admin/page.tsx @ http://localhost:3000/_next/static/chunks/node_modules_next_dist_0u_w_5s._.js:1945
[ 1694874ms] [ERROR] ./app/admin/AdminDashboard.tsx:387:17
Expected '</', got 'jsx text'
  385 |           );
  386 |         })()}
> 387 |       </section>
      |                 ^^^^^^^^^^^^^^^^^^^^^^^^^^^^^^^^^^^^^^^^^^^^^^^^^^^^^^^^^^^^^^^^^^^^^^^^^^^^^^^^^^^^^^
> 388 |
      | ^
> 389 |       {/* Approval Queue */}
      | ^^^^^^
  390 |       <section>
  391 |         <h2 className="text-sm font-semibold mb-3"
  392 |           style={{ color: "var(--muted)", borderBottom: "1px solid var(--card-border)", paddingBott...

Parsing ecmascript source code failed

Import trace:
  Server Component:
    ./app/admin/AdminDashboard.tsx
    ./app/admin/page.tsx @ http://localhost:3000/_next/static/chunks/node_modules_next_dist_0u_w_5s._.js:1945
[ 1694937ms] [ERROR] ./app/admin/AdminDashboard.tsx:387:17
Expected '</', got 'jsx text'
  385 |           );
  386 |         })()}
> 387 |       </section>
      |                 ^^^^^^^^^^^^^^^^^^^^^^^^^^^^^^^^^^^^^^^^^^^^^^^^^^^^^^^^^^^^^^^^^^^^^^^^^^^^^^^^^^^^^^
> 388 |
      | ^
> 389 |       {/* Approval Queue */}
      | ^^^^^^
  390 |       <section>
  391 |         <h2 className="text-sm font-semibold mb-3"
  392 |           style={{ color: "var(--muted)", borderBottom: "1px solid var(--card-border)", paddingBott...

Parsing ecmascript source code failed

Import trace:
  Server Component:
    ./app/admin/AdminDashboard.tsx
    ./app/admin/page.tsx @ http://localhost:3000/_next/static/chunks/node_modules_next_dist_0u_w_5s._.js:1945
[ 1695000ms] [ERROR] ./app/admin/AdminDashboard.tsx:387:17
Expected '</', got 'jsx text'
  385 |           );
  386 |         })()}
> 387 |       </section>
      |                 ^^^^^^^^^^^^^^^^^^^^^^^^^^^^^^^^^^^^^^^^^^^^^^^^^^^^^^^^^^^^^^^^^^^^^^^^^^^^^^^^^^^^^^
> 388 |
      | ^
> 389 |       {/* Approval Queue */}
      | ^^^^^^
  390 |       <section>
  391 |         <h2 className="text-sm font-semibold mb-3"
  392 |           style={{ color: "var(--muted)", borderBottom: "1px solid var(--card-border)", paddingBott...

Parsing ecmascript source code failed

Import trace:
  Server Component:
    ./app/admin/AdminDashboard.tsx
    ./app/admin/page.tsx @ http://localhost:3000/_next/static/chunks/node_modules_next_dist_0u_w_5s._.js:1945
[ 1695076ms] [ERROR] ./app/admin/AdminDashboard.tsx:387:17
Expected '</', got 'jsx text'
  385 |           );
  386 |         })()}
> 387 |       </section>
      |                 ^^^^^^^^^^^^^^^^^^^^^^^^^^^^^^^^^^^^^^^^^^^^^^^^^^^^^^^^^^^^^^^^^^^^^^^^^^^^^^^^^^^^^^
> 388 |
      | ^
> 389 |       {/* Approval Queue */}
      | ^^^^^^
  390 |       <section>
  391 |         <h2 className="text-sm font-semibold mb-3"
  392 |           style={{ color: "var(--muted)", borderBottom: "1px solid var(--card-border)", paddingBott...

Parsing ecmascript source code failed

Import trace:
  Server Component:
    ./app/admin/AdminDashboard.tsx
    ./app/admin/page.tsx @ http://localhost:3000/_next/static/chunks/node_modules_next_dist_0u_w_5s._.js:1945
[ 1695152ms] [ERROR] ./app/admin/AdminDashboard.tsx:387:17
Expected '</', got 'jsx text'
  385 |           );
  386 |         })()}
> 387 |       </section>
      |                 ^^^^^^^^^^^^^^^^^^^^^^^^^^^^^^^^^^^^^^^^^^^^^^^^^^^^^^^^^^^^^^^^^^^^^^^^^^^^^^^^^^^^^^
> 388 |
      | ^
> 389 |       {/* Approval Queue */}
      | ^^^^^^
  390 |       <section>
  391 |         <h2 className="text-sm font-semibold mb-3"
  392 |           style={{ color: "var(--muted)", borderBottom: "1px solid var(--card-border)", paddingBott...

Parsing ecmascript source code failed

Import trace:
  Server Component:
    ./app/admin/AdminDashboard.tsx
    ./app/admin/page.tsx @ http://localhost:3000/_next/static/chunks/node_modules_next_dist_0u_w_5s._.js:1945
[ 1695217ms] [ERROR] ./app/admin/AdminDashboard.tsx:387:17
Expected '</', got 'jsx text'
  385 |           );
  386 |         })()}
> 387 |       </section>
      |                 ^^^^^^^^^^^^^^^^^^^^^^^^^^^^^^^^^^^^^^^^^^^^^^^^^^^^^^^^^^^^^^^^^^^^^^^^^^^^^^^^^^^^^^
> 388 |
      | ^
> 389 |       {/* Approval Queue */}
      | ^^^^^^
  390 |       <section>
  391 |         <h2 className="text-sm font-semibold mb-3"
  392 |           style={{ color: "var(--muted)", borderBottom: "1px solid var(--card-border)", paddingBott...

Parsing ecmascript source code failed

Import trace:
  Server Component:
    ./app/admin/AdminDashboard.tsx
    ./app/admin/page.tsx @ http://localhost:3000/_next/static/chunks/node_modules_next_dist_0u_w_5s._.js:1945
[ 1695295ms] [ERROR] ./app/admin/AdminDashboard.tsx:387:17
Expected '</', got 'jsx text'
  385 |           );
  386 |         })()}
> 387 |       </section>
      |                 ^^^^^^^^^^^^^^^^^^^^^^^^^^^^^^^^^^^^^^^^^^^^^^^^^^^^^^^^^^^^^^^^^^^^^^^^^^^^^^^^^^^^^^
> 388 |
      | ^
> 389 |       {/* Approval Queue */}
      | ^^^^^^
  390 |       <section>
  391 |         <h2 className="text-sm font-semibold mb-3"
  392 |           style={{ color: "var(--muted)", borderBottom: "1px solid var(--card-border)", paddingBott...

Parsing ecmascript source code failed

Import trace:
  Server Component:
    ./app/admin/AdminDashboard.tsx
    ./app/admin/page.tsx @ http://localhost:3000/_next/static/chunks/node_modules_next_dist_0u_w_5s._.js:1945
[ 1695373ms] [ERROR] ./app/admin/AdminDashboard.tsx:387:17
Expected '</', got 'jsx text'
  385 |           );
  386 |         })()}
> 387 |       </section>
      |                 ^^^^^^^^^^^^^^^^^^^^^^^^^^^^^^^^^^^^^^^^^^^^^^^^^^^^^^^^^^^^^^^^^^^^^^^^^^^^^^^^^^^^^^
> 388 |
      | ^
> 389 |       {/* Approval Queue */}
      | ^^^^^^
  390 |       <section>
  391 |         <h2 className="text-sm font-semibold mb-3"
  392 |           style={{ color: "var(--muted)", borderBottom: "1px solid var(--card-border)", paddingBott...

Parsing ecmascript source code failed

Import trace:
  Server Component:
    ./app/admin/AdminDashboard.tsx
    ./app/admin/page.tsx @ http://localhost:3000/_next/static/chunks/node_modules_next_dist_0u_w_5s._.js:1945
[ 1695451ms] [ERROR] ./app/admin/AdminDashboard.tsx:387:17
Expected '</', got 'jsx text'
  385 |           );
  386 |         })()}
> 387 |       </section>
      |                 ^^^^^^^^^^^^^^^^^^^^^^^^^^^^^^^^^^^^^^^^^^^^^^^^^^^^^^^^^^^^^^^^^^^^^^^^^^^^^^^^^^^^^^
> 388 |
      | ^
> 389 |       {/* Approval Queue */}
      | ^^^^^^
  390 |       <section>
  391 |         <h2 className="text-sm font-semibold mb-3"
  392 |           style={{ color: "var(--muted)", borderBottom: "1px solid var(--card-border)", paddingBott...

Parsing ecmascript source code failed

Import trace:
  Server Component:
    ./app/admin/AdminDashboard.tsx
    ./app/admin/page.tsx @ http://localhost:3000/_next/static/chunks/node_modules_next_dist_0u_w_5s._.js:1945
[ 1695527ms] [ERROR] ./app/admin/AdminDashboard.tsx:387:17
Expected '</', got 'jsx text'
  385 |           );
  386 |         })()}
> 387 |       </section>
      |                 ^^^^^^^^^^^^^^^^^^^^^^^^^^^^^^^^^^^^^^^^^^^^^^^^^^^^^^^^^^^^^^^^^^^^^^^^^^^^^^^^^^^^^^
> 388 |
      | ^
> 389 |       {/* Approval Queue */}
      | ^^^^^^
  390 |       <section>
  391 |         <h2 className="text-sm font-semibold mb-3"
  392 |           style={{ color: "var(--muted)", borderBottom: "1px solid var(--card-border)", paddingBott...

Parsing ecmascript source code failed

Import trace:
  Server Component:
    ./app/admin/AdminDashboard.tsx
    ./app/admin/page.tsx @ http://localhost:3000/_next/static/chunks/node_modules_next_dist_0u_w_5s._.js:1945
[ 1695589ms] [ERROR] ./app/admin/AdminDashboard.tsx:387:17
Expected '</', got 'jsx text'
  385 |           );
  386 |         })()}
> 387 |       </section>
      |                 ^^^^^^^^^^^^^^^^^^^^^^^^^^^^^^^^^^^^^^^^^^^^^^^^^^^^^^^^^^^^^^^^^^^^^^^^^^^^^^^^^^^^^^
> 388 |
      | ^
> 389 |       {/* Approval Queue */}
      | ^^^^^^
  390 |       <section>
  391 |         <h2 className="text-sm font-semibold mb-3"
  392 |           style={{ color: "var(--muted)", borderBottom: "1px solid var(--card-border)", paddingBott...

Parsing ecmascript source code failed

Import trace:
  Server Component:
    ./app/admin/AdminDashboard.tsx
    ./app/admin/page.tsx @ http://localhost:3000/_next/static/chunks/node_modules_next_dist_0u_w_5s._.js:1945
[ 1695652ms] [ERROR] ./app/admin/AdminDashboard.tsx:387:17
Expected '</', got 'jsx text'
  385 |           );
  386 |         })()}
> 387 |       </section>
      |                 ^^^^^^^^^^^^^^^^^^^^^^^^^^^^^^^^^^^^^^^^^^^^^^^^^^^^^^^^^^^^^^^^^^^^^^^^^^^^^^^^^^^^^^
> 388 |
      | ^
> 389 |       {/* Approval Queue */}
      | ^^^^^^
  390 |       <section>
  391 |         <h2 className="text-sm font-semibold mb-3"
  392 |           style={{ color: "var(--muted)", borderBottom: "1px solid var(--card-border)", paddingBott...

Parsing ecmascript source code failed

Import trace:
  Server Component:
    ./app/admin/AdminDashboard.tsx
    ./app/admin/page.tsx @ http://localhost:3000/_next/static/chunks/node_modules_next_dist_0u_w_5s._.js:1945
[ 1695715ms] [ERROR] ./app/admin/AdminDashboard.tsx:387:17
Expected '</', got 'jsx text'
  385 |           );
  386 |         })()}
> 387 |       </section>
      |                 ^^^^^^^^^^^^^^^^^^^^^^^^^^^^^^^^^^^^^^^^^^^^^^^^^^^^^^^^^^^^^^^^^^^^^^^^^^^^^^^^^^^^^^
> 388 |
      | ^
> 389 |       {/* Approval Queue */}
      | ^^^^^^
  390 |       <section>
  391 |         <h2 className="text-sm font-semibold mb-3"
  392 |           style={{ color: "var(--muted)", borderBottom: "1px solid var(--card-border)", paddingBott...

Parsing ecmascript source code failed

Import trace:
  Server Component:
    ./app/admin/AdminDashboard.tsx
    ./app/admin/page.tsx @ http://localhost:3000/_next/static/chunks/node_modules_next_dist_0u_w_5s._.js:1945
[ 1695783ms] [ERROR] ./app/admin/AdminDashboard.tsx:387:17
Expected '</', got 'jsx text'
  385 |           );
  386 |         })()}
> 387 |       </section>
      |                 ^^^^^^^^^^^^^^^^^^^^^^^^^^^^^^^^^^^^^^^^^^^^^^^^^^^^^^^^^^^^^^^^^^^^^^^^^^^^^^^^^^^^^^
> 388 |
      | ^
> 389 |       {/* Approval Queue */}
      | ^^^^^^
  390 |       <section>
  391 |         <h2 className="text-sm font-semibold mb-3"
  392 |           style={{ color: "var(--muted)", borderBottom: "1px solid var(--card-border)", paddingBott...

Parsing ecmascript source code failed

Import trace:
  Server Component:
    ./app/admin/AdminDashboard.tsx
    ./app/admin/page.tsx @ http://localhost:3000/_next/static/chunks/node_modules_next_dist_0u_w_5s._.js:1945
[ 1695844ms] [ERROR] ./app/admin/AdminDashboard.tsx:387:17
Expected '</', got 'jsx text'
  385 |           );
  386 |         })()}
> 387 |       </section>
      |                 ^^^^^^^^^^^^^^^^^^^^^^^^^^^^^^^^^^^^^^^^^^^^^^^^^^^^^^^^^^^^^^^^^^^^^^^^^^^^^^^^^^^^^^
> 388 |
      | ^
> 389 |       {/* Approval Queue */}
      | ^^^^^^
  390 |       <section>
  391 |         <h2 className="text-sm font-semibold mb-3"
  392 |           style={{ color: "var(--muted)", borderBottom: "1px solid var(--card-border)", paddingBott...

Parsing ecmascript source code failed

Import trace:
  Server Component:
    ./app/admin/AdminDashboard.tsx
    ./app/admin/page.tsx @ http://localhost:3000/_next/static/chunks/node_modules_next_dist_0u_w_5s._.js:1945
[ 1695908ms] [ERROR] ./app/admin/AdminDashboard.tsx:387:17
Expected '</', got 'jsx text'
  385 |           );
  386 |         })()}
> 387 |       </section>
      |                 ^^^^^^^^^^^^^^^^^^^^^^^^^^^^^^^^^^^^^^^^^^^^^^^^^^^^^^^^^^^^^^^^^^^^^^^^^^^^^^^^^^^^^^
> 388 |
      | ^
> 389 |       {/* Approval Queue */}
      | ^^^^^^
  390 |       <section>
  391 |         <h2 className="text-sm font-semibold mb-3"
  392 |           style={{ color: "var(--muted)", borderBottom: "1px solid var(--card-border)", paddingBott...

Parsing ecmascript source code failed

Import trace:
  Server Component:
    ./app/admin/AdminDashboard.tsx
    ./app/admin/page.tsx @ http://localhost:3000/_next/static/chunks/node_modules_next_dist_0u_w_5s._.js:1945
[ 1695972ms] [ERROR] ./app/admin/AdminDashboard.tsx:387:17
Expected '</', got 'jsx text'
  385 |           );
  386 |         })()}
> 387 |       </section>
      |                 ^^^^^^^^^^^^^^^^^^^^^^^^^^^^^^^^^^^^^^^^^^^^^^^^^^^^^^^^^^^^^^^^^^^^^^^^^^^^^^^^^^^^^^
> 388 |
      | ^
> 389 |       {/* Approval Queue */}
      | ^^^^^^
  390 |       <section>
  391 |         <h2 className="text-sm font-semibold mb-3"
  392 |           style={{ color: "var(--muted)", borderBottom: "1px solid var(--card-border)", paddingBott...

Parsing ecmascript source code failed

Import trace:
  Server Component:
    ./app/admin/AdminDashboard.tsx
    ./app/admin/page.tsx @ http://localhost:3000/_next/static/chunks/node_modules_next_dist_0u_w_5s._.js:1945
[ 1696039ms] [ERROR] ./app/admin/AdminDashboard.tsx:387:17
Expected '</', got 'jsx text'
  385 |           );
  386 |         })()}
> 387 |       </section>
      |                 ^^^^^^^^^^^^^^^^^^^^^^^^^^^^^^^^^^^^^^^^^^^^^^^^^^^^^^^^^^^^^^^^^^^^^^^^^^^^^^^^^^^^^^
> 388 |
      | ^
> 389 |       {/* Approval Queue */}
      | ^^^^^^
  390 |       <section>
  391 |         <h2 className="text-sm font-semibold mb-3"
  392 |           style={{ color: "var(--muted)", borderBottom: "1px solid var(--card-border)", paddingBott...

Parsing ecmascript source code failed

Import trace:
  Server Component:
    ./app/admin/AdminDashboard.tsx
    ./app/admin/page.tsx @ http://localhost:3000/_next/static/chunks/node_modules_next_dist_0u_w_5s._.js:1945
[ 1696101ms] [ERROR] ./app/admin/AdminDashboard.tsx:387:17
Expected '</', got 'jsx text'
  385 |           );
  386 |         })()}
> 387 |       </section>
      |                 ^^^^^^^^^^^^^^^^^^^^^^^^^^^^^^^^^^^^^^^^^^^^^^^^^^^^^^^^^^^^^^^^^^^^^^^^^^^^^^^^^^^^^^
> 388 |
      | ^
> 389 |       {/* Approval Queue */}
      | ^^^^^^
  390 |       <section>
  391 |         <h2 className="text-sm font-semibold mb-3"
  392 |           style={{ color: "var(--muted)", borderBottom: "1px solid var(--card-border)", paddingBott...

Parsing ecmascript source code failed

Import trace:
  Server Component:
    ./app/admin/AdminDashboard.tsx
    ./app/admin/page.tsx @ http://localhost:3000/_next/static/chunks/node_modules_next_dist_0u_w_5s._.js:1945
[ 1696168ms] [ERROR] ./app/admin/AdminDashboard.tsx:387:17
Expected '</', got 'jsx text'
  385 |           );
  386 |         })()}
> 387 |       </section>
      |                 ^^^^^^^^^^^^^^^^^^^^^^^^^^^^^^^^^^^^^^^^^^^^^^^^^^^^^^^^^^^^^^^^^^^^^^^^^^^^^^^^^^^^^^
> 388 |
      | ^
> 389 |       {/* Approval Queue */}
      | ^^^^^^
  390 |       <section>
  391 |         <h2 className="text-sm font-semibold mb-3"
  392 |           style={{ color: "var(--muted)", borderBottom: "1px solid var(--card-border)", paddingBott...

Parsing ecmascript source code failed

Import trace:
  Server Component:
    ./app/admin/AdminDashboard.tsx
    ./app/admin/page.tsx @ http://localhost:3000/_next/static/chunks/node_modules_next_dist_0u_w_5s._.js:1945
[ 1696232ms] [ERROR] ./app/admin/AdminDashboard.tsx:387:17
Expected '</', got 'jsx text'
  385 |           );
  386 |         })()}
> 387 |       </section>
      |                 ^^^^^^^^^^^^^^^^^^^^^^^^^^^^^^^^^^^^^^^^^^^^^^^^^^^^^^^^^^^^^^^^^^^^^^^^^^^^^^^^^^^^^^
> 388 |
      | ^
> 389 |       {/* Approval Queue */}
      | ^^^^^^
  390 |       <section>
  391 |         <h2 className="text-sm font-semibold mb-3"
  392 |           style={{ color: "var(--muted)", borderBottom: "1px solid var(--card-border)", paddingBott...

Parsing ecmascript source code failed

Import trace:
  Server Component:
    ./app/admin/AdminDashboard.tsx
    ./app/admin/page.tsx @ http://localhost:3000/_next/static/chunks/node_modules_next_dist_0u_w_5s._.js:1945
[ 1696295ms] [ERROR] ./app/admin/AdminDashboard.tsx:387:17
Expected '</', got 'jsx text'
  385 |           );
  386 |         })()}
> 387 |       </section>
      |                 ^^^^^^^^^^^^^^^^^^^^^^^^^^^^^^^^^^^^^^^^^^^^^^^^^^^^^^^^^^^^^^^^^^^^^^^^^^^^^^^^^^^^^^
> 388 |
      | ^
> 389 |       {/* Approval Queue */}
      | ^^^^^^
  390 |       <section>
  391 |         <h2 className="text-sm font-semibold mb-3"
  392 |           style={{ color: "var(--muted)", borderBottom: "1px solid var(--card-border)", paddingBott...

Parsing ecmascript source code failed

Import trace:
  Server Component:
    ./app/admin/AdminDashboard.tsx
    ./app/admin/page.tsx @ http://localhost:3000/_next/static/chunks/node_modules_next_dist_0u_w_5s._.js:1945
[ 1696359ms] [ERROR] ./app/admin/AdminDashboard.tsx:387:17
Expected '</', got 'jsx text'
  385 |           );
  386 |         })()}
> 387 |       </section>
      |                 ^^^^^^^^^^^^^^^^^^^^^^^^^^^^^^^^^^^^^^^^^^^^^^^^^^^^^^^^^^^^^^^^^^^^^^^^^^^^^^^^^^^^^^
> 388 |
      | ^
> 389 |       {/* Approval Queue */}
      | ^^^^^^
  390 |       <section>
  391 |         <h2 className="text-sm font-semibold mb-3"
  392 |           style={{ color: "var(--muted)", borderBottom: "1px solid var(--card-border)", paddingBott...

Parsing ecmascript source code failed

Import trace:
  Server Component:
    ./app/admin/AdminDashboard.tsx
    ./app/admin/page.tsx @ http://localhost:3000/_next/static/chunks/node_modules_next_dist_0u_w_5s._.js:1945
[ 1696419ms] [ERROR] ./app/admin/AdminDashboard.tsx:387:17
Expected '</', got 'jsx text'
  385 |           );
  386 |         })()}
> 387 |       </section>
      |                 ^^^^^^^^^^^^^^^^^^^^^^^^^^^^^^^^^^^^^^^^^^^^^^^^^^^^^^^^^^^^^^^^^^^^^^^^^^^^^^^^^^^^^^
> 388 |
      | ^
> 389 |       {/* Approval Queue */}
      | ^^^^^^
  390 |       <section>
  391 |         <h2 className="text-sm font-semibold mb-3"
  392 |           style={{ color: "var(--muted)", borderBottom: "1px solid var(--card-border)", paddingBott...

Parsing ecmascript source code failed

Import trace:
  Server Component:
    ./app/admin/AdminDashboard.tsx
    ./app/admin/page.tsx @ http://localhost:3000/_next/static/chunks/node_modules_next_dist_0u_w_5s._.js:1945
[ 1696483ms] [ERROR] ./app/admin/AdminDashboard.tsx:387:17
Expected '</', got 'jsx text'
  385 |           );
  386 |         })()}
> 387 |       </section>
      |                 ^^^^^^^^^^^^^^^^^^^^^^^^^^^^^^^^^^^^^^^^^^^^^^^^^^^^^^^^^^^^^^^^^^^^^^^^^^^^^^^^^^^^^^
> 388 |
      | ^
> 389 |       {/* Approval Queue */}
      | ^^^^^^
  390 |       <section>
  391 |         <h2 className="text-sm font-semibold mb-3"
  392 |           style={{ color: "var(--muted)", borderBottom: "1px solid var(--card-border)", paddingBott...

Parsing ecmascript source code failed

Import trace:
  Server Component:
    ./app/admin/AdminDashboard.tsx
    ./app/admin/page.tsx @ http://localhost:3000/_next/static/chunks/node_modules_next_dist_0u_w_5s._.js:1945
[ 1696544ms] [ERROR] ./app/admin/AdminDashboard.tsx:387:17
Expected '</', got 'jsx text'
  385 |           );
  386 |         })()}
> 387 |       </section>
      |                 ^^^^^^^^^^^^^^^^^^^^^^^^^^^^^^^^^^^^^^^^^^^^^^^^^^^^^^^^^^^^^^^^^^^^^^^^^^^^^^^^^^^^^^
> 388 |
      | ^
> 389 |       {/* Approval Queue */}
      | ^^^^^^
  390 |       <section>
  391 |         <h2 className="text-sm font-semibold mb-3"
  392 |           style={{ color: "var(--muted)", borderBottom: "1px solid var(--card-border)", paddingBott...

Parsing ecmascript source code failed

Import trace:
  Server Component:
    ./app/admin/AdminDashboard.tsx
    ./app/admin/page.tsx @ http://localhost:3000/_next/static/chunks/node_modules_next_dist_0u_w_5s._.js:1945
[ 1696609ms] [ERROR] ./app/admin/AdminDashboard.tsx:387:17
Expected '</', got 'jsx text'
  385 |           );
  386 |         })()}
> 387 |       </section>
      |                 ^^^^^^^^^^^^^^^^^^^^^^^^^^^^^^^^^^^^^^^^^^^^^^^^^^^^^^^^^^^^^^^^^^^^^^^^^^^^^^^^^^^^^^
> 388 |
      | ^
> 389 |       {/* Approval Queue */}
      | ^^^^^^
  390 |       <section>
  391 |         <h2 className="text-sm font-semibold mb-3"
  392 |           style={{ color: "var(--muted)", borderBottom: "1px solid var(--card-border)", paddingBott...

Parsing ecmascript source code failed

Import trace:
  Server Component:
    ./app/admin/AdminDashboard.tsx
    ./app/admin/page.tsx @ http://localhost:3000/_next/static/chunks/node_modules_next_dist_0u_w_5s._.js:1945
[ 1696671ms] [ERROR] ./app/admin/AdminDashboard.tsx:387:17
Expected '</', got 'jsx text'
  385 |           );
  386 |         })()}
> 387 |       </section>
      |                 ^^^^^^^^^^^^^^^^^^^^^^^^^^^^^^^^^^^^^^^^^^^^^^^^^^^^^^^^^^^^^^^^^^^^^^^^^^^^^^^^^^^^^^
> 388 |
      | ^
> 389 |       {/* Approval Queue */}
      | ^^^^^^
  390 |       <section>
  391 |         <h2 className="text-sm font-semibold mb-3"
  392 |           style={{ color: "var(--muted)", borderBottom: "1px solid var(--card-border)", paddingBott...

Parsing ecmascript source code failed

Import trace:
  Server Component:
    ./app/admin/AdminDashboard.tsx
    ./app/admin/page.tsx @ http://localhost:3000/_next/static/chunks/node_modules_next_dist_0u_w_5s._.js:1945
[ 1696733ms] [ERROR] ./app/admin/AdminDashboard.tsx:387:17
Expected '</', got 'jsx text'
  385 |           );
  386 |         })()}
> 387 |       </section>
      |                 ^^^^^^^^^^^^^^^^^^^^^^^^^^^^^^^^^^^^^^^^^^^^^^^^^^^^^^^^^^^^^^^^^^^^^^^^^^^^^^^^^^^^^^
> 388 |
      | ^
> 389 |       {/* Approval Queue */}
      | ^^^^^^
  390 |       <section>
  391 |         <h2 className="text-sm font-semibold mb-3"
  392 |           style={{ color: "var(--muted)", borderBottom: "1px solid var(--card-border)", paddingBott...

Parsing ecmascript source code failed

Import trace:
  Server Component:
    ./app/admin/AdminDashboard.tsx
    ./app/admin/page.tsx @ http://localhost:3000/_next/static/chunks/node_modules_next_dist_0u_w_5s._.js:1945
[ 1696797ms] [ERROR] ./app/admin/AdminDashboard.tsx:387:17
Expected '</', got 'jsx text'
  385 |           );
  386 |         })()}
> 387 |       </section>
      |                 ^^^^^^^^^^^^^^^^^^^^^^^^^^^^^^^^^^^^^^^^^^^^^^^^^^^^^^^^^^^^^^^^^^^^^^^^^^^^^^^^^^^^^^
> 388 |
      | ^
> 389 |       {/* Approval Queue */}
      | ^^^^^^
  390 |       <section>
  391 |         <h2 className="text-sm font-semibold mb-3"
  392 |           style={{ color: "var(--muted)", borderBottom: "1px solid var(--card-border)", paddingBott...

Parsing ecmascript source code failed

Import trace:
  Server Component:
    ./app/admin/AdminDashboard.tsx
    ./app/admin/page.tsx @ http://localhost:3000/_next/static/chunks/node_modules_next_dist_0u_w_5s._.js:1945
[ 1696874ms] [ERROR] ./app/admin/AdminDashboard.tsx:387:17
Expected '</', got 'jsx text'
  385 |           );
  386 |         })()}
> 387 |       </section>
      |                 ^^^^^^^^^^^^^^^^^^^^^^^^^^^^^^^^^^^^^^^^^^^^^^^^^^^^^^^^^^^^^^^^^^^^^^^^^^^^^^^^^^^^^^
> 388 |
      | ^
> 389 |       {/* Approval Queue */}
      | ^^^^^^
  390 |       <section>
  391 |         <h2 className="text-sm font-semibold mb-3"
  392 |           style={{ color: "var(--muted)", borderBottom: "1px solid var(--card-border)", paddingBott...

Parsing ecmascript source code failed

Import trace:
  Server Component:
    ./app/admin/AdminDashboard.tsx
    ./app/admin/page.tsx @ http://localhost:3000/_next/static/chunks/node_modules_next_dist_0u_w_5s._.js:1945
[ 1696936ms] [ERROR] ./app/admin/AdminDashboard.tsx:387:17
Expected '</', got 'jsx text'
  385 |           );
  386 |         })()}
> 387 |       </section>
      |                 ^^^^^^^^^^^^^^^^^^^^^^^^^^^^^^^^^^^^^^^^^^^^^^^^^^^^^^^^^^^^^^^^^^^^^^^^^^^^^^^^^^^^^^
> 388 |
      | ^
> 389 |       {/* Approval Queue */}
      | ^^^^^^
  390 |       <section>
  391 |         <h2 className="text-sm font-semibold mb-3"
  392 |           style={{ color: "var(--muted)", borderBottom: "1px solid var(--card-border)", paddingBott...

Parsing ecmascript source code failed

Import trace:
  Server Component:
    ./app/admin/AdminDashboard.tsx
    ./app/admin/page.tsx @ http://localhost:3000/_next/static/chunks/node_modules_next_dist_0u_w_5s._.js:1945
[ 1696998ms] [ERROR] ./app/admin/AdminDashboard.tsx:387:17
Expected '</', got 'jsx text'
  385 |           );
  386 |         })()}
> 387 |       </section>
      |                 ^^^^^^^^^^^^^^^^^^^^^^^^^^^^^^^^^^^^^^^^^^^^^^^^^^^^^^^^^^^^^^^^^^^^^^^^^^^^^^^^^^^^^^
> 388 |
      | ^
> 389 |       {/* Approval Queue */}
      | ^^^^^^
  390 |       <section>
  391 |         <h2 className="text-sm font-semibold mb-3"
  392 |           style={{ color: "var(--muted)", borderBottom: "1px solid var(--card-border)", paddingBott...

Parsing ecmascript source code failed

Import trace:
  Server Component:
    ./app/admin/AdminDashboard.tsx
    ./app/admin/page.tsx @ http://localhost:3000/_next/static/chunks/node_modules_next_dist_0u_w_5s._.js:1945
[ 1697064ms] [ERROR] ./app/admin/AdminDashboard.tsx:387:17
Expected '</', got 'jsx text'
  385 |           );
  386 |         })()}
> 387 |       </section>
      |                 ^^^^^^^^^^^^^^^^^^^^^^^^^^^^^^^^^^^^^^^^^^^^^^^^^^^^^^^^^^^^^^^^^^^^^^^^^^^^^^^^^^^^^^
> 388 |
      | ^
> 389 |       {/* Approval Queue */}
      | ^^^^^^
  390 |       <section>
  391 |         <h2 className="text-sm font-semibold mb-3"
  392 |           style={{ color: "var(--muted)", borderBottom: "1px solid var(--card-border)", paddingBott...

Parsing ecmascript source code failed

Import trace:
  Server Component:
    ./app/admin/AdminDashboard.tsx
    ./app/admin/page.tsx @ http://localhost:3000/_next/static/chunks/node_modules_next_dist_0u_w_5s._.js:1945
[ 1697126ms] [ERROR] ./app/admin/AdminDashboard.tsx:387:17
Expected '</', got 'jsx text'
  385 |           );
  386 |         })()}
> 387 |       </section>
      |                 ^^^^^^^^^^^^^^^^^^^^^^^^^^^^^^^^^^^^^^^^^^^^^^^^^^^^^^^^^^^^^^^^^^^^^^^^^^^^^^^^^^^^^^
> 388 |
      | ^
> 389 |       {/* Approval Queue */}
      | ^^^^^^
  390 |       <section>
  391 |         <h2 className="text-sm font-semibold mb-3"
  392 |           style={{ color: "var(--muted)", borderBottom: "1px solid var(--card-border)", paddingBott...

Parsing ecmascript source code failed

Import trace:
  Server Component:
    ./app/admin/AdminDashboard.tsx
    ./app/admin/page.tsx @ http://localhost:3000/_next/static/chunks/node_modules_next_dist_0u_w_5s._.js:1945
[ 1697189ms] [ERROR] ./app/admin/AdminDashboard.tsx:387:17
Expected '</', got 'jsx text'
  385 |           );
  386 |         })()}
> 387 |       </section>
      |                 ^^^^^^^^^^^^^^^^^^^^^^^^^^^^^^^^^^^^^^^^^^^^^^^^^^^^^^^^^^^^^^^^^^^^^^^^^^^^^^^^^^^^^^
> 388 |
      | ^
> 389 |       {/* Approval Queue */}
      | ^^^^^^
  390 |       <section>
  391 |         <h2 className="text-sm font-semibold mb-3"
  392 |           style={{ color: "var(--muted)", borderBottom: "1px solid var(--card-border)", paddingBott...

Parsing ecmascript source code failed

Import trace:
  Server Component:
    ./app/admin/AdminDashboard.tsx
    ./app/admin/page.tsx @ http://localhost:3000/_next/static/chunks/node_modules_next_dist_0u_w_5s._.js:1945
[ 1697252ms] [ERROR] ./app/admin/AdminDashboard.tsx:387:17
Expected '</', got 'jsx text'
  385 |           );
  386 |         })()}
> 387 |       </section>
      |                 ^^^^^^^^^^^^^^^^^^^^^^^^^^^^^^^^^^^^^^^^^^^^^^^^^^^^^^^^^^^^^^^^^^^^^^^^^^^^^^^^^^^^^^
> 388 |
      | ^
> 389 |       {/* Approval Queue */}
      | ^^^^^^
  390 |       <section>
  391 |         <h2 className="text-sm font-semibold mb-3"
  392 |           style={{ color: "var(--muted)", borderBottom: "1px solid var(--card-border)", paddingBott...

Parsing ecmascript source code failed

Import trace:
  Server Component:
    ./app/admin/AdminDashboard.tsx
    ./app/admin/page.tsx @ http://localhost:3000/_next/static/chunks/node_modules_next_dist_0u_w_5s._.js:1945
[ 1697315ms] [ERROR] ./app/admin/AdminDashboard.tsx:387:17
Expected '</', got 'jsx text'
  385 |           );
  386 |         })()}
> 387 |       </section>
      |                 ^^^^^^^^^^^^^^^^^^^^^^^^^^^^^^^^^^^^^^^^^^^^^^^^^^^^^^^^^^^^^^^^^^^^^^^^^^^^^^^^^^^^^^
> 388 |
      | ^
> 389 |       {/* Approval Queue */}
      | ^^^^^^
  390 |       <section>
  391 |         <h2 className="text-sm font-semibold mb-3"
  392 |           style={{ color: "var(--muted)", borderBottom: "1px solid var(--card-border)", paddingBott...

Parsing ecmascript source code failed

Import trace:
  Server Component:
    ./app/admin/AdminDashboard.tsx
    ./app/admin/page.tsx @ http://localhost:3000/_next/static/chunks/node_modules_next_dist_0u_w_5s._.js:1945
[ 1697377ms] [ERROR] ./app/admin/AdminDashboard.tsx:387:17
Expected '</', got 'jsx text'
  385 |           );
  386 |         })()}
> 387 |       </section>
      |                 ^^^^^^^^^^^^^^^^^^^^^^^^^^^^^^^^^^^^^^^^^^^^^^^^^^^^^^^^^^^^^^^^^^^^^^^^^^^^^^^^^^^^^^
> 388 |
      | ^
> 389 |       {/* Approval Queue */}
      | ^^^^^^
  390 |       <section>
  391 |         <h2 className="text-sm font-semibold mb-3"
  392 |           style={{ color: "var(--muted)", borderBottom: "1px solid var(--card-border)", paddingBott...

Parsing ecmascript source code failed

Import trace:
  Server Component:
    ./app/admin/AdminDashboard.tsx
    ./app/admin/page.tsx @ http://localhost:3000/_next/static/chunks/node_modules_next_dist_0u_w_5s._.js:1945
[ 1697441ms] [ERROR] ./app/admin/AdminDashboard.tsx:387:17
Expected '</', got 'jsx text'
  385 |           );
  386 |         })()}
> 387 |       </section>
      |                 ^^^^^^^^^^^^^^^^^^^^^^^^^^^^^^^^^^^^^^^^^^^^^^^^^^^^^^^^^^^^^^^^^^^^^^^^^^^^^^^^^^^^^^
> 388 |
      | ^
> 389 |       {/* Approval Queue */}
      | ^^^^^^
  390 |       <section>
  391 |         <h2 className="text-sm font-semibold mb-3"
  392 |           style={{ color: "var(--muted)", borderBottom: "1px solid var(--card-border)", paddingBott...

Parsing ecmascript source code failed

Import trace:
  Server Component:
    ./app/admin/AdminDashboard.tsx
    ./app/admin/page.tsx @ http://localhost:3000/_next/static/chunks/node_modules_next_dist_0u_w_5s._.js:1945
[ 1697501ms] [ERROR] ./app/admin/AdminDashboard.tsx:387:17
Expected '</', got 'jsx text'
  385 |           );
  386 |         })()}
> 387 |       </section>
      |                 ^^^^^^^^^^^^^^^^^^^^^^^^^^^^^^^^^^^^^^^^^^^^^^^^^^^^^^^^^^^^^^^^^^^^^^^^^^^^^^^^^^^^^^
> 388 |
      | ^
> 389 |       {/* Approval Queue */}
      | ^^^^^^
  390 |       <section>
  391 |         <h2 className="text-sm font-semibold mb-3"
  392 |           style={{ color: "var(--muted)", borderBottom: "1px solid var(--card-border)", paddingBott...

Parsing ecmascript source code failed

Import trace:
  Server Component:
    ./app/admin/AdminDashboard.tsx
    ./app/admin/page.tsx @ http://localhost:3000/_next/static/chunks/node_modules_next_dist_0u_w_5s._.js:1945
[ 1697564ms] [ERROR] ./app/admin/AdminDashboard.tsx:387:17
Expected '</', got 'jsx text'
  385 |           );
  386 |         })()}
> 387 |       </section>
      |                 ^^^^^^^^^^^^^^^^^^^^^^^^^^^^^^^^^^^^^^^^^^^^^^^^^^^^^^^^^^^^^^^^^^^^^^^^^^^^^^^^^^^^^^
> 388 |
      | ^
> 389 |       {/* Approval Queue */}
      | ^^^^^^
  390 |       <section>
  391 |         <h2 className="text-sm font-semibold mb-3"
  392 |           style={{ color: "var(--muted)", borderBottom: "1px solid var(--card-border)", paddingBott...

Parsing ecmascript source code failed

Import trace:
  Server Component:
    ./app/admin/AdminDashboard.tsx
    ./app/admin/page.tsx @ http://localhost:3000/_next/static/chunks/node_modules_next_dist_0u_w_5s._.js:1945
[ 1697628ms] [ERROR] ./app/admin/AdminDashboard.tsx:387:17
Expected '</', got 'jsx text'
  385 |           );
  386 |         })()}
> 387 |       </section>
      |                 ^^^^^^^^^^^^^^^^^^^^^^^^^^^^^^^^^^^^^^^^^^^^^^^^^^^^^^^^^^^^^^^^^^^^^^^^^^^^^^^^^^^^^^
> 388 |
      | ^
> 389 |       {/* Approval Queue */}
      | ^^^^^^
  390 |       <section>
  391 |         <h2 className="text-sm font-semibold mb-3"
  392 |           style={{ color: "var(--muted)", borderBottom: "1px solid var(--card-border)", paddingBott...

Parsing ecmascript source code failed

Import trace:
  Server Component:
    ./app/admin/AdminDashboard.tsx
    ./app/admin/page.tsx @ http://localhost:3000/_next/static/chunks/node_modules_next_dist_0u_w_5s._.js:1945
[ 1697692ms] [ERROR] ./app/admin/AdminDashboard.tsx:387:17
Expected '</', got 'jsx text'
  385 |           );
  386 |         })()}
> 387 |       </section>
      |                 ^^^^^^^^^^^^^^^^^^^^^^^^^^^^^^^^^^^^^^^^^^^^^^^^^^^^^^^^^^^^^^^^^^^^^^^^^^^^^^^^^^^^^^
> 388 |
      | ^
> 389 |       {/* Approval Queue */}
      | ^^^^^^
  390 |       <section>
  391 |         <h2 className="text-sm font-semibold mb-3"
  392 |           style={{ color: "var(--muted)", borderBottom: "1px solid var(--card-border)", paddingBott...

Parsing ecmascript source code failed

Import trace:
  Server Component:
    ./app/admin/AdminDashboard.tsx
    ./app/admin/page.tsx @ http://localhost:3000/_next/static/chunks/node_modules_next_dist_0u_w_5s._.js:1945
[ 1697754ms] [ERROR] ./app/admin/AdminDashboard.tsx:387:17
Expected '</', got 'jsx text'
  385 |           );
  386 |         })()}
> 387 |       </section>
      |                 ^^^^^^^^^^^^^^^^^^^^^^^^^^^^^^^^^^^^^^^^^^^^^^^^^^^^^^^^^^^^^^^^^^^^^^^^^^^^^^^^^^^^^^
> 388 |
      | ^
> 389 |       {/* Approval Queue */}
      | ^^^^^^
  390 |       <section>
  391 |         <h2 className="text-sm font-semibold mb-3"
  392 |           style={{ color: "var(--muted)", borderBottom: "1px solid var(--card-border)", paddingBott...

Parsing ecmascript source code failed

Import trace:
  Server Component:
    ./app/admin/AdminDashboard.tsx
    ./app/admin/page.tsx @ http://localhost:3000/_next/static/chunks/node_modules_next_dist_0u_w_5s._.js:1945
[ 1697816ms] [ERROR] ./app/admin/AdminDashboard.tsx:387:17
Expected '</', got 'jsx text'
  385 |           );
  386 |         })()}
> 387 |       </section>
      |                 ^^^^^^^^^^^^^^^^^^^^^^^^^^^^^^^^^^^^^^^^^^^^^^^^^^^^^^^^^^^^^^^^^^^^^^^^^^^^^^^^^^^^^^
> 388 |
      | ^
> 389 |       {/* Approval Queue */}
      | ^^^^^^
  390 |       <section>
  391 |         <h2 className="text-sm font-semibold mb-3"
  392 |           style={{ color: "var(--muted)", borderBottom: "1px solid var(--card-border)", paddingBott...

Parsing ecmascript source code failed

Import trace:
  Server Component:
    ./app/admin/AdminDashboard.tsx
    ./app/admin/page.tsx @ http://localhost:3000/_next/static/chunks/node_modules_next_dist_0u_w_5s._.js:1945
[ 1697879ms] [ERROR] ./app/admin/AdminDashboard.tsx:387:17
Expected '</', got 'jsx text'
  385 |           );
  386 |         })()}
> 387 |       </section>
      |                 ^^^^^^^^^^^^^^^^^^^^^^^^^^^^^^^^^^^^^^^^^^^^^^^^^^^^^^^^^^^^^^^^^^^^^^^^^^^^^^^^^^^^^^
> 388 |
      | ^
> 389 |       {/* Approval Queue */}
      | ^^^^^^
  390 |       <section>
  391 |         <h2 className="text-sm font-semibold mb-3"
  392 |           style={{ color: "var(--muted)", borderBottom: "1px solid var(--card-border)", paddingBott...

Parsing ecmascript source code failed

Import trace:
  Server Component:
    ./app/admin/AdminDashboard.tsx
    ./app/admin/page.tsx @ http://localhost:3000/_next/static/chunks/node_modules_next_dist_0u_w_5s._.js:1945
[ 1697943ms] [ERROR] ./app/admin/AdminDashboard.tsx:387:17
Expected '</', got 'jsx text'
  385 |           );
  386 |         })()}
> 387 |       </section>
      |                 ^^^^^^^^^^^^^^^^^^^^^^^^^^^^^^^^^^^^^^^^^^^^^^^^^^^^^^^^^^^^^^^^^^^^^^^^^^^^^^^^^^^^^^
> 388 |
      | ^
> 389 |       {/* Approval Queue */}
      | ^^^^^^
  390 |       <section>
  391 |         <h2 className="text-sm font-semibold mb-3"
  392 |           style={{ color: "var(--muted)", borderBottom: "1px solid var(--card-border)", paddingBott...

Parsing ecmascript source code failed

Import trace:
  Server Component:
    ./app/admin/AdminDashboard.tsx
    ./app/admin/page.tsx @ http://localhost:3000/_next/static/chunks/node_modules_next_dist_0u_w_5s._.js:1945
[ 1698005ms] [ERROR] ./app/admin/AdminDashboard.tsx:387:17
Expected '</', got 'jsx text'
  385 |           );
  386 |         })()}
> 387 |       </section>
      |                 ^^^^^^^^^^^^^^^^^^^^^^^^^^^^^^^^^^^^^^^^^^^^^^^^^^^^^^^^^^^^^^^^^^^^^^^^^^^^^^^^^^^^^^
> 388 |
      | ^
> 389 |       {/* Approval Queue */}
      | ^^^^^^
  390 |       <section>
  391 |         <h2 className="text-sm font-semibold mb-3"
  392 |           style={{ color: "var(--muted)", borderBottom: "1px solid var(--card-border)", paddingBott...

Parsing ecmascript source code failed

Import trace:
  Server Component:
    ./app/admin/AdminDashboard.tsx
    ./app/admin/page.tsx @ http://localhost:3000/_next/static/chunks/node_modules_next_dist_0u_w_5s._.js:1945
[ 1698069ms] [ERROR] ./app/admin/AdminDashboard.tsx:387:17
Expected '</', got 'jsx text'
  385 |           );
  386 |         })()}
> 387 |       </section>
      |                 ^^^^^^^^^^^^^^^^^^^^^^^^^^^^^^^^^^^^^^^^^^^^^^^^^^^^^^^^^^^^^^^^^^^^^^^^^^^^^^^^^^^^^^
> 388 |
      | ^
> 389 |       {/* Approval Queue */}
      | ^^^^^^
  390 |       <section>
  391 |         <h2 className="text-sm font-semibold mb-3"
  392 |           style={{ color: "var(--muted)", borderBottom: "1px solid var(--card-border)", paddingBott...

Parsing ecmascript source code failed

Import trace:
  Server Component:
    ./app/admin/AdminDashboard.tsx
    ./app/admin/page.tsx @ http://localhost:3000/_next/static/chunks/node_modules_next_dist_0u_w_5s._.js:1945
[ 1698133ms] [ERROR] ./app/admin/AdminDashboard.tsx:387:17
Expected '</', got 'jsx text'
  385 |           );
  386 |         })()}
> 387 |       </section>
      |                 ^^^^^^^^^^^^^^^^^^^^^^^^^^^^^^^^^^^^^^^^^^^^^^^^^^^^^^^^^^^^^^^^^^^^^^^^^^^^^^^^^^^^^^
> 388 |
      | ^
> 389 |       {/* Approval Queue */}
      | ^^^^^^
  390 |       <section>
  391 |         <h2 className="text-sm font-semibold mb-3"
  392 |           style={{ color: "var(--muted)", borderBottom: "1px solid var(--card-border)", paddingBott...

Parsing ecmascript source code failed

Import trace:
  Server Component:
    ./app/admin/AdminDashboard.tsx
    ./app/admin/page.tsx @ http://localhost:3000/_next/static/chunks/node_modules_next_dist_0u_w_5s._.js:1945
[ 1698211ms] [ERROR] ./app/admin/AdminDashboard.tsx:387:17
Expected '</', got 'jsx text'
  385 |           );
  386 |         })()}
> 387 |       </section>
      |                 ^^^^^^^^^^^^^^^^^^^^^^^^^^^^^^^^^^^^^^^^^^^^^^^^^^^^^^^^^^^^^^^^^^^^^^^^^^^^^^^^^^^^^^
> 388 |
      | ^
> 389 |       {/* Approval Queue */}
      | ^^^^^^
  390 |       <section>
  391 |         <h2 className="text-sm font-semibold mb-3"
  392 |           style={{ color: "var(--muted)", borderBottom: "1px solid var(--card-border)", paddingBott...

Parsing ecmascript source code failed

Import trace:
  Server Component:
    ./app/admin/AdminDashboard.tsx
    ./app/admin/page.tsx @ http://localhost:3000/_next/static/chunks/node_modules_next_dist_0u_w_5s._.js:1945
[ 1698266ms] [ERROR] ./app/admin/AdminDashboard.tsx:387:17
Expected '</', got 'jsx text'
  385 |           );
  386 |         })()}
> 387 |       </section>
      |                 ^^^^^^^^^^^^^^^^^^^^^^^^^^^^^^^^^^^^^^^^^^^^^^^^^^^^^^^^^^^^^^^^^^^^^^^^^^^^^^^^^^^^^^
> 388 |
      | ^
> 389 |       {/* Approval Queue */}
      | ^^^^^^
  390 |       <section>
  391 |         <h2 className="text-sm font-semibold mb-3"
  392 |           style={{ color: "var(--muted)", borderBottom: "1px solid var(--card-border)", paddingBott...

Parsing ecmascript source code failed

Import trace:
  Server Component:
    ./app/admin/AdminDashboard.tsx
    ./app/admin/page.tsx @ http://localhost:3000/_next/static/chunks/node_modules_next_dist_0u_w_5s._.js:1945
[ 1698345ms] [ERROR] ./app/admin/AdminDashboard.tsx:387:17
Expected '</', got 'jsx text'
  385 |           );
  386 |         })()}
> 387 |       </section>
      |                 ^^^^^^^^^^^^^^^^^^^^^^^^^^^^^^^^^^^^^^^^^^^^^^^^^^^^^^^^^^^^^^^^^^^^^^^^^^^^^^^^^^^^^^
> 388 |
      | ^
> 389 |       {/* Approval Queue */}
      | ^^^^^^
  390 |       <section>
  391 |         <h2 className="text-sm font-semibold mb-3"
  392 |           style={{ color: "var(--muted)", borderBottom: "1px solid var(--card-border)", paddingBott...

Parsing ecmascript source code failed

Import trace:
  Server Component:
    ./app/admin/AdminDashboard.tsx
    ./app/admin/page.tsx @ http://localhost:3000/_next/static/chunks/node_modules_next_dist_0u_w_5s._.js:1945
[ 1698422ms] [ERROR] ./app/admin/AdminDashboard.tsx:387:17
Expected '</', got 'jsx text'
  385 |           );
  386 |         })()}
> 387 |       </section>
      |                 ^^^^^^^^^^^^^^^^^^^^^^^^^^^^^^^^^^^^^^^^^^^^^^^^^^^^^^^^^^^^^^^^^^^^^^^^^^^^^^^^^^^^^^
> 388 |
      | ^
> 389 |       {/* Approval Queue */}
      | ^^^^^^
  390 |       <section>
  391 |         <h2 className="text-sm font-semibold mb-3"
  392 |           style={{ color: "var(--muted)", borderBottom: "1px solid var(--card-border)", paddingBott...

Parsing ecmascript source code failed

Import trace:
  Server Component:
    ./app/admin/AdminDashboard.tsx
    ./app/admin/page.tsx @ http://localhost:3000/_next/static/chunks/node_modules_next_dist_0u_w_5s._.js:1945
[ 1698485ms] [ERROR] ./app/admin/AdminDashboard.tsx:387:17
Expected '</', got 'jsx text'
  385 |           );
  386 |         })()}
> 387 |       </section>
      |                 ^^^^^^^^^^^^^^^^^^^^^^^^^^^^^^^^^^^^^^^^^^^^^^^^^^^^^^^^^^^^^^^^^^^^^^^^^^^^^^^^^^^^^^
> 388 |
      | ^
> 389 |       {/* Approval Queue */}
      | ^^^^^^
  390 |       <section>
  391 |         <h2 className="text-sm font-semibold mb-3"
  392 |           style={{ color: "var(--muted)", borderBottom: "1px solid var(--card-border)", paddingBott...

Parsing ecmascript source code failed

Import trace:
  Server Component:
    ./app/admin/AdminDashboard.tsx
    ./app/admin/page.tsx @ http://localhost:3000/_next/static/chunks/node_modules_next_dist_0u_w_5s._.js:1945
[ 1698547ms] [ERROR] ./app/admin/AdminDashboard.tsx:387:17
Expected '</', got 'jsx text'
  385 |           );
  386 |         })()}
> 387 |       </section>
      |                 ^^^^^^^^^^^^^^^^^^^^^^^^^^^^^^^^^^^^^^^^^^^^^^^^^^^^^^^^^^^^^^^^^^^^^^^^^^^^^^^^^^^^^^
> 388 |
      | ^
> 389 |       {/* Approval Queue */}
      | ^^^^^^
  390 |       <section>
  391 |         <h2 className="text-sm font-semibold mb-3"
  392 |           style={{ color: "var(--muted)", borderBottom: "1px solid var(--card-border)", paddingBott...

Parsing ecmascript source code failed

Import trace:
  Server Component:
    ./app/admin/AdminDashboard.tsx
    ./app/admin/page.tsx @ http://localhost:3000/_next/static/chunks/node_modules_next_dist_0u_w_5s._.js:1945
[ 1698610ms] [ERROR] ./app/admin/AdminDashboard.tsx:387:17
Expected '</', got 'jsx text'
  385 |           );
  386 |         })()}
> 387 |       </section>
      |                 ^^^^^^^^^^^^^^^^^^^^^^^^^^^^^^^^^^^^^^^^^^^^^^^^^^^^^^^^^^^^^^^^^^^^^^^^^^^^^^^^^^^^^^
> 388 |
      | ^
> 389 |       {/* Approval Queue */}
      | ^^^^^^
  390 |       <section>
  391 |         <h2 className="text-sm font-semibold mb-3"
  392 |           style={{ color: "var(--muted)", borderBottom: "1px solid var(--card-border)", paddingBott...

Parsing ecmascript source code failed

Import trace:
  Server Component:
    ./app/admin/AdminDashboard.tsx
    ./app/admin/page.tsx @ http://localhost:3000/_next/static/chunks/node_modules_next_dist_0u_w_5s._.js:1945
[ 1698672ms] [ERROR] ./app/admin/AdminDashboard.tsx:387:17
Expected '</', got 'jsx text'
  385 |           );
  386 |         })()}
> 387 |       </section>
      |                 ^^^^^^^^^^^^^^^^^^^^^^^^^^^^^^^^^^^^^^^^^^^^^^^^^^^^^^^^^^^^^^^^^^^^^^^^^^^^^^^^^^^^^^
> 388 |
      | ^
> 389 |       {/* Approval Queue */}
      | ^^^^^^
  390 |       <section>
  391 |         <h2 className="text-sm font-semibold mb-3"
  392 |           style={{ color: "var(--muted)", borderBottom: "1px solid var(--card-border)", paddingBott...

Parsing ecmascript source code failed

Import trace:
  Server Component:
    ./app/admin/AdminDashboard.tsx
    ./app/admin/page.tsx @ http://localhost:3000/_next/static/chunks/node_modules_next_dist_0u_w_5s._.js:1945
[ 1698735ms] [ERROR] ./app/admin/AdminDashboard.tsx:387:17
Expected '</', got 'jsx text'
  385 |           );
  386 |         })()}
> 387 |       </section>
      |                 ^^^^^^^^^^^^^^^^^^^^^^^^^^^^^^^^^^^^^^^^^^^^^^^^^^^^^^^^^^^^^^^^^^^^^^^^^^^^^^^^^^^^^^
> 388 |
      | ^
> 389 |       {/* Approval Queue */}
      | ^^^^^^
  390 |       <section>
  391 |         <h2 className="text-sm font-semibold mb-3"
  392 |           style={{ color: "var(--muted)", borderBottom: "1px solid var(--card-border)", paddingBott...

Parsing ecmascript source code failed

Import trace:
  Server Component:
    ./app/admin/AdminDashboard.tsx
    ./app/admin/page.tsx @ http://localhost:3000/_next/static/chunks/node_modules_next_dist_0u_w_5s._.js:1945
[ 1698798ms] [ERROR] ./app/admin/AdminDashboard.tsx:387:17
Expected '</', got 'jsx text'
  385 |           );
  386 |         })()}
> 387 |       </section>
      |                 ^^^^^^^^^^^^^^^^^^^^^^^^^^^^^^^^^^^^^^^^^^^^^^^^^^^^^^^^^^^^^^^^^^^^^^^^^^^^^^^^^^^^^^
> 388 |
      | ^
> 389 |       {/* Approval Queue */}
      | ^^^^^^
  390 |       <section>
  391 |         <h2 className="text-sm font-semibold mb-3"
  392 |           style={{ color: "var(--muted)", borderBottom: "1px solid var(--card-border)", paddingBott...

Parsing ecmascript source code failed

Import trace:
  Server Component:
    ./app/admin/AdminDashboard.tsx
    ./app/admin/page.tsx @ http://localhost:3000/_next/static/chunks/node_modules_next_dist_0u_w_5s._.js:1945
[ 1698861ms] [ERROR] ./app/admin/AdminDashboard.tsx:387:17
Expected '</', got 'jsx text'
  385 |           );
  386 |         })()}
> 387 |       </section>
      |                 ^^^^^^^^^^^^^^^^^^^^^^^^^^^^^^^^^^^^^^^^^^^^^^^^^^^^^^^^^^^^^^^^^^^^^^^^^^^^^^^^^^^^^^
> 388 |
      | ^
> 389 |       {/* Approval Queue */}
      | ^^^^^^
  390 |       <section>
  391 |         <h2 className="text-sm font-semibold mb-3"
  392 |           style={{ color: "var(--muted)", borderBottom: "1px solid var(--card-border)", paddingBott...

Parsing ecmascript source code failed

Import trace:
  Server Component:
    ./app/admin/AdminDashboard.tsx
    ./app/admin/page.tsx @ http://localhost:3000/_next/static/chunks/node_modules_next_dist_0u_w_5s._.js:1945
[ 1698925ms] [ERROR] ./app/admin/AdminDashboard.tsx:387:17
Expected '</', got 'jsx text'
  385 |           );
  386 |         })()}
> 387 |       </section>
      |                 ^^^^^^^^^^^^^^^^^^^^^^^^^^^^^^^^^^^^^^^^^^^^^^^^^^^^^^^^^^^^^^^^^^^^^^^^^^^^^^^^^^^^^^
> 388 |
      | ^
> 389 |       {/* Approval Queue */}
      | ^^^^^^
  390 |       <section>
  391 |         <h2 className="text-sm font-semibold mb-3"
  392 |           style={{ color: "var(--muted)", borderBottom: "1px solid var(--card-border)", paddingBott...

Parsing ecmascript source code failed

Import trace:
  Server Component:
    ./app/admin/AdminDashboard.tsx
    ./app/admin/page.tsx @ http://localhost:3000/_next/static/chunks/node_modules_next_dist_0u_w_5s._.js:1945
[ 1698987ms] [ERROR] ./app/admin/AdminDashboard.tsx:387:17
Expected '</', got 'jsx text'
  385 |           );
  386 |         })()}
> 387 |       </section>
      |                 ^^^^^^^^^^^^^^^^^^^^^^^^^^^^^^^^^^^^^^^^^^^^^^^^^^^^^^^^^^^^^^^^^^^^^^^^^^^^^^^^^^^^^^
> 388 |
      | ^
> 389 |       {/* Approval Queue */}
      | ^^^^^^
  390 |       <section>
  391 |         <h2 className="text-sm font-semibold mb-3"
  392 |           style={{ color: "var(--muted)", borderBottom: "1px solid var(--card-border)", paddingBott...

Parsing ecmascript source code failed

Import trace:
  Server Component:
    ./app/admin/AdminDashboard.tsx
    ./app/admin/page.tsx @ http://localhost:3000/_next/static/chunks/node_modules_next_dist_0u_w_5s._.js:1945
[ 1699052ms] [ERROR] ./app/admin/AdminDashboard.tsx:387:17
Expected '</', got 'jsx text'
  385 |           );
  386 |         })()}
> 387 |       </section>
      |                 ^^^^^^^^^^^^^^^^^^^^^^^^^^^^^^^^^^^^^^^^^^^^^^^^^^^^^^^^^^^^^^^^^^^^^^^^^^^^^^^^^^^^^^
> 388 |
      | ^
> 389 |       {/* Approval Queue */}
      | ^^^^^^
  390 |       <section>
  391 |         <h2 className="text-sm font-semibold mb-3"
  392 |           style={{ color: "var(--muted)", borderBottom: "1px solid var(--card-border)", paddingBott...

Parsing ecmascript source code failed

Import trace:
  Server Component:
    ./app/admin/AdminDashboard.tsx
    ./app/admin/page.tsx @ http://localhost:3000/_next/static/chunks/node_modules_next_dist_0u_w_5s._.js:1945
[ 1699115ms] [ERROR] ./app/admin/AdminDashboard.tsx:387:17
Expected '</', got 'jsx text'
  385 |           );
  386 |         })()}
> 387 |       </section>
      |                 ^^^^^^^^^^^^^^^^^^^^^^^^^^^^^^^^^^^^^^^^^^^^^^^^^^^^^^^^^^^^^^^^^^^^^^^^^^^^^^^^^^^^^^
> 388 |
      | ^
> 389 |       {/* Approval Queue */}
      | ^^^^^^
  390 |       <section>
  391 |         <h2 className="text-sm font-semibold mb-3"
  392 |           style={{ color: "var(--muted)", borderBottom: "1px solid var(--card-border)", paddingBott...

Parsing ecmascript source code failed

Import trace:
  Server Component:
    ./app/admin/AdminDashboard.tsx
    ./app/admin/page.tsx @ http://localhost:3000/_next/static/chunks/node_modules_next_dist_0u_w_5s._.js:1945
[ 1699177ms] [ERROR] ./app/admin/AdminDashboard.tsx:387:17
Expected '</', got 'jsx text'
  385 |           );
  386 |         })()}
> 387 |       </section>
      |                 ^^^^^^^^^^^^^^^^^^^^^^^^^^^^^^^^^^^^^^^^^^^^^^^^^^^^^^^^^^^^^^^^^^^^^^^^^^^^^^^^^^^^^^
> 388 |
      | ^
> 389 |       {/* Approval Queue */}
      | ^^^^^^
  390 |       <section>
  391 |         <h2 className="text-sm font-semibold mb-3"
  392 |           style={{ color: "var(--muted)", borderBottom: "1px solid var(--card-border)", paddingBott...

Parsing ecmascript source code failed

Import trace:
  Server Component:
    ./app/admin/AdminDashboard.tsx
    ./app/admin/page.tsx @ http://localhost:3000/_next/static/chunks/node_modules_next_dist_0u_w_5s._.js:1945
[ 1699240ms] [ERROR] ./app/admin/AdminDashboard.tsx:387:17
Expected '</', got 'jsx text'
  385 |           );
  386 |         })()}
> 387 |       </section>
      |                 ^^^^^^^^^^^^^^^^^^^^^^^^^^^^^^^^^^^^^^^^^^^^^^^^^^^^^^^^^^^^^^^^^^^^^^^^^^^^^^^^^^^^^^
> 388 |
      | ^
> 389 |       {/* Approval Queue */}
      | ^^^^^^
  390 |       <section>
  391 |         <h2 className="text-sm font-semibold mb-3"
  392 |           style={{ color: "var(--muted)", borderBottom: "1px solid var(--card-border)", paddingBott...

Parsing ecmascript source code failed

Import trace:
  Server Component:
    ./app/admin/AdminDashboard.tsx
    ./app/admin/page.tsx @ http://localhost:3000/_next/static/chunks/node_modules_next_dist_0u_w_5s._.js:1945
[ 1699301ms] [ERROR] ./app/admin/AdminDashboard.tsx:387:17
Expected '</', got 'jsx text'
  385 |           );
  386 |         })()}
> 387 |       </section>
      |                 ^^^^^^^^^^^^^^^^^^^^^^^^^^^^^^^^^^^^^^^^^^^^^^^^^^^^^^^^^^^^^^^^^^^^^^^^^^^^^^^^^^^^^^
> 388 |
      | ^
> 389 |       {/* Approval Queue */}
      | ^^^^^^
  390 |       <section>
  391 |         <h2 className="text-sm font-semibold mb-3"
  392 |           style={{ color: "var(--muted)", borderBottom: "1px solid var(--card-border)", paddingBott...

Parsing ecmascript source code failed

Import trace:
  Server Component:
    ./app/admin/AdminDashboard.tsx
    ./app/admin/page.tsx @ http://localhost:3000/_next/static/chunks/node_modules_next_dist_0u_w_5s._.js:1945
[ 1699366ms] [ERROR] ./app/admin/AdminDashboard.tsx:387:17
Expected '</', got 'jsx text'
  385 |           );
  386 |         })()}
> 387 |       </section>
      |                 ^^^^^^^^^^^^^^^^^^^^^^^^^^^^^^^^^^^^^^^^^^^^^^^^^^^^^^^^^^^^^^^^^^^^^^^^^^^^^^^^^^^^^^
> 388 |
      | ^
> 389 |       {/* Approval Queue */}
      | ^^^^^^
  390 |       <section>
  391 |         <h2 className="text-sm font-semibold mb-3"
  392 |           style={{ color: "var(--muted)", borderBottom: "1px solid var(--card-border)", paddingBott...

Parsing ecmascript source code failed

Import trace:
  Server Component:
    ./app/admin/AdminDashboard.tsx
    ./app/admin/page.tsx @ http://localhost:3000/_next/static/chunks/node_modules_next_dist_0u_w_5s._.js:1945
[ 1699432ms] [ERROR] ./app/admin/AdminDashboard.tsx:387:17
Expected '</', got 'jsx text'
  385 |           );
  386 |         })()}
> 387 |       </section>
      |                 ^^^^^^^^^^^^^^^^^^^^^^^^^^^^^^^^^^^^^^^^^^^^^^^^^^^^^^^^^^^^^^^^^^^^^^^^^^^^^^^^^^^^^^
> 388 |
      | ^
> 389 |       {/* Approval Queue */}
      | ^^^^^^
  390 |       <section>
  391 |         <h2 className="text-sm font-semibold mb-3"
  392 |           style={{ color: "var(--muted)", borderBottom: "1px solid var(--card-border)", paddingBott...

Parsing ecmascript source code failed

Import trace:
  Server Component:
    ./app/admin/AdminDashboard.tsx
    ./app/admin/page.tsx @ http://localhost:3000/_next/static/chunks/node_modules_next_dist_0u_w_5s._.js:1945
[ 1699495ms] [ERROR] ./app/admin/AdminDashboard.tsx:387:17
Expected '</', got 'jsx text'
  385 |           );
  386 |         })()}
> 387 |       </section>
      |                 ^^^^^^^^^^^^^^^^^^^^^^^^^^^^^^^^^^^^^^^^^^^^^^^^^^^^^^^^^^^^^^^^^^^^^^^^^^^^^^^^^^^^^^
> 388 |
      | ^
> 389 |       {/* Approval Queue */}
      | ^^^^^^
  390 |       <section>
  391 |         <h2 className="text-sm font-semibold mb-3"
  392 |           style={{ color: "var(--muted)", borderBottom: "1px solid var(--card-border)", paddingBott...

Parsing ecmascript source code failed

Import trace:
  Server Component:
    ./app/admin/AdminDashboard.tsx
    ./app/admin/page.tsx @ http://localhost:3000/_next/static/chunks/node_modules_next_dist_0u_w_5s._.js:1945
[ 1699558ms] [ERROR] ./app/admin/AdminDashboard.tsx:387:17
Expected '</', got 'jsx text'
  385 |           );
  386 |         })()}
> 387 |       </section>
      |                 ^^^^^^^^^^^^^^^^^^^^^^^^^^^^^^^^^^^^^^^^^^^^^^^^^^^^^^^^^^^^^^^^^^^^^^^^^^^^^^^^^^^^^^
> 388 |
      | ^
> 389 |       {/* Approval Queue */}
      | ^^^^^^
  390 |       <section>
  391 |         <h2 className="text-sm font-semibold mb-3"
  392 |           style={{ color: "var(--muted)", borderBottom: "1px solid var(--card-border)", paddingBott...

Parsing ecmascript source code failed

Import trace:
  Server Component:
    ./app/admin/AdminDashboard.tsx
    ./app/admin/page.tsx @ http://localhost:3000/_next/static/chunks/node_modules_next_dist_0u_w_5s._.js:1945
[ 1699619ms] [ERROR] ./app/admin/AdminDashboard.tsx:387:17
Expected '</', got 'jsx text'
  385 |           );
  386 |         })()}
> 387 |       </section>
      |                 ^^^^^^^^^^^^^^^^^^^^^^^^^^^^^^^^^^^^^^^^^^^^^^^^^^^^^^^^^^^^^^^^^^^^^^^^^^^^^^^^^^^^^^
> 388 |
      | ^
> 389 |       {/* Approval Queue */}
      | ^^^^^^
  390 |       <section>
  391 |         <h2 className="text-sm font-semibold mb-3"
  392 |           style={{ color: "var(--muted)", borderBottom: "1px solid var(--card-border)", paddingBott...

Parsing ecmascript source code failed

Import trace:
  Server Component:
    ./app/admin/AdminDashboard.tsx
    ./app/admin/page.tsx @ http://localhost:3000/_next/static/chunks/node_modules_next_dist_0u_w_5s._.js:1945
[ 1699684ms] [ERROR] ./app/admin/AdminDashboard.tsx:387:17
Expected '</', got 'jsx text'
  385 |           );
  386 |         })()}
> 387 |       </section>
      |                 ^^^^^^^^^^^^^^^^^^^^^^^^^^^^^^^^^^^^^^^^^^^^^^^^^^^^^^^^^^^^^^^^^^^^^^^^^^^^^^^^^^^^^^
> 388 |
      | ^
> 389 |       {/* Approval Queue */}
      | ^^^^^^
  390 |       <section>
  391 |         <h2 className="text-sm font-semibold mb-3"
  392 |           style={{ color: "var(--muted)", borderBottom: "1px solid var(--card-border)", paddingBott...

Parsing ecmascript source code failed

Import trace:
  Server Component:
    ./app/admin/AdminDashboard.tsx
    ./app/admin/page.tsx @ http://localhost:3000/_next/static/chunks/node_modules_next_dist_0u_w_5s._.js:1945
[ 1699748ms] [ERROR] ./app/admin/AdminDashboard.tsx:387:17
Expected '</', got 'jsx text'
  385 |           );
  386 |         })()}
> 387 |       </section>
      |                 ^^^^^^^^^^^^^^^^^^^^^^^^^^^^^^^^^^^^^^^^^^^^^^^^^^^^^^^^^^^^^^^^^^^^^^^^^^^^^^^^^^^^^^
> 388 |
      | ^
> 389 |       {/* Approval Queue */}
      | ^^^^^^
  390 |       <section>
  391 |         <h2 className="text-sm font-semibold mb-3"
  392 |           style={{ color: "var(--muted)", borderBottom: "1px solid var(--card-border)", paddingBott...

Parsing ecmascript source code failed

Import trace:
  Server Component:
    ./app/admin/AdminDashboard.tsx
    ./app/admin/page.tsx @ http://localhost:3000/_next/static/chunks/node_modules_next_dist_0u_w_5s._.js:1945
[ 1699812ms] [ERROR] ./app/admin/AdminDashboard.tsx:387:17
Expected '</', got 'jsx text'
  385 |           );
  386 |         })()}
> 387 |       </section>
      |                 ^^^^^^^^^^^^^^^^^^^^^^^^^^^^^^^^^^^^^^^^^^^^^^^^^^^^^^^^^^^^^^^^^^^^^^^^^^^^^^^^^^^^^^
> 388 |
      | ^
> 389 |       {/* Approval Queue */}
      | ^^^^^^
  390 |       <section>
  391 |         <h2 className="text-sm font-semibold mb-3"
  392 |           style={{ color: "var(--muted)", borderBottom: "1px solid var(--card-border)", paddingBott...

Parsing ecmascript source code failed

Import trace:
  Server Component:
    ./app/admin/AdminDashboard.tsx
    ./app/admin/page.tsx @ http://localhost:3000/_next/static/chunks/node_modules_next_dist_0u_w_5s._.js:1945
[ 1699876ms] [ERROR] ./app/admin/AdminDashboard.tsx:387:17
Expected '</', got 'jsx text'
  385 |           );
  386 |         })()}
> 387 |       </section>
      |                 ^^^^^^^^^^^^^^^^^^^^^^^^^^^^^^^^^^^^^^^^^^^^^^^^^^^^^^^^^^^^^^^^^^^^^^^^^^^^^^^^^^^^^^
> 388 |
      | ^
> 389 |       {/* Approval Queue */}
      | ^^^^^^
  390 |       <section>
  391 |         <h2 className="text-sm font-semibold mb-3"
  392 |           style={{ color: "var(--muted)", borderBottom: "1px solid var(--card-border)", paddingBott...

Parsing ecmascript source code failed

Import trace:
  Server Component:
    ./app/admin/AdminDashboard.tsx
    ./app/admin/page.tsx @ http://localhost:3000/_next/static/chunks/node_modules_next_dist_0u_w_5s._.js:1945
[ 1699940ms] [ERROR] ./app/admin/AdminDashboard.tsx:387:17
Expected '</', got 'jsx text'
  385 |           );
  386 |         })()}
> 387 |       </section>
      |                 ^^^^^^^^^^^^^^^^^^^^^^^^^^^^^^^^^^^^^^^^^^^^^^^^^^^^^^^^^^^^^^^^^^^^^^^^^^^^^^^^^^^^^^
> 388 |
      | ^
> 389 |       {/* Approval Queue */}
      | ^^^^^^
  390 |       <section>
  391 |         <h2 className="text-sm font-semibold mb-3"
  392 |           style={{ color: "var(--muted)", borderBottom: "1px solid var(--card-border)", paddingBott...

Parsing ecmascript source code failed

Import trace:
  Server Component:
    ./app/admin/AdminDashboard.tsx
    ./app/admin/page.tsx @ http://localhost:3000/_next/static/chunks/node_modules_next_dist_0u_w_5s._.js:1945
[ 1700003ms] [ERROR] ./app/admin/AdminDashboard.tsx:387:17
Expected '</', got 'jsx text'
  385 |           );
  386 |         })()}
> 387 |       </section>
      |                 ^^^^^^^^^^^^^^^^^^^^^^^^^^^^^^^^^^^^^^^^^^^^^^^^^^^^^^^^^^^^^^^^^^^^^^^^^^^^^^^^^^^^^^
> 388 |
      | ^
> 389 |       {/* Approval Queue */}
      | ^^^^^^
  390 |       <section>
  391 |         <h2 className="text-sm font-semibold mb-3"
  392 |           style={{ color: "var(--muted)", borderBottom: "1px solid var(--card-border)", paddingBott...

Parsing ecmascript source code failed

Import trace:
  Server Component:
    ./app/admin/AdminDashboard.tsx
    ./app/admin/page.tsx @ http://localhost:3000/_next/static/chunks/node_modules_next_dist_0u_w_5s._.js:1945
[ 1700066ms] [ERROR] ./app/admin/AdminDashboard.tsx:387:17
Expected '</', got 'jsx text'
  385 |           );
  386 |         })()}
> 387 |       </section>
      |                 ^^^^^^^^^^^^^^^^^^^^^^^^^^^^^^^^^^^^^^^^^^^^^^^^^^^^^^^^^^^^^^^^^^^^^^^^^^^^^^^^^^^^^^
> 388 |
      | ^
> 389 |       {/* Approval Queue */}
      | ^^^^^^
  390 |       <section>
  391 |         <h2 className="text-sm font-semibold mb-3"
  392 |           style={{ color: "var(--muted)", borderBottom: "1px solid var(--card-border)", paddingBott...

Parsing ecmascript source code failed

Import trace:
  Server Component:
    ./app/admin/AdminDashboard.tsx
    ./app/admin/page.tsx @ http://localhost:3000/_next/static/chunks/node_modules_next_dist_0u_w_5s._.js:1945
[ 1700129ms] [ERROR] ./app/admin/AdminDashboard.tsx:387:17
Expected '</', got 'jsx text'
  385 |           );
  386 |         })()}
> 387 |       </section>
      |                 ^^^^^^^^^^^^^^^^^^^^^^^^^^^^^^^^^^^^^^^^^^^^^^^^^^^^^^^^^^^^^^^^^^^^^^^^^^^^^^^^^^^^^^
> 388 |
      | ^
> 389 |       {/* Approval Queue */}
      | ^^^^^^
  390 |       <section>
  391 |         <h2 className="text-sm font-semibold mb-3"
  392 |           style={{ color: "var(--muted)", borderBottom: "1px solid var(--card-border)", paddingBott...

Parsing ecmascript source code failed

Import trace:
  Server Component:
    ./app/admin/AdminDashboard.tsx
    ./app/admin/page.tsx @ http://localhost:3000/_next/static/chunks/node_modules_next_dist_0u_w_5s._.js:1945
[ 1700193ms] [ERROR] ./app/admin/AdminDashboard.tsx:387:17
Expected '</', got 'jsx text'
  385 |           );
  386 |         })()}
> 387 |       </section>
      |                 ^^^^^^^^^^^^^^^^^^^^^^^^^^^^^^^^^^^^^^^^^^^^^^^^^^^^^^^^^^^^^^^^^^^^^^^^^^^^^^^^^^^^^^
> 388 |
      | ^
> 389 |       {/* Approval Queue */}
      | ^^^^^^
  390 |       <section>
  391 |         <h2 className="text-sm font-semibold mb-3"
  392 |           style={{ color: "var(--muted)", borderBottom: "1px solid var(--card-border)", paddingBott...

Parsing ecmascript source code failed

Import trace:
  Server Component:
    ./app/admin/AdminDashboard.tsx
    ./app/admin/page.tsx @ http://localhost:3000/_next/static/chunks/node_modules_next_dist_0u_w_5s._.js:1945
[ 1700258ms] [ERROR] ./app/admin/AdminDashboard.tsx:387:17
Expected '</', got 'jsx text'
  385 |           );
  386 |         })()}
> 387 |       </section>
      |                 ^^^^^^^^^^^^^^^^^^^^^^^^^^^^^^^^^^^^^^^^^^^^^^^^^^^^^^^^^^^^^^^^^^^^^^^^^^^^^^^^^^^^^^
> 388 |
      | ^
> 389 |       {/* Approval Queue */}
      | ^^^^^^
  390 |       <section>
  391 |         <h2 className="text-sm font-semibold mb-3"
  392 |           style={{ color: "var(--muted)", borderBottom: "1px solid var(--card-border)", paddingBott...

Parsing ecmascript source code failed

Import trace:
  Server Component:
    ./app/admin/AdminDashboard.tsx
    ./app/admin/page.tsx @ http://localhost:3000/_next/static/chunks/node_modules_next_dist_0u_w_5s._.js:1945
[ 1700324ms] [ERROR] ./app/admin/AdminDashboard.tsx:387:17
Expected '</', got 'jsx text'
  385 |           );
  386 |         })()}
> 387 |       </section>
      |                 ^^^^^^^^^^^^^^^^^^^^^^^^^^^^^^^^^^^^^^^^^^^^^^^^^^^^^^^^^^^^^^^^^^^^^^^^^^^^^^^^^^^^^^
> 388 |
      | ^
> 389 |       {/* Approval Queue */}
      | ^^^^^^
  390 |       <section>
  391 |         <h2 className="text-sm font-semibold mb-3"
  392 |           style={{ color: "var(--muted)", borderBottom: "1px solid var(--card-border)", paddingBott...

Parsing ecmascript source code failed

Import trace:
  Server Component:
    ./app/admin/AdminDashboard.tsx
    ./app/admin/page.tsx @ http://localhost:3000/_next/static/chunks/node_modules_next_dist_0u_w_5s._.js:1945
[ 1700402ms] [ERROR] ./app/admin/AdminDashboard.tsx:387:17
Expected '</', got 'jsx text'
  385 |           );
  386 |         })()}
> 387 |       </section>
      |                 ^^^^^^^^^^^^^^^^^^^^^^^^^^^^^^^^^^^^^^^^^^^^^^^^^^^^^^^^^^^^^^^^^^^^^^^^^^^^^^^^^^^^^^
> 388 |
      | ^
> 389 |       {/* Approval Queue */}
      | ^^^^^^
  390 |       <section>
  391 |         <h2 className="text-sm font-semibold mb-3"
  392 |           style={{ color: "var(--muted)", borderBottom: "1px solid var(--card-border)", paddingBott...

Parsing ecmascript source code failed

Import trace:
  Server Component:
    ./app/admin/AdminDashboard.tsx
    ./app/admin/page.tsx @ http://localhost:3000/_next/static/chunks/node_modules_next_dist_0u_w_5s._.js:1945
[ 1700464ms] [ERROR] ./app/admin/AdminDashboard.tsx:387:17
Expected '</', got 'jsx text'
  385 |           );
  386 |         })()}
> 387 |       </section>
      |                 ^^^^^^^^^^^^^^^^^^^^^^^^^^^^^^^^^^^^^^^^^^^^^^^^^^^^^^^^^^^^^^^^^^^^^^^^^^^^^^^^^^^^^^
> 388 |
      | ^
> 389 |       {/* Approval Queue */}
      | ^^^^^^
  390 |       <section>
  391 |         <h2 className="text-sm font-semibold mb-3"
  392 |           style={{ color: "var(--muted)", borderBottom: "1px solid var(--card-border)", paddingBott...

Parsing ecmascript source code failed

Import trace:
  Server Component:
    ./app/admin/AdminDashboard.tsx
    ./app/admin/page.tsx @ http://localhost:3000/_next/static/chunks/node_modules_next_dist_0u_w_5s._.js:1945
[ 1700528ms] [ERROR] ./app/admin/AdminDashboard.tsx:387:17
Expected '</', got 'jsx text'
  385 |           );
  386 |         })()}
> 387 |       </section>
      |                 ^^^^^^^^^^^^^^^^^^^^^^^^^^^^^^^^^^^^^^^^^^^^^^^^^^^^^^^^^^^^^^^^^^^^^^^^^^^^^^^^^^^^^^
> 388 |
      | ^
> 389 |       {/* Approval Queue */}
      | ^^^^^^
  390 |       <section>
  391 |         <h2 className="text-sm font-semibold mb-3"
  392 |           style={{ color: "var(--muted)", borderBottom: "1px solid var(--card-border)", paddingBott...

Parsing ecmascript source code failed

Import trace:
  Server Component:
    ./app/admin/AdminDashboard.tsx
    ./app/admin/page.tsx @ http://localhost:3000/_next/static/chunks/node_modules_next_dist_0u_w_5s._.js:1945
[ 1700606ms] [ERROR] ./app/admin/AdminDashboard.tsx:387:17
Expected '</', got 'jsx text'
  385 |           );
  386 |         })()}
> 387 |       </section>
      |                 ^^^^^^^^^^^^^^^^^^^^^^^^^^^^^^^^^^^^^^^^^^^^^^^^^^^^^^^^^^^^^^^^^^^^^^^^^^^^^^^^^^^^^^
> 388 |
      | ^
> 389 |       {/* Approval Queue */}
      | ^^^^^^
  390 |       <section>
  391 |         <h2 className="text-sm font-semibold mb-3"
  392 |           style={{ color: "var(--muted)", borderBottom: "1px solid var(--card-border)", paddingBott...

Parsing ecmascript source code failed

Import trace:
  Server Component:
    ./app/admin/AdminDashboard.tsx
    ./app/admin/page.tsx @ http://localhost:3000/_next/static/chunks/node_modules_next_dist_0u_w_5s._.js:1945
[ 1700685ms] [ERROR] ./app/admin/AdminDashboard.tsx:387:17
Expected '</', got 'jsx text'
  385 |           );
  386 |         })()}
> 387 |       </section>
      |                 ^^^^^^^^^^^^^^^^^^^^^^^^^^^^^^^^^^^^^^^^^^^^^^^^^^^^^^^^^^^^^^^^^^^^^^^^^^^^^^^^^^^^^^
> 388 |
      | ^
> 389 |       {/* Approval Queue */}
      | ^^^^^^
  390 |       <section>
  391 |         <h2 className="text-sm font-semibold mb-3"
  392 |           style={{ color: "var(--muted)", borderBottom: "1px solid var(--card-border)", paddingBott...

Parsing ecmascript source code failed

Import trace:
  Server Component:
    ./app/admin/AdminDashboard.tsx
    ./app/admin/page.tsx @ http://localhost:3000/_next/static/chunks/node_modules_next_dist_0u_w_5s._.js:1945
[ 1700762ms] [ERROR] ./app/admin/AdminDashboard.tsx:387:17
Expected '</', got 'jsx text'
  385 |           );
  386 |         })()}
> 387 |       </section>
      |                 ^^^^^^^^^^^^^^^^^^^^^^^^^^^^^^^^^^^^^^^^^^^^^^^^^^^^^^^^^^^^^^^^^^^^^^^^^^^^^^^^^^^^^^
> 388 |
      | ^
> 389 |       {/* Approval Queue */}
      | ^^^^^^
  390 |       <section>
  391 |         <h2 className="text-sm font-semibold mb-3"
  392 |           style={{ color: "var(--muted)", borderBottom: "1px solid var(--card-border)", paddingBott...

Parsing ecmascript source code failed

Import trace:
  Server Component:
    ./app/admin/AdminDashboard.tsx
    ./app/admin/page.tsx @ http://localhost:3000/_next/static/chunks/node_modules_next_dist_0u_w_5s._.js:1945
[ 1700842ms] [ERROR] ./app/admin/AdminDashboard.tsx:387:17
Expected '</', got 'jsx text'
  385 |           );
  386 |         })()}
> 387 |       </section>
      |                 ^^^^^^^^^^^^^^^^^^^^^^^^^^^^^^^^^^^^^^^^^^^^^^^^^^^^^^^^^^^^^^^^^^^^^^^^^^^^^^^^^^^^^^
> 388 |
      | ^
> 389 |       {/* Approval Queue */}
      | ^^^^^^
  390 |       <section>
  391 |         <h2 className="text-sm font-semibold mb-3"
  392 |           style={{ color: "var(--muted)", borderBottom: "1px solid var(--card-border)", paddingBott...

Parsing ecmascript source code failed

Import trace:
  Server Component:
    ./app/admin/AdminDashboard.tsx
    ./app/admin/page.tsx @ http://localhost:3000/_next/static/chunks/node_modules_next_dist_0u_w_5s._.js:1945
[ 1700919ms] [ERROR] ./app/admin/AdminDashboard.tsx:387:17
Expected '</', got 'jsx text'
  385 |           );
  386 |         })()}
> 387 |       </section>
      |                 ^^^^^^^^^^^^^^^^^^^^^^^^^^^^^^^^^^^^^^^^^^^^^^^^^^^^^^^^^^^^^^^^^^^^^^^^^^^^^^^^^^^^^^
> 388 |
      | ^
> 389 |       {/* Approval Queue */}
      | ^^^^^^
  390 |       <section>
  391 |         <h2 className="text-sm font-semibold mb-3"
  392 |           style={{ color: "var(--muted)", borderBottom: "1px solid var(--card-border)", paddingBott...

Parsing ecmascript source code failed

Import trace:
  Server Component:
    ./app/admin/AdminDashboard.tsx
    ./app/admin/page.tsx @ http://localhost:3000/_next/static/chunks/node_modules_next_dist_0u_w_5s._.js:1945
[ 1700982ms] [ERROR] ./app/admin/AdminDashboard.tsx:387:17
Expected '</', got 'jsx text'
  385 |           );
  386 |         })()}
> 387 |       </section>
      |                 ^^^^^^^^^^^^^^^^^^^^^^^^^^^^^^^^^^^^^^^^^^^^^^^^^^^^^^^^^^^^^^^^^^^^^^^^^^^^^^^^^^^^^^
> 388 |
      | ^
> 389 |       {/* Approval Queue */}
      | ^^^^^^
  390 |       <section>
  391 |         <h2 className="text-sm font-semibold mb-3"
  392 |           style={{ color: "var(--muted)", borderBottom: "1px solid var(--card-border)", paddingBott...

Parsing ecmascript source code failed

Import trace:
  Server Component:
    ./app/admin/AdminDashboard.tsx
    ./app/admin/page.tsx @ http://localhost:3000/_next/static/chunks/node_modules_next_dist_0u_w_5s._.js:1945
[ 1701063ms] [ERROR] ./app/admin/AdminDashboard.tsx:387:17
Expected '</', got 'jsx text'
  385 |           );
  386 |         })()}
> 387 |       </section>
      |                 ^^^^^^^^^^^^^^^^^^^^^^^^^^^^^^^^^^^^^^^^^^^^^^^^^^^^^^^^^^^^^^^^^^^^^^^^^^^^^^^^^^^^^^
> 388 |
      | ^
> 389 |       {/* Approval Queue */}
      | ^^^^^^
  390 |       <section>
  391 |         <h2 className="text-sm font-semibold mb-3"
  392 |           style={{ color: "var(--muted)", borderBottom: "1px solid var(--card-border)", paddingBott...

Parsing ecmascript source code failed

Import trace:
  Server Component:
    ./app/admin/AdminDashboard.tsx
    ./app/admin/page.tsx @ http://localhost:3000/_next/static/chunks/node_modules_next_dist_0u_w_5s._.js:1945
[ 1701141ms] [ERROR] ./app/admin/AdminDashboard.tsx:387:17
Expected '</', got 'jsx text'
  385 |           );
  386 |         })()}
> 387 |       </section>
      |                 ^^^^^^^^^^^^^^^^^^^^^^^^^^^^^^^^^^^^^^^^^^^^^^^^^^^^^^^^^^^^^^^^^^^^^^^^^^^^^^^^^^^^^^
> 388 |
      | ^
> 389 |       {/* Approval Queue */}
      | ^^^^^^
  390 |       <section>
  391 |         <h2 className="text-sm font-semibold mb-3"
  392 |           style={{ color: "var(--muted)", borderBottom: "1px solid var(--card-border)", paddingBott...

Parsing ecmascript source code failed

Import trace:
  Server Component:
    ./app/admin/AdminDashboard.tsx
    ./app/admin/page.tsx @ http://localhost:3000/_next/static/chunks/node_modules_next_dist_0u_w_5s._.js:1945
[ 1701217ms] [ERROR] ./app/admin/AdminDashboard.tsx:387:17
Expected '</', got 'jsx text'
  385 |           );
  386 |         })()}
> 387 |       </section>
      |                 ^^^^^^^^^^^^^^^^^^^^^^^^^^^^^^^^^^^^^^^^^^^^^^^^^^^^^^^^^^^^^^^^^^^^^^^^^^^^^^^^^^^^^^
> 388 |
      | ^
> 389 |       {/* Approval Queue */}
      | ^^^^^^
  390 |       <section>
  391 |         <h2 className="text-sm font-semibold mb-3"
  392 |           style={{ color: "var(--muted)", borderBottom: "1px solid var(--card-border)", paddingBott...

Parsing ecmascript source code failed

Import trace:
  Server Component:
    ./app/admin/AdminDashboard.tsx
    ./app/admin/page.tsx @ http://localhost:3000/_next/static/chunks/node_modules_next_dist_0u_w_5s._.js:1945
[ 1701286ms] [ERROR] ./app/admin/AdminDashboard.tsx:387:17
Expected '</', got 'jsx text'
  385 |           );
  386 |         })()}
> 387 |       </section>
      |                 ^^^^^^^^^^^^^^^^^^^^^^^^^^^^^^^^^^^^^^^^^^^^^^^^^^^^^^^^^^^^^^^^^^^^^^^^^^^^^^^^^^^^^^
> 388 |
      | ^
> 389 |       {/* Approval Queue */}
      | ^^^^^^
  390 |       <section>
  391 |         <h2 className="text-sm font-semibold mb-3"
  392 |           style={{ color: "var(--muted)", borderBottom: "1px solid var(--card-border)", paddingBott...

Parsing ecmascript source code failed

Import trace:
  Server Component:
    ./app/admin/AdminDashboard.tsx
    ./app/admin/page.tsx @ http://localhost:3000/_next/static/chunks/node_modules_next_dist_0u_w_5s._.js:1945
[ 1701347ms] [ERROR] ./app/admin/AdminDashboard.tsx:387:17
Expected '</', got 'jsx text'
  385 |           );
  386 |         })()}
> 387 |       </section>
      |                 ^^^^^^^^^^^^^^^^^^^^^^^^^^^^^^^^^^^^^^^^^^^^^^^^^^^^^^^^^^^^^^^^^^^^^^^^^^^^^^^^^^^^^^
> 388 |
      | ^
> 389 |       {/* Approval Queue */}
      | ^^^^^^
  390 |       <section>
  391 |         <h2 className="text-sm font-semibold mb-3"
  392 |           style={{ color: "var(--muted)", borderBottom: "1px solid var(--card-border)", paddingBott...

Parsing ecmascript source code failed

Import trace:
  Server Component:
    ./app/admin/AdminDashboard.tsx
    ./app/admin/page.tsx @ http://localhost:3000/_next/static/chunks/node_modules_next_dist_0u_w_5s._.js:1945
[ 1701411ms] [ERROR] ./app/admin/AdminDashboard.tsx:387:17
Expected '</', got 'jsx text'
  385 |           );
  386 |         })()}
> 387 |       </section>
      |                 ^^^^^^^^^^^^^^^^^^^^^^^^^^^^^^^^^^^^^^^^^^^^^^^^^^^^^^^^^^^^^^^^^^^^^^^^^^^^^^^^^^^^^^
> 388 |
      | ^
> 389 |       {/* Approval Queue */}
      | ^^^^^^
  390 |       <section>
  391 |         <h2 className="text-sm font-semibold mb-3"
  392 |           style={{ color: "var(--muted)", borderBottom: "1px solid var(--card-border)", paddingBott...

Parsing ecmascript source code failed

Import trace:
  Server Component:
    ./app/admin/AdminDashboard.tsx
    ./app/admin/page.tsx @ http://localhost:3000/_next/static/chunks/node_modules_next_dist_0u_w_5s._.js:1945
[ 1701475ms] [ERROR] ./app/admin/AdminDashboard.tsx:387:17
Expected '</', got 'jsx text'
  385 |           );
  386 |         })()}
> 387 |       </section>
      |                 ^^^^^^^^^^^^^^^^^^^^^^^^^^^^^^^^^^^^^^^^^^^^^^^^^^^^^^^^^^^^^^^^^^^^^^^^^^^^^^^^^^^^^^
> 388 |
      | ^
> 389 |       {/* Approval Queue */}
      | ^^^^^^
  390 |       <section>
  391 |         <h2 className="text-sm font-semibold mb-3"
  392 |           style={{ color: "var(--muted)", borderBottom: "1px solid var(--card-border)", paddingBott...

Parsing ecmascript source code failed

Import trace:
  Server Component:
    ./app/admin/AdminDashboard.tsx
    ./app/admin/page.tsx @ http://localhost:3000/_next/static/chunks/node_modules_next_dist_0u_w_5s._.js:1945
[ 1701538ms] [ERROR] ./app/admin/AdminDashboard.tsx:387:17
Expected '</', got 'jsx text'
  385 |           );
  386 |         })()}
> 387 |       </section>
      |                 ^^^^^^^^^^^^^^^^^^^^^^^^^^^^^^^^^^^^^^^^^^^^^^^^^^^^^^^^^^^^^^^^^^^^^^^^^^^^^^^^^^^^^^
> 388 |
      | ^
> 389 |       {/* Approval Queue */}
      | ^^^^^^
  390 |       <section>
  391 |         <h2 className="text-sm font-semibold mb-3"
  392 |           style={{ color: "var(--muted)", borderBottom: "1px solid var(--card-border)", paddingBott...

Parsing ecmascript source code failed

Import trace:
  Server Component:
    ./app/admin/AdminDashboard.tsx
    ./app/admin/page.tsx @ http://localhost:3000/_next/static/chunks/node_modules_next_dist_0u_w_5s._.js:1945
[ 1701602ms] [ERROR] ./app/admin/AdminDashboard.tsx:387:17
Expected '</', got 'jsx text'
  385 |           );
  386 |         })()}
> 387 |       </section>
      |                 ^^^^^^^^^^^^^^^^^^^^^^^^^^^^^^^^^^^^^^^^^^^^^^^^^^^^^^^^^^^^^^^^^^^^^^^^^^^^^^^^^^^^^^
> 388 |
      | ^
> 389 |       {/* Approval Queue */}
      | ^^^^^^
  390 |       <section>
  391 |         <h2 className="text-sm font-semibold mb-3"
  392 |           style={{ color: "var(--muted)", borderBottom: "1px solid var(--card-border)", paddingBott...

Parsing ecmascript source code failed

Import trace:
  Server Component:
    ./app/admin/AdminDashboard.tsx
    ./app/admin/page.tsx @ http://localhost:3000/_next/static/chunks/node_modules_next_dist_0u_w_5s._.js:1945
[ 1701663ms] [ERROR] ./app/admin/AdminDashboard.tsx:387:17
Expected '</', got 'jsx text'
  385 |           );
  386 |         })()}
> 387 |       </section>
      |                 ^^^^^^^^^^^^^^^^^^^^^^^^^^^^^^^^^^^^^^^^^^^^^^^^^^^^^^^^^^^^^^^^^^^^^^^^^^^^^^^^^^^^^^
> 388 |
      | ^
> 389 |       {/* Approval Queue */}
      | ^^^^^^
  390 |       <section>
  391 |         <h2 className="text-sm font-semibold mb-3"
  392 |           style={{ color: "var(--muted)", borderBottom: "1px solid var(--card-border)", paddingBott...

Parsing ecmascript source code failed

Import trace:
  Server Component:
    ./app/admin/AdminDashboard.tsx
    ./app/admin/page.tsx @ http://localhost:3000/_next/static/chunks/node_modules_next_dist_0u_w_5s._.js:1945
[ 1701728ms] [ERROR] ./app/admin/AdminDashboard.tsx:387:17
Expected '</', got 'jsx text'
  385 |           );
  386 |         })()}
> 387 |       </section>
      |                 ^^^^^^^^^^^^^^^^^^^^^^^^^^^^^^^^^^^^^^^^^^^^^^^^^^^^^^^^^^^^^^^^^^^^^^^^^^^^^^^^^^^^^^
> 388 |
      | ^
> 389 |       {/* Approval Queue */}
      | ^^^^^^
  390 |       <section>
  391 |         <h2 className="text-sm font-semibold mb-3"
  392 |           style={{ color: "var(--muted)", borderBottom: "1px solid var(--card-border)", paddingBott...

Parsing ecmascript source code failed

Import trace:
  Server Component:
    ./app/admin/AdminDashboard.tsx
    ./app/admin/page.tsx @ http://localhost:3000/_next/static/chunks/node_modules_next_dist_0u_w_5s._.js:1945
[ 1701806ms] [ERROR] ./app/admin/AdminDashboard.tsx:387:17
Expected '</', got 'jsx text'
  385 |           );
  386 |         })()}
> 387 |       </section>
      |                 ^^^^^^^^^^^^^^^^^^^^^^^^^^^^^^^^^^^^^^^^^^^^^^^^^^^^^^^^^^^^^^^^^^^^^^^^^^^^^^^^^^^^^^
> 388 |
      | ^
> 389 |       {/* Approval Queue */}
      | ^^^^^^
  390 |       <section>
  391 |         <h2 className="text-sm font-semibold mb-3"
  392 |           style={{ color: "var(--muted)", borderBottom: "1px solid var(--card-border)", paddingBott...

Parsing ecmascript source code failed

Import trace:
  Server Component:
    ./app/admin/AdminDashboard.tsx
    ./app/admin/page.tsx @ http://localhost:3000/_next/static/chunks/node_modules_next_dist_0u_w_5s._.js:1945
[ 1701883ms] [ERROR] ./app/admin/AdminDashboard.tsx:387:17
Expected '</', got 'jsx text'
  385 |           );
  386 |         })()}
> 387 |       </section>
      |                 ^^^^^^^^^^^^^^^^^^^^^^^^^^^^^^^^^^^^^^^^^^^^^^^^^^^^^^^^^^^^^^^^^^^^^^^^^^^^^^^^^^^^^^
> 388 |
      | ^
> 389 |       {/* Approval Queue */}
      | ^^^^^^
  390 |       <section>
  391 |         <h2 className="text-sm font-semibold mb-3"
  392 |           style={{ color: "var(--muted)", borderBottom: "1px solid var(--card-border)", paddingBott...

Parsing ecmascript source code failed

Import trace:
  Server Component:
    ./app/admin/AdminDashboard.tsx
    ./app/admin/page.tsx @ http://localhost:3000/_next/static/chunks/node_modules_next_dist_0u_w_5s._.js:1945
[ 1701961ms] [ERROR] ./app/admin/AdminDashboard.tsx:387:17
Expected '</', got 'jsx text'
  385 |           );
  386 |         })()}
> 387 |       </section>
      |                 ^^^^^^^^^^^^^^^^^^^^^^^^^^^^^^^^^^^^^^^^^^^^^^^^^^^^^^^^^^^^^^^^^^^^^^^^^^^^^^^^^^^^^^
> 388 |
      | ^
> 389 |       {/* Approval Queue */}
      | ^^^^^^
  390 |       <section>
  391 |         <h2 className="text-sm font-semibold mb-3"
  392 |           style={{ color: "var(--muted)", borderBottom: "1px solid var(--card-border)", paddingBott...

Parsing ecmascript source code failed

Import trace:
  Server Component:
    ./app/admin/AdminDashboard.tsx
    ./app/admin/page.tsx @ http://localhost:3000/_next/static/chunks/node_modules_next_dist_0u_w_5s._.js:1945
[ 1702036ms] [ERROR] ./app/admin/AdminDashboard.tsx:387:17
Expected '</', got 'jsx text'
  385 |           );
  386 |         })()}
> 387 |       </section>
      |                 ^^^^^^^^^^^^^^^^^^^^^^^^^^^^^^^^^^^^^^^^^^^^^^^^^^^^^^^^^^^^^^^^^^^^^^^^^^^^^^^^^^^^^^
> 388 |
      | ^
> 389 |       {/* Approval Queue */}
      | ^^^^^^
  390 |       <section>
  391 |         <h2 className="text-sm font-semibold mb-3"
  392 |           style={{ color: "var(--muted)", borderBottom: "1px solid var(--card-border)", paddingBott...

Parsing ecmascript source code failed

Import trace:
  Server Component:
    ./app/admin/AdminDashboard.tsx
    ./app/admin/page.tsx @ http://localhost:3000/_next/static/chunks/node_modules_next_dist_0u_w_5s._.js:1945
[ 1702101ms] [ERROR] ./app/admin/AdminDashboard.tsx:387:17
Expected '</', got 'jsx text'
  385 |           );
  386 |         })()}
> 387 |       </section>
      |                 ^^^^^^^^^^^^^^^^^^^^^^^^^^^^^^^^^^^^^^^^^^^^^^^^^^^^^^^^^^^^^^^^^^^^^^^^^^^^^^^^^^^^^^
> 388 |
      | ^
> 389 |       {/* Approval Queue */}
      | ^^^^^^
  390 |       <section>
  391 |         <h2 className="text-sm font-semibold mb-3"
  392 |           style={{ color: "var(--muted)", borderBottom: "1px solid var(--card-border)", paddingBott...

Parsing ecmascript source code failed

Import trace:
  Server Component:
    ./app/admin/AdminDashboard.tsx
    ./app/admin/page.tsx @ http://localhost:3000/_next/static/chunks/node_modules_next_dist_0u_w_5s._.js:1945
[ 1702162ms] [ERROR] ./app/admin/AdminDashboard.tsx:387:17
Expected '</', got 'jsx text'
  385 |           );
  386 |         })()}
> 387 |       </section>
      |                 ^^^^^^^^^^^^^^^^^^^^^^^^^^^^^^^^^^^^^^^^^^^^^^^^^^^^^^^^^^^^^^^^^^^^^^^^^^^^^^^^^^^^^^
> 388 |
      | ^
> 389 |       {/* Approval Queue */}
      | ^^^^^^
  390 |       <section>
  391 |         <h2 className="text-sm font-semibold mb-3"
  392 |           style={{ color: "var(--muted)", borderBottom: "1px solid var(--card-border)", paddingBott...

Parsing ecmascript source code failed

Import trace:
  Server Component:
    ./app/admin/AdminDashboard.tsx
    ./app/admin/page.tsx @ http://localhost:3000/_next/static/chunks/node_modules_next_dist_0u_w_5s._.js:1945
[ 1702228ms] [ERROR] ./app/admin/AdminDashboard.tsx:387:17
Expected '</', got 'jsx text'
  385 |           );
  386 |         })()}
> 387 |       </section>
      |                 ^^^^^^^^^^^^^^^^^^^^^^^^^^^^^^^^^^^^^^^^^^^^^^^^^^^^^^^^^^^^^^^^^^^^^^^^^^^^^^^^^^^^^^
> 388 |
      | ^
> 389 |       {/* Approval Queue */}
      | ^^^^^^
  390 |       <section>
  391 |         <h2 className="text-sm font-semibold mb-3"
  392 |           style={{ color: "var(--muted)", borderBottom: "1px solid var(--card-border)", paddingBott...

Parsing ecmascript source code failed

Import trace:
  Server Component:
    ./app/admin/AdminDashboard.tsx
    ./app/admin/page.tsx @ http://localhost:3000/_next/static/chunks/node_modules_next_dist_0u_w_5s._.js:1945
[ 1702291ms] [ERROR] ./app/admin/AdminDashboard.tsx:387:17
Expected '</', got 'jsx text'
  385 |           );
  386 |         })()}
> 387 |       </section>
      |                 ^^^^^^^^^^^^^^^^^^^^^^^^^^^^^^^^^^^^^^^^^^^^^^^^^^^^^^^^^^^^^^^^^^^^^^^^^^^^^^^^^^^^^^
> 388 |
      | ^
> 389 |       {/* Approval Queue */}
      | ^^^^^^
  390 |       <section>
  391 |         <h2 className="text-sm font-semibold mb-3"
  392 |           style={{ color: "var(--muted)", borderBottom: "1px solid var(--card-border)", paddingBott...

Parsing ecmascript source code failed

Import trace:
  Server Component:
    ./app/admin/AdminDashboard.tsx
    ./app/admin/page.tsx @ http://localhost:3000/_next/static/chunks/node_modules_next_dist_0u_w_5s._.js:1945
[ 1702355ms] [ERROR] ./app/admin/AdminDashboard.tsx:387:17
Expected '</', got 'jsx text'
  385 |           );
  386 |         })()}
> 387 |       </section>
      |                 ^^^^^^^^^^^^^^^^^^^^^^^^^^^^^^^^^^^^^^^^^^^^^^^^^^^^^^^^^^^^^^^^^^^^^^^^^^^^^^^^^^^^^^
> 388 |
      | ^
> 389 |       {/* Approval Queue */}
      | ^^^^^^
  390 |       <section>
  391 |         <h2 className="text-sm font-semibold mb-3"
  392 |           style={{ color: "var(--muted)", borderBottom: "1px solid var(--card-border)", paddingBott...

Parsing ecmascript source code failed

Import trace:
  Server Component:
    ./app/admin/AdminDashboard.tsx
    ./app/admin/page.tsx @ http://localhost:3000/_next/static/chunks/node_modules_next_dist_0u_w_5s._.js:1945
[ 1702417ms] [ERROR] ./app/admin/AdminDashboard.tsx:387:17
Expected '</', got 'jsx text'
  385 |           );
  386 |         })()}
> 387 |       </section>
      |                 ^^^^^^^^^^^^^^^^^^^^^^^^^^^^^^^^^^^^^^^^^^^^^^^^^^^^^^^^^^^^^^^^^^^^^^^^^^^^^^^^^^^^^^
> 388 |
      | ^
> 389 |       {/* Approval Queue */}
      | ^^^^^^
  390 |       <section>
  391 |         <h2 className="text-sm font-semibold mb-3"
  392 |           style={{ color: "var(--muted)", borderBottom: "1px solid var(--card-border)", paddingBott...

Parsing ecmascript source code failed

Import trace:
  Server Component:
    ./app/admin/AdminDashboard.tsx
    ./app/admin/page.tsx @ http://localhost:3000/_next/static/chunks/node_modules_next_dist_0u_w_5s._.js:1945
[ 1702479ms] [ERROR] ./app/admin/AdminDashboard.tsx:387:17
Expected '</', got 'jsx text'
  385 |           );
  386 |         })()}
> 387 |       </section>
      |                 ^^^^^^^^^^^^^^^^^^^^^^^^^^^^^^^^^^^^^^^^^^^^^^^^^^^^^^^^^^^^^^^^^^^^^^^^^^^^^^^^^^^^^^
> 388 |
      | ^
> 389 |       {/* Approval Queue */}
      | ^^^^^^
  390 |       <section>
  391 |         <h2 className="text-sm font-semibold mb-3"
  392 |           style={{ color: "var(--muted)", borderBottom: "1px solid var(--card-border)", paddingBott...

Parsing ecmascript source code failed

Import trace:
  Server Component:
    ./app/admin/AdminDashboard.tsx
    ./app/admin/page.tsx @ http://localhost:3000/_next/static/chunks/node_modules_next_dist_0u_w_5s._.js:1945
[ 1702542ms] [ERROR] ./app/admin/AdminDashboard.tsx:387:17
Expected '</', got 'jsx text'
  385 |           );
  386 |         })()}
> 387 |       </section>
      |                 ^^^^^^^^^^^^^^^^^^^^^^^^^^^^^^^^^^^^^^^^^^^^^^^^^^^^^^^^^^^^^^^^^^^^^^^^^^^^^^^^^^^^^^
> 388 |
      | ^
> 389 |       {/* Approval Queue */}
      | ^^^^^^
  390 |       <section>
  391 |         <h2 className="text-sm font-semibold mb-3"
  392 |           style={{ color: "var(--muted)", borderBottom: "1px solid var(--card-border)", paddingBott...

Parsing ecmascript source code failed

Import trace:
  Server Component:
    ./app/admin/AdminDashboard.tsx
    ./app/admin/page.tsx @ http://localhost:3000/_next/static/chunks/node_modules_next_dist_0u_w_5s._.js:1945
[ 1702604ms] [ERROR] ./app/admin/AdminDashboard.tsx:387:17
Expected '</', got 'jsx text'
  385 |           );
  386 |         })()}
> 387 |       </section>
      |                 ^^^^^^^^^^^^^^^^^^^^^^^^^^^^^^^^^^^^^^^^^^^^^^^^^^^^^^^^^^^^^^^^^^^^^^^^^^^^^^^^^^^^^^
> 388 |
      | ^
> 389 |       {/* Approval Queue */}
      | ^^^^^^
  390 |       <section>
  391 |         <h2 className="text-sm font-semibold mb-3"
  392 |           style={{ color: "var(--muted)", borderBottom: "1px solid var(--card-border)", paddingBott...

Parsing ecmascript source code failed

Import trace:
  Server Component:
    ./app/admin/AdminDashboard.tsx
    ./app/admin/page.tsx @ http://localhost:3000/_next/static/chunks/node_modules_next_dist_0u_w_5s._.js:1945
[ 1702668ms] [ERROR] ./app/admin/AdminDashboard.tsx:387:17
Expected '</', got 'jsx text'
  385 |           );
  386 |         })()}
> 387 |       </section>
      |                 ^^^^^^^^^^^^^^^^^^^^^^^^^^^^^^^^^^^^^^^^^^^^^^^^^^^^^^^^^^^^^^^^^^^^^^^^^^^^^^^^^^^^^^
> 388 |
      | ^
> 389 |       {/* Approval Queue */}
      | ^^^^^^
  390 |       <section>
  391 |         <h2 className="text-sm font-semibold mb-3"
  392 |           style={{ color: "var(--muted)", borderBottom: "1px solid var(--card-border)", paddingBott...

Parsing ecmascript source code failed

Import trace:
  Server Component:
    ./app/admin/AdminDashboard.tsx
    ./app/admin/page.tsx @ http://localhost:3000/_next/static/chunks/node_modules_next_dist_0u_w_5s._.js:1945
[ 1702731ms] [ERROR] ./app/admin/AdminDashboard.tsx:387:17
Expected '</', got 'jsx text'
  385 |           );
  386 |         })()}
> 387 |       </section>
      |                 ^^^^^^^^^^^^^^^^^^^^^^^^^^^^^^^^^^^^^^^^^^^^^^^^^^^^^^^^^^^^^^^^^^^^^^^^^^^^^^^^^^^^^^
> 388 |
      | ^
> 389 |       {/* Approval Queue */}
      | ^^^^^^
  390 |       <section>
  391 |         <h2 className="text-sm font-semibold mb-3"
  392 |           style={{ color: "var(--muted)", borderBottom: "1px solid var(--card-border)", paddingBott...

Parsing ecmascript source code failed

Import trace:
  Server Component:
    ./app/admin/AdminDashboard.tsx
    ./app/admin/page.tsx @ http://localhost:3000/_next/static/chunks/node_modules_next_dist_0u_w_5s._.js:1945
[ 1702794ms] [ERROR] ./app/admin/AdminDashboard.tsx:387:17
Expected '</', got 'jsx text'
  385 |           );
  386 |         })()}
> 387 |       </section>
      |                 ^^^^^^^^^^^^^^^^^^^^^^^^^^^^^^^^^^^^^^^^^^^^^^^^^^^^^^^^^^^^^^^^^^^^^^^^^^^^^^^^^^^^^^
> 388 |
      | ^
> 389 |       {/* Approval Queue */}
      | ^^^^^^
  390 |       <section>
  391 |         <h2 className="text-sm font-semibold mb-3"
  392 |           style={{ color: "var(--muted)", borderBottom: "1px solid var(--card-border)", paddingBott...

Parsing ecmascript source code failed

Import trace:
  Server Component:
    ./app/admin/AdminDashboard.tsx
    ./app/admin/page.tsx @ http://localhost:3000/_next/static/chunks/node_modules_next_dist_0u_w_5s._.js:1945
[ 1702858ms] [ERROR] ./app/admin/AdminDashboard.tsx:387:17
Expected '</', got 'jsx text'
  385 |           );
  386 |         })()}
> 387 |       </section>
      |                 ^^^^^^^^^^^^^^^^^^^^^^^^^^^^^^^^^^^^^^^^^^^^^^^^^^^^^^^^^^^^^^^^^^^^^^^^^^^^^^^^^^^^^^
> 388 |
      | ^
> 389 |       {/* Approval Queue */}
      | ^^^^^^
  390 |       <section>
  391 |         <h2 className="text-sm font-semibold mb-3"
  392 |           style={{ color: "var(--muted)", borderBottom: "1px solid var(--card-border)", paddingBott...

Parsing ecmascript source code failed

Import trace:
  Server Component:
    ./app/admin/AdminDashboard.tsx
    ./app/admin/page.tsx @ http://localhost:3000/_next/static/chunks/node_modules_next_dist_0u_w_5s._.js:1945
[ 1702921ms] [ERROR] ./app/admin/AdminDashboard.tsx:387:17
Expected '</', got 'jsx text'
  385 |           );
  386 |         })()}
> 387 |       </section>
      |                 ^^^^^^^^^^^^^^^^^^^^^^^^^^^^^^^^^^^^^^^^^^^^^^^^^^^^^^^^^^^^^^^^^^^^^^^^^^^^^^^^^^^^^^
> 388 |
      | ^
> 389 |       {/* Approval Queue */}
      | ^^^^^^
  390 |       <section>
  391 |         <h2 className="text-sm font-semibold mb-3"
  392 |           style={{ color: "var(--muted)", borderBottom: "1px solid var(--card-border)", paddingBott...

Parsing ecmascript source code failed

Import trace:
  Server Component:
    ./app/admin/AdminDashboard.tsx
    ./app/admin/page.tsx @ http://localhost:3000/_next/static/chunks/node_modules_next_dist_0u_w_5s._.js:1945
[ 1702982ms] [ERROR] ./app/admin/AdminDashboard.tsx:387:17
Expected '</', got 'jsx text'
  385 |           );
  386 |         })()}
> 387 |       </section>
      |                 ^^^^^^^^^^^^^^^^^^^^^^^^^^^^^^^^^^^^^^^^^^^^^^^^^^^^^^^^^^^^^^^^^^^^^^^^^^^^^^^^^^^^^^
> 388 |
      | ^
> 389 |       {/* Approval Queue */}
      | ^^^^^^
  390 |       <section>
  391 |         <h2 className="text-sm font-semibold mb-3"
  392 |           style={{ color: "var(--muted)", borderBottom: "1px solid var(--card-border)", paddingBott...

Parsing ecmascript source code failed

Import trace:
  Server Component:
    ./app/admin/AdminDashboard.tsx
    ./app/admin/page.tsx @ http://localhost:3000/_next/static/chunks/node_modules_next_dist_0u_w_5s._.js:1945
[ 1703045ms] [ERROR] ./app/admin/AdminDashboard.tsx:387:17
Expected '</', got 'jsx text'
  385 |           );
  386 |         })()}
> 387 |       </section>
      |                 ^^^^^^^^^^^^^^^^^^^^^^^^^^^^^^^^^^^^^^^^^^^^^^^^^^^^^^^^^^^^^^^^^^^^^^^^^^^^^^^^^^^^^^
> 388 |
      | ^
> 389 |       {/* Approval Queue */}
      | ^^^^^^
  390 |       <section>
  391 |         <h2 className="text-sm font-semibold mb-3"
  392 |           style={{ color: "var(--muted)", borderBottom: "1px solid var(--card-border)", paddingBott...

Parsing ecmascript source code failed

Import trace:
  Server Component:
    ./app/admin/AdminDashboard.tsx
    ./app/admin/page.tsx @ http://localhost:3000/_next/static/chunks/node_modules_next_dist_0u_w_5s._.js:1945
[ 1703109ms] [ERROR] ./app/admin/AdminDashboard.tsx:387:17
Expected '</', got 'jsx text'
  385 |           );
  386 |         })()}
> 387 |       </section>
      |                 ^^^^^^^^^^^^^^^^^^^^^^^^^^^^^^^^^^^^^^^^^^^^^^^^^^^^^^^^^^^^^^^^^^^^^^^^^^^^^^^^^^^^^^
> 388 |
      | ^
> 389 |       {/* Approval Queue */}
      | ^^^^^^
  390 |       <section>
  391 |         <h2 className="text-sm font-semibold mb-3"
  392 |           style={{ color: "var(--muted)", borderBottom: "1px solid var(--card-border)", paddingBott...

Parsing ecmascript source code failed

Import trace:
  Server Component:
    ./app/admin/AdminDashboard.tsx
    ./app/admin/page.tsx @ http://localhost:3000/_next/static/chunks/node_modules_next_dist_0u_w_5s._.js:1945
[ 1703173ms] [ERROR] ./app/admin/AdminDashboard.tsx:387:17
Expected '</', got 'jsx text'
  385 |           );
  386 |         })()}
> 387 |       </section>
      |                 ^^^^^^^^^^^^^^^^^^^^^^^^^^^^^^^^^^^^^^^^^^^^^^^^^^^^^^^^^^^^^^^^^^^^^^^^^^^^^^^^^^^^^^
> 388 |
      | ^
> 389 |       {/* Approval Queue */}
      | ^^^^^^
  390 |       <section>
  391 |         <h2 className="text-sm font-semibold mb-3"
  392 |           style={{ color: "var(--muted)", borderBottom: "1px solid var(--card-border)", paddingBott...

Parsing ecmascript source code failed

Import trace:
  Server Component:
    ./app/admin/AdminDashboard.tsx
    ./app/admin/page.tsx @ http://localhost:3000/_next/static/chunks/node_modules_next_dist_0u_w_5s._.js:1945
[ 1703236ms] [ERROR] ./app/admin/AdminDashboard.tsx:387:17
Expected '</', got 'jsx text'
  385 |           );
  386 |         })()}
> 387 |       </section>
      |                 ^^^^^^^^^^^^^^^^^^^^^^^^^^^^^^^^^^^^^^^^^^^^^^^^^^^^^^^^^^^^^^^^^^^^^^^^^^^^^^^^^^^^^^
> 388 |
      | ^
> 389 |       {/* Approval Queue */}
      | ^^^^^^
  390 |       <section>
  391 |         <h2 className="text-sm font-semibold mb-3"
  392 |           style={{ color: "var(--muted)", borderBottom: "1px solid var(--card-border)", paddingBott...

Parsing ecmascript source code failed

Import trace:
  Server Component:
    ./app/admin/AdminDashboard.tsx
    ./app/admin/page.tsx @ http://localhost:3000/_next/static/chunks/node_modules_next_dist_0u_w_5s._.js:1945
[ 1703300ms] [ERROR] ./app/admin/AdminDashboard.tsx:387:17
Expected '</', got 'jsx text'
  385 |           );
  386 |         })()}
> 387 |       </section>
      |                 ^^^^^^^^^^^^^^^^^^^^^^^^^^^^^^^^^^^^^^^^^^^^^^^^^^^^^^^^^^^^^^^^^^^^^^^^^^^^^^^^^^^^^^
> 388 |
      | ^
> 389 |       {/* Approval Queue */}
      | ^^^^^^
  390 |       <section>
  391 |         <h2 className="text-sm font-semibold mb-3"
  392 |           style={{ color: "var(--muted)", borderBottom: "1px solid var(--card-border)", paddingBott...

Parsing ecmascript source code failed

Import trace:
  Server Component:
    ./app/admin/AdminDashboard.tsx
    ./app/admin/page.tsx @ http://localhost:3000/_next/static/chunks/node_modules_next_dist_0u_w_5s._.js:1945
[ 1703359ms] [ERROR] ./app/admin/AdminDashboard.tsx:387:17
Expected '</', got 'jsx text'
  385 |           );
  386 |         })()}
> 387 |       </section>
      |                 ^^^^^^^^^^^^^^^^^^^^^^^^^^^^^^^^^^^^^^^^^^^^^^^^^^^^^^^^^^^^^^^^^^^^^^^^^^^^^^^^^^^^^^
> 388 |
      | ^
> 389 |       {/* Approval Queue */}
      | ^^^^^^
  390 |       <section>
  391 |         <h2 className="text-sm font-semibold mb-3"
  392 |           style={{ color: "var(--muted)", borderBottom: "1px solid var(--card-border)", paddingBott...

Parsing ecmascript source code failed

Import trace:
  Server Component:
    ./app/admin/AdminDashboard.tsx
    ./app/admin/page.tsx @ http://localhost:3000/_next/static/chunks/node_modules_next_dist_0u_w_5s._.js:1945
[ 1703422ms] [ERROR] ./app/admin/AdminDashboard.tsx:387:17
Expected '</', got 'jsx text'
  385 |           );
  386 |         })()}
> 387 |       </section>
      |                 ^^^^^^^^^^^^^^^^^^^^^^^^^^^^^^^^^^^^^^^^^^^^^^^^^^^^^^^^^^^^^^^^^^^^^^^^^^^^^^^^^^^^^^
> 388 |
      | ^
> 389 |       {/* Approval Queue */}
      | ^^^^^^
  390 |       <section>
  391 |         <h2 className="text-sm font-semibold mb-3"
  392 |           style={{ color: "var(--muted)", borderBottom: "1px solid var(--card-border)", paddingBott...

Parsing ecmascript source code failed

Import trace:
  Server Component:
    ./app/admin/AdminDashboard.tsx
    ./app/admin/page.tsx @ http://localhost:3000/_next/static/chunks/node_modules_next_dist_0u_w_5s._.js:1945
[ 1703500ms] [ERROR] ./app/admin/AdminDashboard.tsx:387:17
Expected '</', got 'jsx text'
  385 |           );
  386 |         })()}
> 387 |       </section>
      |                 ^^^^^^^^^^^^^^^^^^^^^^^^^^^^^^^^^^^^^^^^^^^^^^^^^^^^^^^^^^^^^^^^^^^^^^^^^^^^^^^^^^^^^^
> 388 |
      | ^
> 389 |       {/* Approval Queue */}
      | ^^^^^^
  390 |       <section>
  391 |         <h2 className="text-sm font-semibold mb-3"
  392 |           style={{ color: "var(--muted)", borderBottom: "1px solid var(--card-border)", paddingBott...

Parsing ecmascript source code failed

Import trace:
  Server Component:
    ./app/admin/AdminDashboard.tsx
    ./app/admin/page.tsx @ http://localhost:3000/_next/static/chunks/node_modules_next_dist_0u_w_5s._.js:1945
[ 1703565ms] [ERROR] ./app/admin/AdminDashboard.tsx:387:17
Expected '</', got 'jsx text'
  385 |           );
  386 |         })()}
> 387 |       </section>
      |                 ^^^^^^^^^^^^^^^^^^^^^^^^^^^^^^^^^^^^^^^^^^^^^^^^^^^^^^^^^^^^^^^^^^^^^^^^^^^^^^^^^^^^^^
> 388 |
      | ^
> 389 |       {/* Approval Queue */}
      | ^^^^^^
  390 |       <section>
  391 |         <h2 className="text-sm font-semibold mb-3"
  392 |           style={{ color: "var(--muted)", borderBottom: "1px solid var(--card-border)", paddingBott...

Parsing ecmascript source code failed

Import trace:
  Server Component:
    ./app/admin/AdminDashboard.tsx
    ./app/admin/page.tsx @ http://localhost:3000/_next/static/chunks/node_modules_next_dist_0u_w_5s._.js:1945
[ 1703626ms] [ERROR] ./app/admin/AdminDashboard.tsx:387:17
Expected '</', got 'jsx text'
  385 |           );
  386 |         })()}
> 387 |       </section>
      |                 ^^^^^^^^^^^^^^^^^^^^^^^^^^^^^^^^^^^^^^^^^^^^^^^^^^^^^^^^^^^^^^^^^^^^^^^^^^^^^^^^^^^^^^
> 388 |
      | ^
> 389 |       {/* Approval Queue */}
      | ^^^^^^
  390 |       <section>
  391 |         <h2 className="text-sm font-semibold mb-3"
  392 |           style={{ color: "var(--muted)", borderBottom: "1px solid var(--card-border)", paddingBott...

Parsing ecmascript source code failed

Import trace:
  Server Component:
    ./app/admin/AdminDashboard.tsx
    ./app/admin/page.tsx @ http://localhost:3000/_next/static/chunks/node_modules_next_dist_0u_w_5s._.js:1945
[ 1703688ms] [ERROR] ./app/admin/AdminDashboard.tsx:387:17
Expected '</', got 'jsx text'
  385 |           );
  386 |         })()}
> 387 |       </section>
      |                 ^^^^^^^^^^^^^^^^^^^^^^^^^^^^^^^^^^^^^^^^^^^^^^^^^^^^^^^^^^^^^^^^^^^^^^^^^^^^^^^^^^^^^^
> 388 |
      | ^
> 389 |       {/* Approval Queue */}
      | ^^^^^^
  390 |       <section>
  391 |         <h2 className="text-sm font-semibold mb-3"
  392 |           style={{ color: "var(--muted)", borderBottom: "1px solid var(--card-border)", paddingBott...

Parsing ecmascript source code failed

Import trace:
  Server Component:
    ./app/admin/AdminDashboard.tsx
    ./app/admin/page.tsx @ http://localhost:3000/_next/static/chunks/node_modules_next_dist_0u_w_5s._.js:1945
[ 1703749ms] [ERROR] ./app/admin/AdminDashboard.tsx:387:17
Expected '</', got 'jsx text'
  385 |           );
  386 |         })()}
> 387 |       </section>
      |                 ^^^^^^^^^^^^^^^^^^^^^^^^^^^^^^^^^^^^^^^^^^^^^^^^^^^^^^^^^^^^^^^^^^^^^^^^^^^^^^^^^^^^^^
> 388 |
      | ^
> 389 |       {/* Approval Queue */}
      | ^^^^^^
  390 |       <section>
  391 |         <h2 className="text-sm font-semibold mb-3"
  392 |           style={{ color: "var(--muted)", borderBottom: "1px solid var(--card-border)", paddingBott...

Parsing ecmascript source code failed

Import trace:
  Server Component:
    ./app/admin/AdminDashboard.tsx
    ./app/admin/page.tsx @ http://localhost:3000/_next/static/chunks/node_modules_next_dist_0u_w_5s._.js:1945
[ 1703812ms] [ERROR] ./app/admin/AdminDashboard.tsx:387:17
Expected '</', got 'jsx text'
  385 |           );
  386 |         })()}
> 387 |       </section>
      |                 ^^^^^^^^^^^^^^^^^^^^^^^^^^^^^^^^^^^^^^^^^^^^^^^^^^^^^^^^^^^^^^^^^^^^^^^^^^^^^^^^^^^^^^
> 388 |
      | ^
> 389 |       {/* Approval Queue */}
      | ^^^^^^
  390 |       <section>
  391 |         <h2 className="text-sm font-semibold mb-3"
  392 |           style={{ color: "var(--muted)", borderBottom: "1px solid var(--card-border)", paddingBott...

Parsing ecmascript source code failed

Import trace:
  Server Component:
    ./app/admin/AdminDashboard.tsx
    ./app/admin/page.tsx @ http://localhost:3000/_next/static/chunks/node_modules_next_dist_0u_w_5s._.js:1945
[ 1703879ms] [ERROR] ./app/admin/AdminDashboard.tsx:387:17
Expected '</', got 'jsx text'
  385 |           );
  386 |         })()}
> 387 |       </section>
      |                 ^^^^^^^^^^^^^^^^^^^^^^^^^^^^^^^^^^^^^^^^^^^^^^^^^^^^^^^^^^^^^^^^^^^^^^^^^^^^^^^^^^^^^^
> 388 |
      | ^
> 389 |       {/* Approval Queue */}
      | ^^^^^^
  390 |       <section>
  391 |         <h2 className="text-sm font-semibold mb-3"
  392 |           style={{ color: "var(--muted)", borderBottom: "1px solid var(--card-border)", paddingBott...

Parsing ecmascript source code failed

Import trace:
  Server Component:
    ./app/admin/AdminDashboard.tsx
    ./app/admin/page.tsx @ http://localhost:3000/_next/static/chunks/node_modules_next_dist_0u_w_5s._.js:1945
[ 1703943ms] [ERROR] ./app/admin/AdminDashboard.tsx:387:17
Expected '</', got 'jsx text'
  385 |           );
  386 |         })()}
> 387 |       </section>
      |                 ^^^^^^^^^^^^^^^^^^^^^^^^^^^^^^^^^^^^^^^^^^^^^^^^^^^^^^^^^^^^^^^^^^^^^^^^^^^^^^^^^^^^^^
> 388 |
      | ^
> 389 |       {/* Approval Queue */}
      | ^^^^^^
  390 |       <section>
  391 |         <h2 className="text-sm font-semibold mb-3"
  392 |           style={{ color: "var(--muted)", borderBottom: "1px solid var(--card-border)", paddingBott...

Parsing ecmascript source code failed

Import trace:
  Server Component:
    ./app/admin/AdminDashboard.tsx
    ./app/admin/page.tsx @ http://localhost:3000/_next/static/chunks/node_modules_next_dist_0u_w_5s._.js:1945
[ 1704000ms] [ERROR] ./app/admin/AdminDashboard.tsx:387:17
Expected '</', got 'jsx text'
  385 |           );
  386 |         })()}
> 387 |       </section>
      |                 ^^^^^^^^^^^^^^^^^^^^^^^^^^^^^^^^^^^^^^^^^^^^^^^^^^^^^^^^^^^^^^^^^^^^^^^^^^^^^^^^^^^^^^
> 388 |
      | ^
> 389 |       {/* Approval Queue */}
      | ^^^^^^
  390 |       <section>
  391 |         <h2 className="text-sm font-semibold mb-3"
  392 |           style={{ color: "var(--muted)", borderBottom: "1px solid var(--card-border)", paddingBott...

Parsing ecmascript source code failed

Import trace:
  Server Component:
    ./app/admin/AdminDashboard.tsx
    ./app/admin/page.tsx @ http://localhost:3000/_next/static/chunks/node_modules_next_dist_0u_w_5s._.js:1945
[ 1704063ms] [ERROR] ./app/admin/AdminDashboard.tsx:387:17
Expected '</', got 'jsx text'
  385 |           );
  386 |         })()}
> 387 |       </section>
      |                 ^^^^^^^^^^^^^^^^^^^^^^^^^^^^^^^^^^^^^^^^^^^^^^^^^^^^^^^^^^^^^^^^^^^^^^^^^^^^^^^^^^^^^^
> 388 |
      | ^
> 389 |       {/* Approval Queue */}
      | ^^^^^^
  390 |       <section>
  391 |         <h2 className="text-sm font-semibold mb-3"
  392 |           style={{ color: "var(--muted)", borderBottom: "1px solid var(--card-border)", paddingBott...

Parsing ecmascript source code failed

Import trace:
  Server Component:
    ./app/admin/AdminDashboard.tsx
    ./app/admin/page.tsx @ http://localhost:3000/_next/static/chunks/node_modules_next_dist_0u_w_5s._.js:1945
[ 1704132ms] [ERROR] ./app/admin/AdminDashboard.tsx:387:17
Expected '</', got 'jsx text'
  385 |           );
  386 |         })()}
> 387 |       </section>
      |                 ^^^^^^^^^^^^^^^^^^^^^^^^^^^^^^^^^^^^^^^^^^^^^^^^^^^^^^^^^^^^^^^^^^^^^^^^^^^^^^^^^^^^^^
> 388 |
      | ^
> 389 |       {/* Approval Queue */}
      | ^^^^^^
  390 |       <section>
  391 |         <h2 className="text-sm font-semibold mb-3"
  392 |           style={{ color: "var(--muted)", borderBottom: "1px solid var(--card-border)", paddingBott...

Parsing ecmascript source code failed

Import trace:
  Server Component:
    ./app/admin/AdminDashboard.tsx
    ./app/admin/page.tsx @ http://localhost:3000/_next/static/chunks/node_modules_next_dist_0u_w_5s._.js:1945
[ 1704196ms] [ERROR] ./app/admin/AdminDashboard.tsx:387:17
Expected '</', got 'jsx text'
  385 |           );
  386 |         })()}
> 387 |       </section>
      |                 ^^^^^^^^^^^^^^^^^^^^^^^^^^^^^^^^^^^^^^^^^^^^^^^^^^^^^^^^^^^^^^^^^^^^^^^^^^^^^^^^^^^^^^
> 388 |
      | ^
> 389 |       {/* Approval Queue */}
      | ^^^^^^
  390 |       <section>
  391 |         <h2 className="text-sm font-semibold mb-3"
  392 |           style={{ color: "var(--muted)", borderBottom: "1px solid var(--card-border)", paddingBott...

Parsing ecmascript source code failed

Import trace:
  Server Component:
    ./app/admin/AdminDashboard.tsx
    ./app/admin/page.tsx @ http://localhost:3000/_next/static/chunks/node_modules_next_dist_0u_w_5s._.js:1945
[ 1704259ms] [ERROR] ./app/admin/AdminDashboard.tsx:387:17
Expected '</', got 'jsx text'
  385 |           );
  386 |         })()}
> 387 |       </section>
      |                 ^^^^^^^^^^^^^^^^^^^^^^^^^^^^^^^^^^^^^^^^^^^^^^^^^^^^^^^^^^^^^^^^^^^^^^^^^^^^^^^^^^^^^^
> 388 |
      | ^
> 389 |       {/* Approval Queue */}
      | ^^^^^^
  390 |       <section>
  391 |         <h2 className="text-sm font-semibold mb-3"
  392 |           style={{ color: "var(--muted)", borderBottom: "1px solid var(--card-border)", paddingBott...

Parsing ecmascript source code failed

Import trace:
  Server Component:
    ./app/admin/AdminDashboard.tsx
    ./app/admin/page.tsx @ http://localhost:3000/_next/static/chunks/node_modules_next_dist_0u_w_5s._.js:1945
[ 1704324ms] [ERROR] ./app/admin/AdminDashboard.tsx:387:17
Expected '</', got 'jsx text'
  385 |           );
  386 |         })()}
> 387 |       </section>
      |                 ^^^^^^^^^^^^^^^^^^^^^^^^^^^^^^^^^^^^^^^^^^^^^^^^^^^^^^^^^^^^^^^^^^^^^^^^^^^^^^^^^^^^^^
> 388 |
      | ^
> 389 |       {/* Approval Queue */}
      | ^^^^^^
  390 |       <section>
  391 |         <h2 className="text-sm font-semibold mb-3"
  392 |           style={{ color: "var(--muted)", borderBottom: "1px solid var(--card-border)", paddingBott...

Parsing ecmascript source code failed

Import trace:
  Server Component:
    ./app/admin/AdminDashboard.tsx
    ./app/admin/page.tsx @ http://localhost:3000/_next/static/chunks/node_modules_next_dist_0u_w_5s._.js:1945
[ 1704387ms] [ERROR] ./app/admin/AdminDashboard.tsx:387:17
Expected '</', got 'jsx text'
  385 |           );
  386 |         })()}
> 387 |       </section>
      |                 ^^^^^^^^^^^^^^^^^^^^^^^^^^^^^^^^^^^^^^^^^^^^^^^^^^^^^^^^^^^^^^^^^^^^^^^^^^^^^^^^^^^^^^
> 388 |
      | ^
> 389 |       {/* Approval Queue */}
      | ^^^^^^
  390 |       <section>
  391 |         <h2 className="text-sm font-semibold mb-3"
  392 |           style={{ color: "var(--muted)", borderBottom: "1px solid var(--card-border)", paddingBott...

Parsing ecmascript source code failed

Import trace:
  Server Component:
    ./app/admin/AdminDashboard.tsx
    ./app/admin/page.tsx @ http://localhost:3000/_next/static/chunks/node_modules_next_dist_0u_w_5s._.js:1945
[ 1704450ms] [ERROR] ./app/admin/AdminDashboard.tsx:387:17
Expected '</', got 'jsx text'
  385 |           );
  386 |         })()}
> 387 |       </section>
      |                 ^^^^^^^^^^^^^^^^^^^^^^^^^^^^^^^^^^^^^^^^^^^^^^^^^^^^^^^^^^^^^^^^^^^^^^^^^^^^^^^^^^^^^^
> 388 |
      | ^
> 389 |       {/* Approval Queue */}
      | ^^^^^^
  390 |       <section>
  391 |         <h2 className="text-sm font-semibold mb-3"
  392 |           style={{ color: "var(--muted)", borderBottom: "1px solid var(--card-border)", paddingBott...

Parsing ecmascript source code failed

Import trace:
  Server Component:
    ./app/admin/AdminDashboard.tsx
    ./app/admin/page.tsx @ http://localhost:3000/_next/static/chunks/node_modules_next_dist_0u_w_5s._.js:1945
[ 1704514ms] [ERROR] ./app/admin/AdminDashboard.tsx:387:17
Expected '</', got 'jsx text'
  385 |           );
  386 |         })()}
> 387 |       </section>
      |                 ^^^^^^^^^^^^^^^^^^^^^^^^^^^^^^^^^^^^^^^^^^^^^^^^^^^^^^^^^^^^^^^^^^^^^^^^^^^^^^^^^^^^^^
> 388 |
      | ^
> 389 |       {/* Approval Queue */}
      | ^^^^^^
  390 |       <section>
  391 |         <h2 className="text-sm font-semibold mb-3"
  392 |           style={{ color: "var(--muted)", borderBottom: "1px solid var(--card-border)", paddingBott...

Parsing ecmascript source code failed

Import trace:
  Server Component:
    ./app/admin/AdminDashboard.tsx
    ./app/admin/page.tsx @ http://localhost:3000/_next/static/chunks/node_modules_next_dist_0u_w_5s._.js:1945
[ 1704575ms] [ERROR] ./app/admin/AdminDashboard.tsx:387:17
Expected '</', got 'jsx text'
  385 |           );
  386 |         })()}
> 387 |       </section>
      |                 ^^^^^^^^^^^^^^^^^^^^^^^^^^^^^^^^^^^^^^^^^^^^^^^^^^^^^^^^^^^^^^^^^^^^^^^^^^^^^^^^^^^^^^
> 388 |
      | ^
> 389 |       {/* Approval Queue */}
      | ^^^^^^
  390 |       <section>
  391 |         <h2 className="text-sm font-semibold mb-3"
  392 |           style={{ color: "var(--muted)", borderBottom: "1px solid var(--card-border)", paddingBott...

Parsing ecmascript source code failed

Import trace:
  Server Component:
    ./app/admin/AdminDashboard.tsx
    ./app/admin/page.tsx @ http://localhost:3000/_next/static/chunks/node_modules_next_dist_0u_w_5s._.js:1945
[ 1704636ms] [ERROR] ./app/admin/AdminDashboard.tsx:387:17
Expected '</', got 'jsx text'
  385 |           );
  386 |         })()}
> 387 |       </section>
      |                 ^^^^^^^^^^^^^^^^^^^^^^^^^^^^^^^^^^^^^^^^^^^^^^^^^^^^^^^^^^^^^^^^^^^^^^^^^^^^^^^^^^^^^^
> 388 |
      | ^
> 389 |       {/* Approval Queue */}
      | ^^^^^^
  390 |       <section>
  391 |         <h2 className="text-sm font-semibold mb-3"
  392 |           style={{ color: "var(--muted)", borderBottom: "1px solid var(--card-border)", paddingBott...

Parsing ecmascript source code failed

Import trace:
  Server Component:
    ./app/admin/AdminDashboard.tsx
    ./app/admin/page.tsx @ http://localhost:3000/_next/static/chunks/node_modules_next_dist_0u_w_5s._.js:1945
[ 1704699ms] [ERROR] ./app/admin/AdminDashboard.tsx:387:17
Expected '</', got 'jsx text'
  385 |           );
  386 |         })()}
> 387 |       </section>
      |                 ^^^^^^^^^^^^^^^^^^^^^^^^^^^^^^^^^^^^^^^^^^^^^^^^^^^^^^^^^^^^^^^^^^^^^^^^^^^^^^^^^^^^^^
> 388 |
      | ^
> 389 |       {/* Approval Queue */}
      | ^^^^^^
  390 |       <section>
  391 |         <h2 className="text-sm font-semibold mb-3"
  392 |           style={{ color: "var(--muted)", borderBottom: "1px solid var(--card-border)", paddingBott...

Parsing ecmascript source code failed

Import trace:
  Server Component:
    ./app/admin/AdminDashboard.tsx
    ./app/admin/page.tsx @ http://localhost:3000/_next/static/chunks/node_modules_next_dist_0u_w_5s._.js:1945
[ 1704763ms] [ERROR] ./app/admin/AdminDashboard.tsx:387:17
Expected '</', got 'jsx text'
  385 |           );
  386 |         })()}
> 387 |       </section>
      |                 ^^^^^^^^^^^^^^^^^^^^^^^^^^^^^^^^^^^^^^^^^^^^^^^^^^^^^^^^^^^^^^^^^^^^^^^^^^^^^^^^^^^^^^
> 388 |
      | ^
> 389 |       {/* Approval Queue */}
      | ^^^^^^
  390 |       <section>
  391 |         <h2 className="text-sm font-semibold mb-3"
  392 |           style={{ color: "var(--muted)", borderBottom: "1px solid var(--card-border)", paddingBott...

Parsing ecmascript source code failed

Import trace:
  Server Component:
    ./app/admin/AdminDashboard.tsx
    ./app/admin/page.tsx @ http://localhost:3000/_next/static/chunks/node_modules_next_dist_0u_w_5s._.js:1945
[ 1704827ms] [ERROR] ./app/admin/AdminDashboard.tsx:387:17
Expected '</', got 'jsx text'
  385 |           );
  386 |         })()}
> 387 |       </section>
      |                 ^^^^^^^^^^^^^^^^^^^^^^^^^^^^^^^^^^^^^^^^^^^^^^^^^^^^^^^^^^^^^^^^^^^^^^^^^^^^^^^^^^^^^^
> 388 |
      | ^
> 389 |       {/* Approval Queue */}
      | ^^^^^^
  390 |       <section>
  391 |         <h2 className="text-sm font-semibold mb-3"
  392 |           style={{ color: "var(--muted)", borderBottom: "1px solid var(--card-border)", paddingBott...

Parsing ecmascript source code failed

Import trace:
  Server Component:
    ./app/admin/AdminDashboard.tsx
    ./app/admin/page.tsx @ http://localhost:3000/_next/static/chunks/node_modules_next_dist_0u_w_5s._.js:1945
[ 1704889ms] [ERROR] ./app/admin/AdminDashboard.tsx:387:17
Expected '</', got 'jsx text'
  385 |           );
  386 |         })()}
> 387 |       </section>
      |                 ^^^^^^^^^^^^^^^^^^^^^^^^^^^^^^^^^^^^^^^^^^^^^^^^^^^^^^^^^^^^^^^^^^^^^^^^^^^^^^^^^^^^^^
> 388 |
      | ^
> 389 |       {/* Approval Queue */}
      | ^^^^^^
  390 |       <section>
  391 |         <h2 className="text-sm font-semibold mb-3"
  392 |           style={{ color: "var(--muted)", borderBottom: "1px solid var(--card-border)", paddingBott...

Parsing ecmascript source code failed

Import trace:
  Server Component:
    ./app/admin/AdminDashboard.tsx
    ./app/admin/page.tsx @ http://localhost:3000/_next/static/chunks/node_modules_next_dist_0u_w_5s._.js:1945
[ 1704951ms] [ERROR] ./app/admin/AdminDashboard.tsx:387:17
Expected '</', got 'jsx text'
  385 |           );
  386 |         })()}
> 387 |       </section>
      |                 ^^^^^^^^^^^^^^^^^^^^^^^^^^^^^^^^^^^^^^^^^^^^^^^^^^^^^^^^^^^^^^^^^^^^^^^^^^^^^^^^^^^^^^
> 388 |
      | ^
> 389 |       {/* Approval Queue */}
      | ^^^^^^
  390 |       <section>
  391 |         <h2 className="text-sm font-semibold mb-3"
  392 |           style={{ color: "var(--muted)", borderBottom: "1px solid var(--card-border)", paddingBott...

Parsing ecmascript source code failed

Import trace:
  Server Component:
    ./app/admin/AdminDashboard.tsx
    ./app/admin/page.tsx @ http://localhost:3000/_next/static/chunks/node_modules_next_dist_0u_w_5s._.js:1945
[ 1705015ms] [ERROR] ./app/admin/AdminDashboard.tsx:387:17
Expected '</', got 'jsx text'
  385 |           );
  386 |         })()}
> 387 |       </section>
      |                 ^^^^^^^^^^^^^^^^^^^^^^^^^^^^^^^^^^^^^^^^^^^^^^^^^^^^^^^^^^^^^^^^^^^^^^^^^^^^^^^^^^^^^^
> 388 |
      | ^
> 389 |       {/* Approval Queue */}
      | ^^^^^^
  390 |       <section>
  391 |         <h2 className="text-sm font-semibold mb-3"
  392 |           style={{ color: "var(--muted)", borderBottom: "1px solid var(--card-border)", paddingBott...

Parsing ecmascript source code failed

Import trace:
  Server Component:
    ./app/admin/AdminDashboard.tsx
    ./app/admin/page.tsx @ http://localhost:3000/_next/static/chunks/node_modules_next_dist_0u_w_5s._.js:1945
[ 1705079ms] [ERROR] ./app/admin/AdminDashboard.tsx:387:17
Expected '</', got 'jsx text'
  385 |           );
  386 |         })()}
> 387 |       </section>
      |                 ^^^^^^^^^^^^^^^^^^^^^^^^^^^^^^^^^^^^^^^^^^^^^^^^^^^^^^^^^^^^^^^^^^^^^^^^^^^^^^^^^^^^^^
> 388 |
      | ^
> 389 |       {/* Approval Queue */}
      | ^^^^^^
  390 |       <section>
  391 |         <h2 className="text-sm font-semibold mb-3"
  392 |           style={{ color: "var(--muted)", borderBottom: "1px solid var(--card-border)", paddingBott...

Parsing ecmascript source code failed

Import trace:
  Server Component:
    ./app/admin/AdminDashboard.tsx
    ./app/admin/page.tsx @ http://localhost:3000/_next/static/chunks/node_modules_next_dist_0u_w_5s._.js:1945
[ 1705141ms] [ERROR] ./app/admin/AdminDashboard.tsx:387:17
Expected '</', got 'jsx text'
  385 |           );
  386 |         })()}
> 387 |       </section>
      |                 ^^^^^^^^^^^^^^^^^^^^^^^^^^^^^^^^^^^^^^^^^^^^^^^^^^^^^^^^^^^^^^^^^^^^^^^^^^^^^^^^^^^^^^
> 388 |
      | ^
> 389 |       {/* Approval Queue */}
      | ^^^^^^
  390 |       <section>
  391 |         <h2 className="text-sm font-semibold mb-3"
  392 |           style={{ color: "var(--muted)", borderBottom: "1px solid var(--card-border)", paddingBott...

Parsing ecmascript source code failed

Import trace:
  Server Component:
    ./app/admin/AdminDashboard.tsx
    ./app/admin/page.tsx @ http://localhost:3000/_next/static/chunks/node_modules_next_dist_0u_w_5s._.js:1945
[ 1705205ms] [ERROR] ./app/admin/AdminDashboard.tsx:387:17
Expected '</', got 'jsx text'
  385 |           );
  386 |         })()}
> 387 |       </section>
      |                 ^^^^^^^^^^^^^^^^^^^^^^^^^^^^^^^^^^^^^^^^^^^^^^^^^^^^^^^^^^^^^^^^^^^^^^^^^^^^^^^^^^^^^^
> 388 |
      | ^
> 389 |       {/* Approval Queue */}
      | ^^^^^^
  390 |       <section>
  391 |         <h2 className="text-sm font-semibold mb-3"
  392 |           style={{ color: "var(--muted)", borderBottom: "1px solid var(--card-border)", paddingBott...

Parsing ecmascript source code failed

Import trace:
  Server Component:
    ./app/admin/AdminDashboard.tsx
    ./app/admin/page.tsx @ http://localhost:3000/_next/static/chunks/node_modules_next_dist_0u_w_5s._.js:1945
[ 1705267ms] [ERROR] ./app/admin/AdminDashboard.tsx:387:17
Expected '</', got 'jsx text'
  385 |           );
  386 |         })()}
> 387 |       </section>
      |                 ^^^^^^^^^^^^^^^^^^^^^^^^^^^^^^^^^^^^^^^^^^^^^^^^^^^^^^^^^^^^^^^^^^^^^^^^^^^^^^^^^^^^^^
> 388 |
      | ^
> 389 |       {/* Approval Queue */}
      | ^^^^^^
  390 |       <section>
  391 |         <h2 className="text-sm font-semibold mb-3"
  392 |           style={{ color: "var(--muted)", borderBottom: "1px solid var(--card-border)", paddingBott...

Parsing ecmascript source code failed

Import trace:
  Server Component:
    ./app/admin/AdminDashboard.tsx
    ./app/admin/page.tsx @ http://localhost:3000/_next/static/chunks/node_modules_next_dist_0u_w_5s._.js:1945
[ 1705329ms] [ERROR] ./app/admin/AdminDashboard.tsx:387:17
Expected '</', got 'jsx text'
  385 |           );
  386 |         })()}
> 387 |       </section>
      |                 ^^^^^^^^^^^^^^^^^^^^^^^^^^^^^^^^^^^^^^^^^^^^^^^^^^^^^^^^^^^^^^^^^^^^^^^^^^^^^^^^^^^^^^
> 388 |
      | ^
> 389 |       {/* Approval Queue */}
      | ^^^^^^
  390 |       <section>
  391 |         <h2 className="text-sm font-semibold mb-3"
  392 |           style={{ color: "var(--muted)", borderBottom: "1px solid var(--card-border)", paddingBott...

Parsing ecmascript source code failed

Import trace:
  Server Component:
    ./app/admin/AdminDashboard.tsx
    ./app/admin/page.tsx @ http://localhost:3000/_next/static/chunks/node_modules_next_dist_0u_w_5s._.js:1945
[ 1705392ms] [ERROR] ./app/admin/AdminDashboard.tsx:387:17
Expected '</', got 'jsx text'
  385 |           );
  386 |         })()}
> 387 |       </section>
      |                 ^^^^^^^^^^^^^^^^^^^^^^^^^^^^^^^^^^^^^^^^^^^^^^^^^^^^^^^^^^^^^^^^^^^^^^^^^^^^^^^^^^^^^^
> 388 |
      | ^
> 389 |       {/* Approval Queue */}
      | ^^^^^^
  390 |       <section>
  391 |         <h2 className="text-sm font-semibold mb-3"
  392 |           style={{ color: "var(--muted)", borderBottom: "1px solid var(--card-border)", paddingBott...

Parsing ecmascript source code failed

Import trace:
  Server Component:
    ./app/admin/AdminDashboard.tsx
    ./app/admin/page.tsx @ http://localhost:3000/_next/static/chunks/node_modules_next_dist_0u_w_5s._.js:1945
[ 1705456ms] [ERROR] ./app/admin/AdminDashboard.tsx:387:17
Expected '</', got 'jsx text'
  385 |           );
  386 |         })()}
> 387 |       </section>
      |                 ^^^^^^^^^^^^^^^^^^^^^^^^^^^^^^^^^^^^^^^^^^^^^^^^^^^^^^^^^^^^^^^^^^^^^^^^^^^^^^^^^^^^^^
> 388 |
      | ^
> 389 |       {/* Approval Queue */}
      | ^^^^^^
  390 |       <section>
  391 |         <h2 className="text-sm font-semibold mb-3"
  392 |           style={{ color: "var(--muted)", borderBottom: "1px solid var(--card-border)", paddingBott...

Parsing ecmascript source code failed

Import trace:
  Server Component:
    ./app/admin/AdminDashboard.tsx
    ./app/admin/page.tsx @ http://localhost:3000/_next/static/chunks/node_modules_next_dist_0u_w_5s._.js:1945
[ 1705518ms] [ERROR] ./app/admin/AdminDashboard.tsx:387:17
Expected '</', got 'jsx text'
  385 |           );
  386 |         })()}
> 387 |       </section>
      |                 ^^^^^^^^^^^^^^^^^^^^^^^^^^^^^^^^^^^^^^^^^^^^^^^^^^^^^^^^^^^^^^^^^^^^^^^^^^^^^^^^^^^^^^
> 388 |
      | ^
> 389 |       {/* Approval Queue */}
      | ^^^^^^
  390 |       <section>
  391 |         <h2 className="text-sm font-semibold mb-3"
  392 |           style={{ color: "var(--muted)", borderBottom: "1px solid var(--card-border)", paddingBott...

Parsing ecmascript source code failed

Import trace:
  Server Component:
    ./app/admin/AdminDashboard.tsx
    ./app/admin/page.tsx @ http://localhost:3000/_next/static/chunks/node_modules_next_dist_0u_w_5s._.js:1945
[ 1705583ms] [ERROR] ./app/admin/AdminDashboard.tsx:387:17
Expected '</', got 'jsx text'
  385 |           );
  386 |         })()}
> 387 |       </section>
      |                 ^^^^^^^^^^^^^^^^^^^^^^^^^^^^^^^^^^^^^^^^^^^^^^^^^^^^^^^^^^^^^^^^^^^^^^^^^^^^^^^^^^^^^^
> 388 |
      | ^
> 389 |       {/* Approval Queue */}
      | ^^^^^^
  390 |       <section>
  391 |         <h2 className="text-sm font-semibold mb-3"
  392 |           style={{ color: "var(--muted)", borderBottom: "1px solid var(--card-border)", paddingBott...

Parsing ecmascript source code failed

Import trace:
  Server Component:
    ./app/admin/AdminDashboard.tsx
    ./app/admin/page.tsx @ http://localhost:3000/_next/static/chunks/node_modules_next_dist_0u_w_5s._.js:1945
[ 1705645ms] [ERROR] ./app/admin/AdminDashboard.tsx:387:17
Expected '</', got 'jsx text'
  385 |           );
  386 |         })()}
> 387 |       </section>
      |                 ^^^^^^^^^^^^^^^^^^^^^^^^^^^^^^^^^^^^^^^^^^^^^^^^^^^^^^^^^^^^^^^^^^^^^^^^^^^^^^^^^^^^^^
> 388 |
      | ^
> 389 |       {/* Approval Queue */}
      | ^^^^^^
  390 |       <section>
  391 |         <h2 className="text-sm font-semibold mb-3"
  392 |           style={{ color: "var(--muted)", borderBottom: "1px solid var(--card-border)", paddingBott...

Parsing ecmascript source code failed

Import trace:
  Server Component:
    ./app/admin/AdminDashboard.tsx
    ./app/admin/page.tsx @ http://localhost:3000/_next/static/chunks/node_modules_next_dist_0u_w_5s._.js:1945
[ 1705708ms] [ERROR] ./app/admin/AdminDashboard.tsx:387:17
Expected '</', got 'jsx text'
  385 |           );
  386 |         })()}
> 387 |       </section>
      |                 ^^^^^^^^^^^^^^^^^^^^^^^^^^^^^^^^^^^^^^^^^^^^^^^^^^^^^^^^^^^^^^^^^^^^^^^^^^^^^^^^^^^^^^
> 388 |
      | ^
> 389 |       {/* Approval Queue */}
      | ^^^^^^
  390 |       <section>
  391 |         <h2 className="text-sm font-semibold mb-3"
  392 |           style={{ color: "var(--muted)", borderBottom: "1px solid var(--card-border)", paddingBott...

Parsing ecmascript source code failed

Import trace:
  Server Component:
    ./app/admin/AdminDashboard.tsx
    ./app/admin/page.tsx @ http://localhost:3000/_next/static/chunks/node_modules_next_dist_0u_w_5s._.js:1945
[ 1705770ms] [ERROR] ./app/admin/AdminDashboard.tsx:387:17
Expected '</', got 'jsx text'
  385 |           );
  386 |         })()}
> 387 |       </section>
      |                 ^^^^^^^^^^^^^^^^^^^^^^^^^^^^^^^^^^^^^^^^^^^^^^^^^^^^^^^^^^^^^^^^^^^^^^^^^^^^^^^^^^^^^^
> 388 |
      | ^
> 389 |       {/* Approval Queue */}
      | ^^^^^^
  390 |       <section>
  391 |         <h2 className="text-sm font-semibold mb-3"
  392 |           style={{ color: "var(--muted)", borderBottom: "1px solid var(--card-border)", paddingBott...

Parsing ecmascript source code failed

Import trace:
  Server Component:
    ./app/admin/AdminDashboard.tsx
    ./app/admin/page.tsx @ http://localhost:3000/_next/static/chunks/node_modules_next_dist_0u_w_5s._.js:1945
[ 1705834ms] [ERROR] ./app/admin/AdminDashboard.tsx:387:17
Expected '</', got 'jsx text'
  385 |           );
  386 |         })()}
> 387 |       </section>
      |                 ^^^^^^^^^^^^^^^^^^^^^^^^^^^^^^^^^^^^^^^^^^^^^^^^^^^^^^^^^^^^^^^^^^^^^^^^^^^^^^^^^^^^^^
> 388 |
      | ^
> 389 |       {/* Approval Queue */}
      | ^^^^^^
  390 |       <section>
  391 |         <h2 className="text-sm font-semibold mb-3"
  392 |           style={{ color: "var(--muted)", borderBottom: "1px solid var(--card-border)", paddingBott...

Parsing ecmascript source code failed

Import trace:
  Server Component:
    ./app/admin/AdminDashboard.tsx
    ./app/admin/page.tsx @ http://localhost:3000/_next/static/chunks/node_modules_next_dist_0u_w_5s._.js:1945
[ 1705897ms] [ERROR] ./app/admin/AdminDashboard.tsx:387:17
Expected '</', got 'jsx text'
  385 |           );
  386 |         })()}
> 387 |       </section>
      |                 ^^^^^^^^^^^^^^^^^^^^^^^^^^^^^^^^^^^^^^^^^^^^^^^^^^^^^^^^^^^^^^^^^^^^^^^^^^^^^^^^^^^^^^
> 388 |
      | ^
> 389 |       {/* Approval Queue */}
      | ^^^^^^
  390 |       <section>
  391 |         <h2 className="text-sm font-semibold mb-3"
  392 |           style={{ color: "var(--muted)", borderBottom: "1px solid var(--card-border)", paddingBott...

Parsing ecmascript source code failed

Import trace:
  Server Component:
    ./app/admin/AdminDashboard.tsx
    ./app/admin/page.tsx @ http://localhost:3000/_next/static/chunks/node_modules_next_dist_0u_w_5s._.js:1945
[ 1705960ms] [ERROR] ./app/admin/AdminDashboard.tsx:387:17
Expected '</', got 'jsx text'
  385 |           );
  386 |         })()}
> 387 |       </section>
      |                 ^^^^^^^^^^^^^^^^^^^^^^^^^^^^^^^^^^^^^^^^^^^^^^^^^^^^^^^^^^^^^^^^^^^^^^^^^^^^^^^^^^^^^^
> 388 |
      | ^
> 389 |       {/* Approval Queue */}
      | ^^^^^^
  390 |       <section>
  391 |         <h2 className="text-sm font-semibold mb-3"
  392 |           style={{ color: "var(--muted)", borderBottom: "1px solid var(--card-border)", paddingBott...

Parsing ecmascript source code failed

Import trace:
  Server Component:
    ./app/admin/AdminDashboard.tsx
    ./app/admin/page.tsx @ http://localhost:3000/_next/static/chunks/node_modules_next_dist_0u_w_5s._.js:1945
[ 1706026ms] [ERROR] ./app/admin/AdminDashboard.tsx:387:17
Expected '</', got 'jsx text'
  385 |           );
  386 |         })()}
> 387 |       </section>
      |                 ^^^^^^^^^^^^^^^^^^^^^^^^^^^^^^^^^^^^^^^^^^^^^^^^^^^^^^^^^^^^^^^^^^^^^^^^^^^^^^^^^^^^^^
> 388 |
      | ^
> 389 |       {/* Approval Queue */}
      | ^^^^^^
  390 |       <section>
  391 |         <h2 className="text-sm font-semibold mb-3"
  392 |           style={{ color: "var(--muted)", borderBottom: "1px solid var(--card-border)", paddingBott...

Parsing ecmascript source code failed

Import trace:
  Server Component:
    ./app/admin/AdminDashboard.tsx
    ./app/admin/page.tsx @ http://localhost:3000/_next/static/chunks/node_modules_next_dist_0u_w_5s._.js:1945
[ 1706088ms] [ERROR] ./app/admin/AdminDashboard.tsx:387:17
Expected '</', got 'jsx text'
  385 |           );
  386 |         })()}
> 387 |       </section>
      |                 ^^^^^^^^^^^^^^^^^^^^^^^^^^^^^^^^^^^^^^^^^^^^^^^^^^^^^^^^^^^^^^^^^^^^^^^^^^^^^^^^^^^^^^
> 388 |
      | ^
> 389 |       {/* Approval Queue */}
      | ^^^^^^
  390 |       <section>
  391 |         <h2 className="text-sm font-semibold mb-3"
  392 |           style={{ color: "var(--muted)", borderBottom: "1px solid var(--card-border)", paddingBott...

Parsing ecmascript source code failed

Import trace:
  Server Component:
    ./app/admin/AdminDashboard.tsx
    ./app/admin/page.tsx @ http://localhost:3000/_next/static/chunks/node_modules_next_dist_0u_w_5s._.js:1945
[ 1706145ms] [ERROR] ./app/admin/AdminDashboard.tsx:387:17
Expected '</', got 'jsx text'
  385 |           );
  386 |         })()}
> 387 |       </section>
      |                 ^^^^^^^^^^^^^^^^^^^^^^^^^^^^^^^^^^^^^^^^^^^^^^^^^^^^^^^^^^^^^^^^^^^^^^^^^^^^^^^^^^^^^^
> 388 |
      | ^
> 389 |       {/* Approval Queue */}
      | ^^^^^^
  390 |       <section>
  391 |         <h2 className="text-sm font-semibold mb-3"
  392 |           style={{ color: "var(--muted)", borderBottom: "1px solid var(--card-border)", paddingBott...

Parsing ecmascript source code failed

Import trace:
  Server Component:
    ./app/admin/AdminDashboard.tsx
    ./app/admin/page.tsx @ http://localhost:3000/_next/static/chunks/node_modules_next_dist_0u_w_5s._.js:1945
[ 1706208ms] [ERROR] ./app/admin/AdminDashboard.tsx:387:17
Expected '</', got 'jsx text'
  385 |           );
  386 |         })()}
> 387 |       </section>
      |                 ^^^^^^^^^^^^^^^^^^^^^^^^^^^^^^^^^^^^^^^^^^^^^^^^^^^^^^^^^^^^^^^^^^^^^^^^^^^^^^^^^^^^^^
> 388 |
      | ^
> 389 |       {/* Approval Queue */}
      | ^^^^^^
  390 |       <section>
  391 |         <h2 className="text-sm font-semibold mb-3"
  392 |           style={{ color: "var(--muted)", borderBottom: "1px solid var(--card-border)", paddingBott...

Parsing ecmascript source code failed

Import trace:
  Server Component:
    ./app/admin/AdminDashboard.tsx
    ./app/admin/page.tsx @ http://localhost:3000/_next/static/chunks/node_modules_next_dist_0u_w_5s._.js:1945
[ 1706271ms] [ERROR] ./app/admin/AdminDashboard.tsx:387:17
Expected '</', got 'jsx text'
  385 |           );
  386 |         })()}
> 387 |       </section>
      |                 ^^^^^^^^^^^^^^^^^^^^^^^^^^^^^^^^^^^^^^^^^^^^^^^^^^^^^^^^^^^^^^^^^^^^^^^^^^^^^^^^^^^^^^
> 388 |
      | ^
> 389 |       {/* Approval Queue */}
      | ^^^^^^
  390 |       <section>
  391 |         <h2 className="text-sm font-semibold mb-3"
  392 |           style={{ color: "var(--muted)", borderBottom: "1px solid var(--card-border)", paddingBott...

Parsing ecmascript source code failed

Import trace:
  Server Component:
    ./app/admin/AdminDashboard.tsx
    ./app/admin/page.tsx @ http://localhost:3000/_next/static/chunks/node_modules_next_dist_0u_w_5s._.js:1945
[ 1706333ms] [ERROR] ./app/admin/AdminDashboard.tsx:387:17
Expected '</', got 'jsx text'
  385 |           );
  386 |         })()}
> 387 |       </section>
      |                 ^^^^^^^^^^^^^^^^^^^^^^^^^^^^^^^^^^^^^^^^^^^^^^^^^^^^^^^^^^^^^^^^^^^^^^^^^^^^^^^^^^^^^^
> 388 |
      | ^
> 389 |       {/* Approval Queue */}
      | ^^^^^^
  390 |       <section>
  391 |         <h2 className="text-sm font-semibold mb-3"
  392 |           style={{ color: "var(--muted)", borderBottom: "1px solid var(--card-border)", paddingBott...

Parsing ecmascript source code failed

Import trace:
  Server Component:
    ./app/admin/AdminDashboard.tsx
    ./app/admin/page.tsx @ http://localhost:3000/_next/static/chunks/node_modules_next_dist_0u_w_5s._.js:1945
[ 1706397ms] [ERROR] ./app/admin/AdminDashboard.tsx:387:17
Expected '</', got 'jsx text'
  385 |           );
  386 |         })()}
> 387 |       </section>
      |                 ^^^^^^^^^^^^^^^^^^^^^^^^^^^^^^^^^^^^^^^^^^^^^^^^^^^^^^^^^^^^^^^^^^^^^^^^^^^^^^^^^^^^^^
> 388 |
      | ^
> 389 |       {/* Approval Queue */}
      | ^^^^^^
  390 |       <section>
  391 |         <h2 className="text-sm font-semibold mb-3"
  392 |           style={{ color: "var(--muted)", borderBottom: "1px solid var(--card-border)", paddingBott...

Parsing ecmascript source code failed

Import trace:
  Server Component:
    ./app/admin/AdminDashboard.tsx
    ./app/admin/page.tsx @ http://localhost:3000/_next/static/chunks/node_modules_next_dist_0u_w_5s._.js:1945
[ 1706460ms] [ERROR] ./app/admin/AdminDashboard.tsx:387:17
Expected '</', got 'jsx text'
  385 |           );
  386 |         })()}
> 387 |       </section>
      |                 ^^^^^^^^^^^^^^^^^^^^^^^^^^^^^^^^^^^^^^^^^^^^^^^^^^^^^^^^^^^^^^^^^^^^^^^^^^^^^^^^^^^^^^
> 388 |
      | ^
> 389 |       {/* Approval Queue */}
      | ^^^^^^
  390 |       <section>
  391 |         <h2 className="text-sm font-semibold mb-3"
  392 |           style={{ color: "var(--muted)", borderBottom: "1px solid var(--card-border)", paddingBott...

Parsing ecmascript source code failed

Import trace:
  Server Component:
    ./app/admin/AdminDashboard.tsx
    ./app/admin/page.tsx @ http://localhost:3000/_next/static/chunks/node_modules_next_dist_0u_w_5s._.js:1945
[ 1706522ms] [ERROR] ./app/admin/AdminDashboard.tsx:387:17
Expected '</', got 'jsx text'
  385 |           );
  386 |         })()}
> 387 |       </section>
      |                 ^^^^^^^^^^^^^^^^^^^^^^^^^^^^^^^^^^^^^^^^^^^^^^^^^^^^^^^^^^^^^^^^^^^^^^^^^^^^^^^^^^^^^^
> 388 |
      | ^
> 389 |       {/* Approval Queue */}
      | ^^^^^^
  390 |       <section>
  391 |         <h2 className="text-sm font-semibold mb-3"
  392 |           style={{ color: "var(--muted)", borderBottom: "1px solid var(--card-border)", paddingBott...

Parsing ecmascript source code failed

Import trace:
  Server Component:
    ./app/admin/AdminDashboard.tsx
    ./app/admin/page.tsx @ http://localhost:3000/_next/static/chunks/node_modules_next_dist_0u_w_5s._.js:1945
[ 1706586ms] [ERROR] ./app/admin/AdminDashboard.tsx:387:17
Expected '</', got 'jsx text'
  385 |           );
  386 |         })()}
> 387 |       </section>
      |                 ^^^^^^^^^^^^^^^^^^^^^^^^^^^^^^^^^^^^^^^^^^^^^^^^^^^^^^^^^^^^^^^^^^^^^^^^^^^^^^^^^^^^^^
> 388 |
      | ^
> 389 |       {/* Approval Queue */}
      | ^^^^^^
  390 |       <section>
  391 |         <h2 className="text-sm font-semibold mb-3"
  392 |           style={{ color: "var(--muted)", borderBottom: "1px solid var(--card-border)", paddingBott...

Parsing ecmascript source code failed

Import trace:
  Server Component:
    ./app/admin/AdminDashboard.tsx
    ./app/admin/page.tsx @ http://localhost:3000/_next/static/chunks/node_modules_next_dist_0u_w_5s._.js:1945
[ 1706647ms] [ERROR] ./app/admin/AdminDashboard.tsx:387:17
Expected '</', got 'jsx text'
  385 |           );
  386 |         })()}
> 387 |       </section>
      |                 ^^^^^^^^^^^^^^^^^^^^^^^^^^^^^^^^^^^^^^^^^^^^^^^^^^^^^^^^^^^^^^^^^^^^^^^^^^^^^^^^^^^^^^
> 388 |
      | ^
> 389 |       {/* Approval Queue */}
      | ^^^^^^
  390 |       <section>
  391 |         <h2 className="text-sm font-semibold mb-3"
  392 |           style={{ color: "var(--muted)", borderBottom: "1px solid var(--card-border)", paddingBott...

Parsing ecmascript source code failed

Import trace:
  Server Component:
    ./app/admin/AdminDashboard.tsx
    ./app/admin/page.tsx @ http://localhost:3000/_next/static/chunks/node_modules_next_dist_0u_w_5s._.js:1945
[ 1706710ms] [ERROR] ./app/admin/AdminDashboard.tsx:387:17
Expected '</', got 'jsx text'
  385 |           );
  386 |         })()}
> 387 |       </section>
      |                 ^^^^^^^^^^^^^^^^^^^^^^^^^^^^^^^^^^^^^^^^^^^^^^^^^^^^^^^^^^^^^^^^^^^^^^^^^^^^^^^^^^^^^^
> 388 |
      | ^
> 389 |       {/* Approval Queue */}
      | ^^^^^^
  390 |       <section>
  391 |         <h2 className="text-sm font-semibold mb-3"
  392 |           style={{ color: "var(--muted)", borderBottom: "1px solid var(--card-border)", paddingBott...

Parsing ecmascript source code failed

Import trace:
  Server Component:
    ./app/admin/AdminDashboard.tsx
    ./app/admin/page.tsx @ http://localhost:3000/_next/static/chunks/node_modules_next_dist_0u_w_5s._.js:1945
[ 1706773ms] [ERROR] ./app/admin/AdminDashboard.tsx:387:17
Expected '</', got 'jsx text'
  385 |           );
  386 |         })()}
> 387 |       </section>
      |                 ^^^^^^^^^^^^^^^^^^^^^^^^^^^^^^^^^^^^^^^^^^^^^^^^^^^^^^^^^^^^^^^^^^^^^^^^^^^^^^^^^^^^^^
> 388 |
      | ^
> 389 |       {/* Approval Queue */}
      | ^^^^^^
  390 |       <section>
  391 |         <h2 className="text-sm font-semibold mb-3"
  392 |           style={{ color: "var(--muted)", borderBottom: "1px solid var(--card-border)", paddingBott...

Parsing ecmascript source code failed

Import trace:
  Server Component:
    ./app/admin/AdminDashboard.tsx
    ./app/admin/page.tsx @ http://localhost:3000/_next/static/chunks/node_modules_next_dist_0u_w_5s._.js:1945
[ 1706836ms] [ERROR] ./app/admin/AdminDashboard.tsx:387:17
Expected '</', got 'jsx text'
  385 |           );
  386 |         })()}
> 387 |       </section>
      |                 ^^^^^^^^^^^^^^^^^^^^^^^^^^^^^^^^^^^^^^^^^^^^^^^^^^^^^^^^^^^^^^^^^^^^^^^^^^^^^^^^^^^^^^
> 388 |
      | ^
> 389 |       {/* Approval Queue */}
      | ^^^^^^
  390 |       <section>
  391 |         <h2 className="text-sm font-semibold mb-3"
  392 |           style={{ color: "var(--muted)", borderBottom: "1px solid var(--card-border)", paddingBott...

Parsing ecmascript source code failed

Import trace:
  Server Component:
    ./app/admin/AdminDashboard.tsx
    ./app/admin/page.tsx @ http://localhost:3000/_next/static/chunks/node_modules_next_dist_0u_w_5s._.js:1945
[ 1706897ms] [ERROR] ./app/admin/AdminDashboard.tsx:387:17
Expected '</', got 'jsx text'
  385 |           );
  386 |         })()}
> 387 |       </section>
      |                 ^^^^^^^^^^^^^^^^^^^^^^^^^^^^^^^^^^^^^^^^^^^^^^^^^^^^^^^^^^^^^^^^^^^^^^^^^^^^^^^^^^^^^^
> 388 |
      | ^
> 389 |       {/* Approval Queue */}
      | ^^^^^^
  390 |       <section>
  391 |         <h2 className="text-sm font-semibold mb-3"
  392 |           style={{ color: "var(--muted)", borderBottom: "1px solid var(--card-border)", paddingBott...

Parsing ecmascript source code failed

Import trace:
  Server Component:
    ./app/admin/AdminDashboard.tsx
    ./app/admin/page.tsx @ http://localhost:3000/_next/static/chunks/node_modules_next_dist_0u_w_5s._.js:1945
[ 1706964ms] [ERROR] ./app/admin/AdminDashboard.tsx:387:17
Expected '</', got 'jsx text'
  385 |           );
  386 |         })()}
> 387 |       </section>
      |                 ^^^^^^^^^^^^^^^^^^^^^^^^^^^^^^^^^^^^^^^^^^^^^^^^^^^^^^^^^^^^^^^^^^^^^^^^^^^^^^^^^^^^^^
> 388 |
      | ^
> 389 |       {/* Approval Queue */}
      | ^^^^^^
  390 |       <section>
  391 |         <h2 className="text-sm font-semibold mb-3"
  392 |           style={{ color: "var(--muted)", borderBottom: "1px solid var(--card-border)", paddingBott...

Parsing ecmascript source code failed

Import trace:
  Server Component:
    ./app/admin/AdminDashboard.tsx
    ./app/admin/page.tsx @ http://localhost:3000/_next/static/chunks/node_modules_next_dist_0u_w_5s._.js:1945
[ 1707026ms] [ERROR] ./app/admin/AdminDashboard.tsx:387:17
Expected '</', got 'jsx text'
  385 |           );
  386 |         })()}
> 387 |       </section>
      |                 ^^^^^^^^^^^^^^^^^^^^^^^^^^^^^^^^^^^^^^^^^^^^^^^^^^^^^^^^^^^^^^^^^^^^^^^^^^^^^^^^^^^^^^
> 388 |
      | ^
> 389 |       {/* Approval Queue */}
      | ^^^^^^
  390 |       <section>
  391 |         <h2 className="text-sm font-semibold mb-3"
  392 |           style={{ color: "var(--muted)", borderBottom: "1px solid var(--card-border)", paddingBott...

Parsing ecmascript source code failed

Import trace:
  Server Component:
    ./app/admin/AdminDashboard.tsx
    ./app/admin/page.tsx @ http://localhost:3000/_next/static/chunks/node_modules_next_dist_0u_w_5s._.js:1945
[ 1707088ms] [ERROR] ./app/admin/AdminDashboard.tsx:387:17
Expected '</', got 'jsx text'
  385 |           );
  386 |         })()}
> 387 |       </section>
      |                 ^^^^^^^^^^^^^^^^^^^^^^^^^^^^^^^^^^^^^^^^^^^^^^^^^^^^^^^^^^^^^^^^^^^^^^^^^^^^^^^^^^^^^^
> 388 |
      | ^
> 389 |       {/* Approval Queue */}
      | ^^^^^^
  390 |       <section>
  391 |         <h2 className="text-sm font-semibold mb-3"
  392 |           style={{ color: "var(--muted)", borderBottom: "1px solid var(--card-border)", paddingBott...

Parsing ecmascript source code failed

Import trace:
  Server Component:
    ./app/admin/AdminDashboard.tsx
    ./app/admin/page.tsx @ http://localhost:3000/_next/static/chunks/node_modules_next_dist_0u_w_5s._.js:1945
[ 1707150ms] [ERROR] ./app/admin/AdminDashboard.tsx:387:17
Expected '</', got 'jsx text'
  385 |           );
  386 |         })()}
> 387 |       </section>
      |                 ^^^^^^^^^^^^^^^^^^^^^^^^^^^^^^^^^^^^^^^^^^^^^^^^^^^^^^^^^^^^^^^^^^^^^^^^^^^^^^^^^^^^^^
> 388 |
      | ^
> 389 |       {/* Approval Queue */}
      | ^^^^^^
  390 |       <section>
  391 |         <h2 className="text-sm font-semibold mb-3"
  392 |           style={{ color: "var(--muted)", borderBottom: "1px solid var(--card-border)", paddingBott...

Parsing ecmascript source code failed

Import trace:
  Server Component:
    ./app/admin/AdminDashboard.tsx
    ./app/admin/page.tsx @ http://localhost:3000/_next/static/chunks/node_modules_next_dist_0u_w_5s._.js:1945
[ 1707213ms] [ERROR] ./app/admin/AdminDashboard.tsx:387:17
Expected '</', got 'jsx text'
  385 |           );
  386 |         })()}
> 387 |       </section>
      |                 ^^^^^^^^^^^^^^^^^^^^^^^^^^^^^^^^^^^^^^^^^^^^^^^^^^^^^^^^^^^^^^^^^^^^^^^^^^^^^^^^^^^^^^
> 388 |
      | ^
> 389 |       {/* Approval Queue */}
      | ^^^^^^
  390 |       <section>
  391 |         <h2 className="text-sm font-semibold mb-3"
  392 |           style={{ color: "var(--muted)", borderBottom: "1px solid var(--card-border)", paddingBott...

Parsing ecmascript source code failed

Import trace:
  Server Component:
    ./app/admin/AdminDashboard.tsx
    ./app/admin/page.tsx @ http://localhost:3000/_next/static/chunks/node_modules_next_dist_0u_w_5s._.js:1945
[ 1707281ms] [ERROR] ./app/admin/AdminDashboard.tsx:387:17
Expected '</', got 'jsx text'
  385 |           );
  386 |         })()}
> 387 |       </section>
      |                 ^^^^^^^^^^^^^^^^^^^^^^^^^^^^^^^^^^^^^^^^^^^^^^^^^^^^^^^^^^^^^^^^^^^^^^^^^^^^^^^^^^^^^^
> 388 |
      | ^
> 389 |       {/* Approval Queue */}
      | ^^^^^^
  390 |       <section>
  391 |         <h2 className="text-sm font-semibold mb-3"
  392 |           style={{ color: "var(--muted)", borderBottom: "1px solid var(--card-border)", paddingBott...

Parsing ecmascript source code failed

Import trace:
  Server Component:
    ./app/admin/AdminDashboard.tsx
    ./app/admin/page.tsx @ http://localhost:3000/_next/static/chunks/node_modules_next_dist_0u_w_5s._.js:1945
[ 1707348ms] [ERROR] ./app/admin/AdminDashboard.tsx:387:17
Expected '</', got 'jsx text'
  385 |           );
  386 |         })()}
> 387 |       </section>
      |                 ^^^^^^^^^^^^^^^^^^^^^^^^^^^^^^^^^^^^^^^^^^^^^^^^^^^^^^^^^^^^^^^^^^^^^^^^^^^^^^^^^^^^^^
> 388 |
      | ^
> 389 |       {/* Approval Queue */}
      | ^^^^^^
  390 |       <section>
  391 |         <h2 className="text-sm font-semibold mb-3"
  392 |           style={{ color: "var(--muted)", borderBottom: "1px solid var(--card-border)", paddingBott...

Parsing ecmascript source code failed

Import trace:
  Server Component:
    ./app/admin/AdminDashboard.tsx
    ./app/admin/page.tsx @ http://localhost:3000/_next/static/chunks/node_modules_next_dist_0u_w_5s._.js:1945
[ 1707410ms] [ERROR] ./app/admin/AdminDashboard.tsx:387:17
Expected '</', got 'jsx text'
  385 |           );
  386 |         })()}
> 387 |       </section>
      |                 ^^^^^^^^^^^^^^^^^^^^^^^^^^^^^^^^^^^^^^^^^^^^^^^^^^^^^^^^^^^^^^^^^^^^^^^^^^^^^^^^^^^^^^
> 388 |
      | ^
> 389 |       {/* Approval Queue */}
      | ^^^^^^
  390 |       <section>
  391 |         <h2 className="text-sm font-semibold mb-3"
  392 |           style={{ color: "var(--muted)", borderBottom: "1px solid var(--card-border)", paddingBott...

Parsing ecmascript source code failed

Import trace:
  Server Component:
    ./app/admin/AdminDashboard.tsx
    ./app/admin/page.tsx @ http://localhost:3000/_next/static/chunks/node_modules_next_dist_0u_w_5s._.js:1945
[ 1707473ms] [ERROR] ./app/admin/AdminDashboard.tsx:387:17
Expected '</', got 'jsx text'
  385 |           );
  386 |         })()}
> 387 |       </section>
      |                 ^^^^^^^^^^^^^^^^^^^^^^^^^^^^^^^^^^^^^^^^^^^^^^^^^^^^^^^^^^^^^^^^^^^^^^^^^^^^^^^^^^^^^^
> 388 |
      | ^
> 389 |       {/* Approval Queue */}
      | ^^^^^^
  390 |       <section>
  391 |         <h2 className="text-sm font-semibold mb-3"
  392 |           style={{ color: "var(--muted)", borderBottom: "1px solid var(--card-border)", paddingBott...

Parsing ecmascript source code failed

Import trace:
  Server Component:
    ./app/admin/AdminDashboard.tsx
    ./app/admin/page.tsx @ http://localhost:3000/_next/static/chunks/node_modules_next_dist_0u_w_5s._.js:1945
[ 1707536ms] [ERROR] ./app/admin/AdminDashboard.tsx:387:17
Expected '</', got 'jsx text'
  385 |           );
  386 |         })()}
> 387 |       </section>
      |                 ^^^^^^^^^^^^^^^^^^^^^^^^^^^^^^^^^^^^^^^^^^^^^^^^^^^^^^^^^^^^^^^^^^^^^^^^^^^^^^^^^^^^^^
> 388 |
      | ^
> 389 |       {/* Approval Queue */}
      | ^^^^^^
  390 |       <section>
  391 |         <h2 className="text-sm font-semibold mb-3"
  392 |           style={{ color: "var(--muted)", borderBottom: "1px solid var(--card-border)", paddingBott...

Parsing ecmascript source code failed

Import trace:
  Server Component:
    ./app/admin/AdminDashboard.tsx
    ./app/admin/page.tsx @ http://localhost:3000/_next/static/chunks/node_modules_next_dist_0u_w_5s._.js:1945
[ 1707598ms] [ERROR] ./app/admin/AdminDashboard.tsx:387:17
Expected '</', got 'jsx text'
  385 |           );
  386 |         })()}
> 387 |       </section>
      |                 ^^^^^^^^^^^^^^^^^^^^^^^^^^^^^^^^^^^^^^^^^^^^^^^^^^^^^^^^^^^^^^^^^^^^^^^^^^^^^^^^^^^^^^
> 388 |
      | ^
> 389 |       {/* Approval Queue */}
      | ^^^^^^
  390 |       <section>
  391 |         <h2 className="text-sm font-semibold mb-3"
  392 |           style={{ color: "var(--muted)", borderBottom: "1px solid var(--card-border)", paddingBott...

Parsing ecmascript source code failed

Import trace:
  Server Component:
    ./app/admin/AdminDashboard.tsx
    ./app/admin/page.tsx @ http://localhost:3000/_next/static/chunks/node_modules_next_dist_0u_w_5s._.js:1945
[ 1707660ms] [ERROR] ./app/admin/AdminDashboard.tsx:387:17
Expected '</', got 'jsx text'
  385 |           );
  386 |         })()}
> 387 |       </section>
      |                 ^^^^^^^^^^^^^^^^^^^^^^^^^^^^^^^^^^^^^^^^^^^^^^^^^^^^^^^^^^^^^^^^^^^^^^^^^^^^^^^^^^^^^^
> 388 |
      | ^
> 389 |       {/* Approval Queue */}
      | ^^^^^^
  390 |       <section>
  391 |         <h2 className="text-sm font-semibold mb-3"
  392 |           style={{ color: "var(--muted)", borderBottom: "1px solid var(--card-border)", paddingBott...

Parsing ecmascript source code failed

Import trace:
  Server Component:
    ./app/admin/AdminDashboard.tsx
    ./app/admin/page.tsx @ http://localhost:3000/_next/static/chunks/node_modules_next_dist_0u_w_5s._.js:1945
[ 1707723ms] [ERROR] ./app/admin/AdminDashboard.tsx:387:17
Expected '</', got 'jsx text'
  385 |           );
  386 |         })()}
> 387 |       </section>
      |                 ^^^^^^^^^^^^^^^^^^^^^^^^^^^^^^^^^^^^^^^^^^^^^^^^^^^^^^^^^^^^^^^^^^^^^^^^^^^^^^^^^^^^^^
> 388 |
      | ^
> 389 |       {/* Approval Queue */}
      | ^^^^^^
  390 |       <section>
  391 |         <h2 className="text-sm font-semibold mb-3"
  392 |           style={{ color: "var(--muted)", borderBottom: "1px solid var(--card-border)", paddingBott...

Parsing ecmascript source code failed

Import trace:
  Server Component:
    ./app/admin/AdminDashboard.tsx
    ./app/admin/page.tsx @ http://localhost:3000/_next/static/chunks/node_modules_next_dist_0u_w_5s._.js:1945
[ 1707785ms] [ERROR] ./app/admin/AdminDashboard.tsx:387:17
Expected '</', got 'jsx text'
  385 |           );
  386 |         })()}
> 387 |       </section>
      |                 ^^^^^^^^^^^^^^^^^^^^^^^^^^^^^^^^^^^^^^^^^^^^^^^^^^^^^^^^^^^^^^^^^^^^^^^^^^^^^^^^^^^^^^
> 388 |
      | ^
> 389 |       {/* Approval Queue */}
      | ^^^^^^
  390 |       <section>
  391 |         <h2 className="text-sm font-semibold mb-3"
  392 |           style={{ color: "var(--muted)", borderBottom: "1px solid var(--card-border)", paddingBott...

Parsing ecmascript source code failed

Import trace:
  Server Component:
    ./app/admin/AdminDashboard.tsx
    ./app/admin/page.tsx @ http://localhost:3000/_next/static/chunks/node_modules_next_dist_0u_w_5s._.js:1945
[ 1707847ms] [ERROR] ./app/admin/AdminDashboard.tsx:387:17
Expected '</', got 'jsx text'
  385 |           );
  386 |         })()}
> 387 |       </section>
      |                 ^^^^^^^^^^^^^^^^^^^^^^^^^^^^^^^^^^^^^^^^^^^^^^^^^^^^^^^^^^^^^^^^^^^^^^^^^^^^^^^^^^^^^^
> 388 |
      | ^
> 389 |       {/* Approval Queue */}
      | ^^^^^^
  390 |       <section>
  391 |         <h2 className="text-sm font-semibold mb-3"
  392 |           style={{ color: "var(--muted)", borderBottom: "1px solid var(--card-border)", paddingBott...

Parsing ecmascript source code failed

Import trace:
  Server Component:
    ./app/admin/AdminDashboard.tsx
    ./app/admin/page.tsx @ http://localhost:3000/_next/static/chunks/node_modules_next_dist_0u_w_5s._.js:1945
[ 1707909ms] [ERROR] ./app/admin/AdminDashboard.tsx:387:17
Expected '</', got 'jsx text'
  385 |           );
  386 |         })()}
> 387 |       </section>
      |                 ^^^^^^^^^^^^^^^^^^^^^^^^^^^^^^^^^^^^^^^^^^^^^^^^^^^^^^^^^^^^^^^^^^^^^^^^^^^^^^^^^^^^^^
> 388 |
      | ^
> 389 |       {/* Approval Queue */}
      | ^^^^^^
  390 |       <section>
  391 |         <h2 className="text-sm font-semibold mb-3"
  392 |           style={{ color: "var(--muted)", borderBottom: "1px solid var(--card-border)", paddingBott...

Parsing ecmascript source code failed

Import trace:
  Server Component:
    ./app/admin/AdminDashboard.tsx
    ./app/admin/page.tsx @ http://localhost:3000/_next/static/chunks/node_modules_next_dist_0u_w_5s._.js:1945
[ 1707969ms] [ERROR] ./app/admin/AdminDashboard.tsx:387:17
Expected '</', got 'jsx text'
  385 |           );
  386 |         })()}
> 387 |       </section>
      |                 ^^^^^^^^^^^^^^^^^^^^^^^^^^^^^^^^^^^^^^^^^^^^^^^^^^^^^^^^^^^^^^^^^^^^^^^^^^^^^^^^^^^^^^
> 388 |
      | ^
> 389 |       {/* Approval Queue */}
      | ^^^^^^
  390 |       <section>
  391 |         <h2 className="text-sm font-semibold mb-3"
  392 |           style={{ color: "var(--muted)", borderBottom: "1px solid var(--card-border)", paddingBott...

Parsing ecmascript source code failed

Import trace:
  Server Component:
    ./app/admin/AdminDashboard.tsx
    ./app/admin/page.tsx @ http://localhost:3000/_next/static/chunks/node_modules_next_dist_0u_w_5s._.js:1945
[ 1708031ms] [ERROR] ./app/admin/AdminDashboard.tsx:387:17
Expected '</', got 'jsx text'
  385 |           );
  386 |         })()}
> 387 |       </section>
      |                 ^^^^^^^^^^^^^^^^^^^^^^^^^^^^^^^^^^^^^^^^^^^^^^^^^^^^^^^^^^^^^^^^^^^^^^^^^^^^^^^^^^^^^^
> 388 |
      | ^
> 389 |       {/* Approval Queue */}
      | ^^^^^^
  390 |       <section>
  391 |         <h2 className="text-sm font-semibold mb-3"
  392 |           style={{ color: "var(--muted)", borderBottom: "1px solid var(--card-border)", paddingBott...

Parsing ecmascript source code failed

Import trace:
  Server Component:
    ./app/admin/AdminDashboard.tsx
    ./app/admin/page.tsx @ http://localhost:3000/_next/static/chunks/node_modules_next_dist_0u_w_5s._.js:1945
[ 1708095ms] [ERROR] ./app/admin/AdminDashboard.tsx:387:17
Expected '</', got 'jsx text'
  385 |           );
  386 |         })()}
> 387 |       </section>
      |                 ^^^^^^^^^^^^^^^^^^^^^^^^^^^^^^^^^^^^^^^^^^^^^^^^^^^^^^^^^^^^^^^^^^^^^^^^^^^^^^^^^^^^^^
> 388 |
      | ^
> 389 |       {/* Approval Queue */}
      | ^^^^^^
  390 |       <section>
  391 |         <h2 className="text-sm font-semibold mb-3"
  392 |           style={{ color: "var(--muted)", borderBottom: "1px solid var(--card-border)", paddingBott...

Parsing ecmascript source code failed

Import trace:
  Server Component:
    ./app/admin/AdminDashboard.tsx
    ./app/admin/page.tsx @ http://localhost:3000/_next/static/chunks/node_modules_next_dist_0u_w_5s._.js:1945
[ 1708156ms] [ERROR] ./app/admin/AdminDashboard.tsx:387:17
Expected '</', got 'jsx text'
  385 |           );
  386 |         })()}
> 387 |       </section>
      |                 ^^^^^^^^^^^^^^^^^^^^^^^^^^^^^^^^^^^^^^^^^^^^^^^^^^^^^^^^^^^^^^^^^^^^^^^^^^^^^^^^^^^^^^
> 388 |
      | ^
> 389 |       {/* Approval Queue */}
      | ^^^^^^
  390 |       <section>
  391 |         <h2 className="text-sm font-semibold mb-3"
  392 |           style={{ color: "var(--muted)", borderBottom: "1px solid var(--card-border)", paddingBott...

Parsing ecmascript source code failed

Import trace:
  Server Component:
    ./app/admin/AdminDashboard.tsx
    ./app/admin/page.tsx @ http://localhost:3000/_next/static/chunks/node_modules_next_dist_0u_w_5s._.js:1945
[ 1708219ms] [ERROR] ./app/admin/AdminDashboard.tsx:387:17
Expected '</', got 'jsx text'
  385 |           );
  386 |         })()}
> 387 |       </section>
      |                 ^^^^^^^^^^^^^^^^^^^^^^^^^^^^^^^^^^^^^^^^^^^^^^^^^^^^^^^^^^^^^^^^^^^^^^^^^^^^^^^^^^^^^^
> 388 |
      | ^
> 389 |       {/* Approval Queue */}
      | ^^^^^^
  390 |       <section>
  391 |         <h2 className="text-sm font-semibold mb-3"
  392 |           style={{ color: "var(--muted)", borderBottom: "1px solid var(--card-border)", paddingBott...

Parsing ecmascript source code failed

Import trace:
  Server Component:
    ./app/admin/AdminDashboard.tsx
    ./app/admin/page.tsx @ http://localhost:3000/_next/static/chunks/node_modules_next_dist_0u_w_5s._.js:1945
[ 1708280ms] [ERROR] ./app/admin/AdminDashboard.tsx:387:17
Expected '</', got 'jsx text'
  385 |           );
  386 |         })()}
> 387 |       </section>
      |                 ^^^^^^^^^^^^^^^^^^^^^^^^^^^^^^^^^^^^^^^^^^^^^^^^^^^^^^^^^^^^^^^^^^^^^^^^^^^^^^^^^^^^^^
> 388 |
      | ^
> 389 |       {/* Approval Queue */}
      | ^^^^^^
  390 |       <section>
  391 |         <h2 className="text-sm font-semibold mb-3"
  392 |           style={{ color: "var(--muted)", borderBottom: "1px solid var(--card-border)", paddingBott...

Parsing ecmascript source code failed

Import trace:
  Server Component:
    ./app/admin/AdminDashboard.tsx
    ./app/admin/page.tsx @ http://localhost:3000/_next/static/chunks/node_modules_next_dist_0u_w_5s._.js:1945
[ 1708343ms] [ERROR] ./app/admin/AdminDashboard.tsx:387:17
Expected '</', got 'jsx text'
  385 |           );
  386 |         })()}
> 387 |       </section>
      |                 ^^^^^^^^^^^^^^^^^^^^^^^^^^^^^^^^^^^^^^^^^^^^^^^^^^^^^^^^^^^^^^^^^^^^^^^^^^^^^^^^^^^^^^
> 388 |
      | ^
> 389 |       {/* Approval Queue */}
      | ^^^^^^
  390 |       <section>
  391 |         <h2 className="text-sm font-semibold mb-3"
  392 |           style={{ color: "var(--muted)", borderBottom: "1px solid var(--card-border)", paddingBott...

Parsing ecmascript source code failed

Import trace:
  Server Component:
    ./app/admin/AdminDashboard.tsx
    ./app/admin/page.tsx @ http://localhost:3000/_next/static/chunks/node_modules_next_dist_0u_w_5s._.js:1945
[ 1708407ms] [ERROR] ./app/admin/AdminDashboard.tsx:387:17
Expected '</', got 'jsx text'
  385 |           );
  386 |         })()}
> 387 |       </section>
      |                 ^^^^^^^^^^^^^^^^^^^^^^^^^^^^^^^^^^^^^^^^^^^^^^^^^^^^^^^^^^^^^^^^^^^^^^^^^^^^^^^^^^^^^^
> 388 |
      | ^
> 389 |       {/* Approval Queue */}
      | ^^^^^^
  390 |       <section>
  391 |         <h2 className="text-sm font-semibold mb-3"
  392 |           style={{ color: "var(--muted)", borderBottom: "1px solid var(--card-border)", paddingBott...

Parsing ecmascript source code failed

Import trace:
  Server Component:
    ./app/admin/AdminDashboard.tsx
    ./app/admin/page.tsx @ http://localhost:3000/_next/static/chunks/node_modules_next_dist_0u_w_5s._.js:1945
[ 1708468ms] [ERROR] ./app/admin/AdminDashboard.tsx:387:17
Expected '</', got 'jsx text'
  385 |           );
  386 |         })()}
> 387 |       </section>
      |                 ^^^^^^^^^^^^^^^^^^^^^^^^^^^^^^^^^^^^^^^^^^^^^^^^^^^^^^^^^^^^^^^^^^^^^^^^^^^^^^^^^^^^^^
> 388 |
      | ^
> 389 |       {/* Approval Queue */}
      | ^^^^^^
  390 |       <section>
  391 |         <h2 className="text-sm font-semibold mb-3"
  392 |           style={{ color: "var(--muted)", borderBottom: "1px solid var(--card-border)", paddingBott...

Parsing ecmascript source code failed

Import trace:
  Server Component:
    ./app/admin/AdminDashboard.tsx
    ./app/admin/page.tsx @ http://localhost:3000/_next/static/chunks/node_modules_next_dist_0u_w_5s._.js:1945
[ 1708532ms] [ERROR] ./app/admin/AdminDashboard.tsx:387:17
Expected '</', got 'jsx text'
  385 |           );
  386 |         })()}
> 387 |       </section>
      |                 ^^^^^^^^^^^^^^^^^^^^^^^^^^^^^^^^^^^^^^^^^^^^^^^^^^^^^^^^^^^^^^^^^^^^^^^^^^^^^^^^^^^^^^
> 388 |
      | ^
> 389 |       {/* Approval Queue */}
      | ^^^^^^
  390 |       <section>
  391 |         <h2 className="text-sm font-semibold mb-3"
  392 |           style={{ color: "var(--muted)", borderBottom: "1px solid var(--card-border)", paddingBott...

Parsing ecmascript source code failed

Import trace:
  Server Component:
    ./app/admin/AdminDashboard.tsx
    ./app/admin/page.tsx @ http://localhost:3000/_next/static/chunks/node_modules_next_dist_0u_w_5s._.js:1945
[ 1708595ms] [ERROR] ./app/admin/AdminDashboard.tsx:387:17
Expected '</', got 'jsx text'
  385 |           );
  386 |         })()}
> 387 |       </section>
      |                 ^^^^^^^^^^^^^^^^^^^^^^^^^^^^^^^^^^^^^^^^^^^^^^^^^^^^^^^^^^^^^^^^^^^^^^^^^^^^^^^^^^^^^^
> 388 |
      | ^
> 389 |       {/* Approval Queue */}
      | ^^^^^^
  390 |       <section>
  391 |         <h2 className="text-sm font-semibold mb-3"
  392 |           style={{ color: "var(--muted)", borderBottom: "1px solid var(--card-border)", paddingBott...

Parsing ecmascript source code failed

Import trace:
  Server Component:
    ./app/admin/AdminDashboard.tsx
    ./app/admin/page.tsx @ http://localhost:3000/_next/static/chunks/node_modules_next_dist_0u_w_5s._.js:1945
[ 1708655ms] [ERROR] ./app/admin/AdminDashboard.tsx:387:17
Expected '</', got 'jsx text'
  385 |           );
  386 |         })()}
> 387 |       </section>
      |                 ^^^^^^^^^^^^^^^^^^^^^^^^^^^^^^^^^^^^^^^^^^^^^^^^^^^^^^^^^^^^^^^^^^^^^^^^^^^^^^^^^^^^^^
> 388 |
      | ^
> 389 |       {/* Approval Queue */}
      | ^^^^^^
  390 |       <section>
  391 |         <h2 className="text-sm font-semibold mb-3"
  392 |           style={{ color: "var(--muted)", borderBottom: "1px solid var(--card-border)", paddingBott...

Parsing ecmascript source code failed

Import trace:
  Server Component:
    ./app/admin/AdminDashboard.tsx
    ./app/admin/page.tsx @ http://localhost:3000/_next/static/chunks/node_modules_next_dist_0u_w_5s._.js:1945
[ 1708714ms] [ERROR] ./app/admin/AdminDashboard.tsx:387:17
Expected '</', got 'jsx text'
  385 |           );
  386 |         })()}
> 387 |       </section>
      |                 ^^^^^^^^^^^^^^^^^^^^^^^^^^^^^^^^^^^^^^^^^^^^^^^^^^^^^^^^^^^^^^^^^^^^^^^^^^^^^^^^^^^^^^
> 388 |
      | ^
> 389 |       {/* Approval Queue */}
      | ^^^^^^
  390 |       <section>
  391 |         <h2 className="text-sm font-semibold mb-3"
  392 |           style={{ color: "var(--muted)", borderBottom: "1px solid var(--card-border)", paddingBott...

Parsing ecmascript source code failed

Import trace:
  Server Component:
    ./app/admin/AdminDashboard.tsx
    ./app/admin/page.tsx @ http://localhost:3000/_next/static/chunks/node_modules_next_dist_0u_w_5s._.js:1945
[ 1708777ms] [ERROR] ./app/admin/AdminDashboard.tsx:387:17
Expected '</', got 'jsx text'
  385 |           );
  386 |         })()}
> 387 |       </section>
      |                 ^^^^^^^^^^^^^^^^^^^^^^^^^^^^^^^^^^^^^^^^^^^^^^^^^^^^^^^^^^^^^^^^^^^^^^^^^^^^^^^^^^^^^^
> 388 |
      | ^
> 389 |       {/* Approval Queue */}
      | ^^^^^^
  390 |       <section>
  391 |         <h2 className="text-sm font-semibold mb-3"
  392 |           style={{ color: "var(--muted)", borderBottom: "1px solid var(--card-border)", paddingBott...

Parsing ecmascript source code failed

Import trace:
  Server Component:
    ./app/admin/AdminDashboard.tsx
    ./app/admin/page.tsx @ http://localhost:3000/_next/static/chunks/node_modules_next_dist_0u_w_5s._.js:1945
[ 1708841ms] [ERROR] ./app/admin/AdminDashboard.tsx:387:17
Expected '</', got 'jsx text'
  385 |           );
  386 |         })()}
> 387 |       </section>
      |                 ^^^^^^^^^^^^^^^^^^^^^^^^^^^^^^^^^^^^^^^^^^^^^^^^^^^^^^^^^^^^^^^^^^^^^^^^^^^^^^^^^^^^^^
> 388 |
      | ^
> 389 |       {/* Approval Queue */}
      | ^^^^^^
  390 |       <section>
  391 |         <h2 className="text-sm font-semibold mb-3"
  392 |           style={{ color: "var(--muted)", borderBottom: "1px solid var(--card-border)", paddingBott...

Parsing ecmascript source code failed

Import trace:
  Server Component:
    ./app/admin/AdminDashboard.tsx
    ./app/admin/page.tsx @ http://localhost:3000/_next/static/chunks/node_modules_next_dist_0u_w_5s._.js:1945
[ 1708900ms] [ERROR] ./app/admin/AdminDashboard.tsx:387:17
Expected '</', got 'jsx text'
  385 |           );
  386 |         })()}
> 387 |       </section>
      |                 ^^^^^^^^^^^^^^^^^^^^^^^^^^^^^^^^^^^^^^^^^^^^^^^^^^^^^^^^^^^^^^^^^^^^^^^^^^^^^^^^^^^^^^
> 388 |
      | ^
> 389 |       {/* Approval Queue */}
      | ^^^^^^
  390 |       <section>
  391 |         <h2 className="text-sm font-semibold mb-3"
  392 |           style={{ color: "var(--muted)", borderBottom: "1px solid var(--card-border)", paddingBott...

Parsing ecmascript source code failed

Import trace:
  Server Component:
    ./app/admin/AdminDashboard.tsx
    ./app/admin/page.tsx @ http://localhost:3000/_next/static/chunks/node_modules_next_dist_0u_w_5s._.js:1945
[ 1708962ms] [ERROR] ./app/admin/AdminDashboard.tsx:387:17
Expected '</', got 'jsx text'
  385 |           );
  386 |         })()}
> 387 |       </section>
      |                 ^^^^^^^^^^^^^^^^^^^^^^^^^^^^^^^^^^^^^^^^^^^^^^^^^^^^^^^^^^^^^^^^^^^^^^^^^^^^^^^^^^^^^^
> 388 |
      | ^
> 389 |       {/* Approval Queue */}
      | ^^^^^^
  390 |       <section>
  391 |         <h2 className="text-sm font-semibold mb-3"
  392 |           style={{ color: "var(--muted)", borderBottom: "1px solid var(--card-border)", paddingBott...

Parsing ecmascript source code failed

Import trace:
  Server Component:
    ./app/admin/AdminDashboard.tsx
    ./app/admin/page.tsx @ http://localhost:3000/_next/static/chunks/node_modules_next_dist_0u_w_5s._.js:1945
[ 1709025ms] [ERROR] ./app/admin/AdminDashboard.tsx:387:17
Expected '</', got 'jsx text'
  385 |           );
  386 |         })()}
> 387 |       </section>
      |                 ^^^^^^^^^^^^^^^^^^^^^^^^^^^^^^^^^^^^^^^^^^^^^^^^^^^^^^^^^^^^^^^^^^^^^^^^^^^^^^^^^^^^^^
> 388 |
      | ^
> 389 |       {/* Approval Queue */}
      | ^^^^^^
  390 |       <section>
  391 |         <h2 className="text-sm font-semibold mb-3"
  392 |           style={{ color: "var(--muted)", borderBottom: "1px solid var(--card-border)", paddingBott...

Parsing ecmascript source code failed

Import trace:
  Server Component:
    ./app/admin/AdminDashboard.tsx
    ./app/admin/page.tsx @ http://localhost:3000/_next/static/chunks/node_modules_next_dist_0u_w_5s._.js:1945
[ 1709085ms] [ERROR] ./app/admin/AdminDashboard.tsx:387:17
Expected '</', got 'jsx text'
  385 |           );
  386 |         })()}
> 387 |       </section>
      |                 ^^^^^^^^^^^^^^^^^^^^^^^^^^^^^^^^^^^^^^^^^^^^^^^^^^^^^^^^^^^^^^^^^^^^^^^^^^^^^^^^^^^^^^
> 388 |
      | ^
> 389 |       {/* Approval Queue */}
      | ^^^^^^
  390 |       <section>
  391 |         <h2 className="text-sm font-semibold mb-3"
  392 |           style={{ color: "var(--muted)", borderBottom: "1px solid var(--card-border)", paddingBott...

Parsing ecmascript source code failed

Import trace:
  Server Component:
    ./app/admin/AdminDashboard.tsx
    ./app/admin/page.tsx @ http://localhost:3000/_next/static/chunks/node_modules_next_dist_0u_w_5s._.js:1945
[ 1709148ms] [ERROR] ./app/admin/AdminDashboard.tsx:387:17
Expected '</', got 'jsx text'
  385 |           );
  386 |         })()}
> 387 |       </section>
      |                 ^^^^^^^^^^^^^^^^^^^^^^^^^^^^^^^^^^^^^^^^^^^^^^^^^^^^^^^^^^^^^^^^^^^^^^^^^^^^^^^^^^^^^^
> 388 |
      | ^
> 389 |       {/* Approval Queue */}
      | ^^^^^^
  390 |       <section>
  391 |         <h2 className="text-sm font-semibold mb-3"
  392 |           style={{ color: "var(--muted)", borderBottom: "1px solid var(--card-border)", paddingBott...

Parsing ecmascript source code failed

Import trace:
  Server Component:
    ./app/admin/AdminDashboard.tsx
    ./app/admin/page.tsx @ http://localhost:3000/_next/static/chunks/node_modules_next_dist_0u_w_5s._.js:1945
[ 1709210ms] [ERROR] ./app/admin/AdminDashboard.tsx:387:17
Expected '</', got 'jsx text'
  385 |           );
  386 |         })()}
> 387 |       </section>
      |                 ^^^^^^^^^^^^^^^^^^^^^^^^^^^^^^^^^^^^^^^^^^^^^^^^^^^^^^^^^^^^^^^^^^^^^^^^^^^^^^^^^^^^^^
> 388 |
      | ^
> 389 |       {/* Approval Queue */}
      | ^^^^^^
  390 |       <section>
  391 |         <h2 className="text-sm font-semibold mb-3"
  392 |           style={{ color: "var(--muted)", borderBottom: "1px solid var(--card-border)", paddingBott...

Parsing ecmascript source code failed

Import trace:
  Server Component:
    ./app/admin/AdminDashboard.tsx
    ./app/admin/page.tsx @ http://localhost:3000/_next/static/chunks/node_modules_next_dist_0u_w_5s._.js:1945
[ 1709273ms] [ERROR] ./app/admin/AdminDashboard.tsx:387:17
Expected '</', got 'jsx text'
  385 |           );
  386 |         })()}
> 387 |       </section>
      |                 ^^^^^^^^^^^^^^^^^^^^^^^^^^^^^^^^^^^^^^^^^^^^^^^^^^^^^^^^^^^^^^^^^^^^^^^^^^^^^^^^^^^^^^
> 388 |
      | ^
> 389 |       {/* Approval Queue */}
      | ^^^^^^
  390 |       <section>
  391 |         <h2 className="text-sm font-semibold mb-3"
  392 |           style={{ color: "var(--muted)", borderBottom: "1px solid var(--card-border)", paddingBott...

Parsing ecmascript source code failed

Import trace:
  Server Component:
    ./app/admin/AdminDashboard.tsx
    ./app/admin/page.tsx @ http://localhost:3000/_next/static/chunks/node_modules_next_dist_0u_w_5s._.js:1945
[ 1709340ms] [ERROR] ./app/admin/AdminDashboard.tsx:387:17
Expected '</', got 'jsx text'
  385 |           );
  386 |         })()}
> 387 |       </section>
      |                 ^^^^^^^^^^^^^^^^^^^^^^^^^^^^^^^^^^^^^^^^^^^^^^^^^^^^^^^^^^^^^^^^^^^^^^^^^^^^^^^^^^^^^^
> 388 |
      | ^
> 389 |       {/* Approval Queue */}
      | ^^^^^^
  390 |       <section>
  391 |         <h2 className="text-sm font-semibold mb-3"
  392 |           style={{ color: "var(--muted)", borderBottom: "1px solid var(--card-border)", paddingBott...

Parsing ecmascript source code failed

Import trace:
  Server Component:
    ./app/admin/AdminDashboard.tsx
    ./app/admin/page.tsx @ http://localhost:3000/_next/static/chunks/node_modules_next_dist_0u_w_5s._.js:1945
[ 1709413ms] [ERROR] ./app/admin/AdminDashboard.tsx:387:17
Expected '</', got 'jsx text'
  385 |           );
  386 |         })()}
> 387 |       </section>
      |                 ^^^^^^^^^^^^^^^^^^^^^^^^^^^^^^^^^^^^^^^^^^^^^^^^^^^^^^^^^^^^^^^^^^^^^^^^^^^^^^^^^^^^^^
> 388 |
      | ^
> 389 |       {/* Approval Queue */}
      | ^^^^^^
  390 |       <section>
  391 |         <h2 className="text-sm font-semibold mb-3"
  392 |           style={{ color: "var(--muted)", borderBottom: "1px solid var(--card-border)", paddingBott...

Parsing ecmascript source code failed

Import trace:
  Server Component:
    ./app/admin/AdminDashboard.tsx
    ./app/admin/page.tsx @ http://localhost:3000/_next/static/chunks/node_modules_next_dist_0u_w_5s._.js:1945
[ 1709463ms] [LOG] [Fast Refresh] rebuilding @ http://localhost:3000/_next/static/chunks/node_modules_next_dist_0u_w_5s._.js:1226
[ 1709556ms] [ERROR] ./app/admin/AdminDashboard.tsx:387:17
Expected '</', got 'jsx text'
  385 |           );
  386 |         })()}
> 387 |       </section>
      |                 ^^^^^^^^^^^^^^^^^^^^^^^^^^^^^^^^^^^^^^^^^^^^^^^^^^^^^^^^^^^^^^^^^^^^^^^^^^^^^^^^^^^^^^
> 388 |
      | ^
> 389 |       {/* Approval Queue */}
      | ^^^^^^
  390 |       <section>
  391 |         <h2 className="text-sm font-semibold mb-3"
  392 |           style={{ color: "var(--muted)", borderBottom: "1px solid var(--card-border)", paddingBott...

Parsing ecmascript source code failed

Import trace:
  Server Component:
    ./app/admin/AdminDashboard.tsx
    ./app/admin/page.tsx @ http://localhost:3000/_next/static/chunks/node_modules_next_dist_0u_w_5s._.js:1945
[ 1709620ms] [ERROR] ./app/admin/AdminDashboard.tsx:387:17
Expected '</', got 'jsx text'
  385 |           );
  386 |         })()}
> 387 |       </section>
      |                 ^^^^^^^^^^^^^^^^^^^^^^^^^^^^^^^^^^^^^^^^^^^^^^^^^^^^^^^^^^^^^^^^^^^^^^^^^^^^^^^^^^^^^^
> 388 |
      | ^
> 389 |       {/* Approval Queue */}
      | ^^^^^^
  390 |       <section>
  391 |         <h2 className="text-sm font-semibold mb-3"
  392 |           style={{ color: "var(--muted)", borderBottom: "1px solid var(--card-border)", paddingBott...

Parsing ecmascript source code failed

Import trace:
  Server Component:
    ./app/admin/AdminDashboard.tsx
    ./app/admin/page.tsx @ http://localhost:3000/_next/static/chunks/node_modules_next_dist_0u_w_5s._.js:1945
[ 1709685ms] [ERROR] ./app/admin/AdminDashboard.tsx:387:17
Expected '</', got 'jsx text'
  385 |           );
  386 |         })()}
> 387 |       </section>
      |                 ^^^^^^^^^^^^^^^^^^^^^^^^^^^^^^^^^^^^^^^^^^^^^^^^^^^^^^^^^^^^^^^^^^^^^^^^^^^^^^^^^^^^^^
> 388 |
      | ^
> 389 |       {/* Approval Queue */}
      | ^^^^^^
  390 |       <section>
  391 |         <h2 className="text-sm font-semibold mb-3"
  392 |           style={{ color: "var(--muted)", borderBottom: "1px solid var(--card-border)", paddingBott...

Parsing ecmascript source code failed

Import trace:
  Server Component:
    ./app/admin/AdminDashboard.tsx
    ./app/admin/page.tsx @ http://localhost:3000/_next/static/chunks/node_modules_next_dist_0u_w_5s._.js:1945
[ 1709749ms] [ERROR] ./app/admin/AdminDashboard.tsx:387:17
Expected '</', got 'jsx text'
  385 |           );
  386 |         })()}
> 387 |       </section>
      |                 ^^^^^^^^^^^^^^^^^^^^^^^^^^^^^^^^^^^^^^^^^^^^^^^^^^^^^^^^^^^^^^^^^^^^^^^^^^^^^^^^^^^^^^
> 388 |
      | ^
> 389 |       {/* Approval Queue */}
      | ^^^^^^
  390 |       <section>
  391 |         <h2 className="text-sm font-semibold mb-3"
  392 |           style={{ color: "var(--muted)", borderBottom: "1px solid var(--card-border)", paddingBott...

Parsing ecmascript source code failed

Import trace:
  Server Component:
    ./app/admin/AdminDashboard.tsx
    ./app/admin/page.tsx @ http://localhost:3000/_next/static/chunks/node_modules_next_dist_0u_w_5s._.js:1945
[ 1709827ms] [ERROR] ./app/admin/AdminDashboard.tsx:387:17
Expected '</', got 'jsx text'
  385 |           );
  386 |         })()}
> 387 |       </section>
      |                 ^^^^^^^^^^^^^^^^^^^^^^^^^^^^^^^^^^^^^^^^^^^^^^^^^^^^^^^^^^^^^^^^^^^^^^^^^^^^^^^^^^^^^^
> 388 |
      | ^
> 389 |       {/* Approval Queue */}
      | ^^^^^^
  390 |       <section>
  391 |         <h2 className="text-sm font-semibold mb-3"
  392 |           style={{ color: "var(--muted)", borderBottom: "1px solid var(--card-border)", paddingBott...

Parsing ecmascript source code failed

Import trace:
  Server Component:
    ./app/admin/AdminDashboard.tsx
    ./app/admin/page.tsx @ http://localhost:3000/_next/static/chunks/node_modules_next_dist_0u_w_5s._.js:1945
[ 1709888ms] [ERROR] ./app/admin/AdminDashboard.tsx:387:17
Expected '</', got 'jsx text'
  385 |           );
  386 |         })()}
> 387 |       </section>
      |                 ^^^^^^^^^^^^^^^^^^^^^^^^^^^^^^^^^^^^^^^^^^^^^^^^^^^^^^^^^^^^^^^^^^^^^^^^^^^^^^^^^^^^^^
> 388 |
      | ^
> 389 |       {/* Approval Queue */}
      | ^^^^^^
  390 |       <section>
  391 |         <h2 className="text-sm font-semibold mb-3"
  392 |           style={{ color: "var(--muted)", borderBottom: "1px solid var(--card-border)", paddingBott...

Parsing ecmascript source code failed

Import trace:
  Server Component:
    ./app/admin/AdminDashboard.tsx
    ./app/admin/page.tsx @ http://localhost:3000/_next/static/chunks/node_modules_next_dist_0u_w_5s._.js:1945
[ 1709949ms] [ERROR] ./app/admin/AdminDashboard.tsx:387:17
Expected '</', got 'jsx text'
  385 |           );
  386 |         })()}
> 387 |       </section>
      |                 ^^^^^^^^^^^^^^^^^^^^^^^^^^^^^^^^^^^^^^^^^^^^^^^^^^^^^^^^^^^^^^^^^^^^^^^^^^^^^^^^^^^^^^
> 388 |
      | ^
> 389 |       {/* Approval Queue */}
      | ^^^^^^
  390 |       <section>
  391 |         <h2 className="text-sm font-semibold mb-3"
  392 |           style={{ color: "var(--muted)", borderBottom: "1px solid var(--card-border)", paddingBott...

Parsing ecmascript source code failed

Import trace:
  Server Component:
    ./app/admin/AdminDashboard.tsx
    ./app/admin/page.tsx @ http://localhost:3000/_next/static/chunks/node_modules_next_dist_0u_w_5s._.js:1945
[ 1710012ms] [ERROR] ./app/admin/AdminDashboard.tsx:387:17
Expected '</', got 'jsx text'
  385 |           );
  386 |         })()}
> 387 |       </section>
      |                 ^^^^^^^^^^^^^^^^^^^^^^^^^^^^^^^^^^^^^^^^^^^^^^^^^^^^^^^^^^^^^^^^^^^^^^^^^^^^^^^^^^^^^^
> 388 |
      | ^
> 389 |       {/* Approval Queue */}
      | ^^^^^^
  390 |       <section>
  391 |         <h2 className="text-sm font-semibold mb-3"
  392 |           style={{ color: "var(--muted)", borderBottom: "1px solid var(--card-border)", paddingBott...

Parsing ecmascript source code failed

Import trace:
  Server Component:
    ./app/admin/AdminDashboard.tsx
    ./app/admin/page.tsx @ http://localhost:3000/_next/static/chunks/node_modules_next_dist_0u_w_5s._.js:1945
[ 1710090ms] [ERROR] ./app/admin/AdminDashboard.tsx:387:17
Expected '</', got 'jsx text'
  385 |           );
  386 |         })()}
> 387 |       </section>
      |                 ^^^^^^^^^^^^^^^^^^^^^^^^^^^^^^^^^^^^^^^^^^^^^^^^^^^^^^^^^^^^^^^^^^^^^^^^^^^^^^^^^^^^^^
> 388 |
      | ^
> 389 |       {/* Approval Queue */}
      | ^^^^^^
  390 |       <section>
  391 |         <h2 className="text-sm font-semibold mb-3"
  392 |           style={{ color: "var(--muted)", borderBottom: "1px solid var(--card-border)", paddingBott...

Parsing ecmascript source code failed

Import trace:
  Server Component:
    ./app/admin/AdminDashboard.tsx
    ./app/admin/page.tsx @ http://localhost:3000/_next/static/chunks/node_modules_next_dist_0u_w_5s._.js:1945
[ 1710167ms] [ERROR] ./app/admin/AdminDashboard.tsx:387:17
Expected '</', got 'jsx text'
  385 |           );
  386 |         })()}
> 387 |       </section>
      |                 ^^^^^^^^^^^^^^^^^^^^^^^^^^^^^^^^^^^^^^^^^^^^^^^^^^^^^^^^^^^^^^^^^^^^^^^^^^^^^^^^^^^^^^
> 388 |
      | ^
> 389 |       {/* Approval Queue */}
      | ^^^^^^
  390 |       <section>
  391 |         <h2 className="text-sm font-semibold mb-3"
  392 |           style={{ color: "var(--muted)", borderBottom: "1px solid var(--card-border)", paddingBott...

Parsing ecmascript source code failed

Import trace:
  Server Component:
    ./app/admin/AdminDashboard.tsx
    ./app/admin/page.tsx @ http://localhost:3000/_next/static/chunks/node_modules_next_dist_0u_w_5s._.js:1945
[ 1710229ms] [ERROR] ./app/admin/AdminDashboard.tsx:387:17
Expected '</', got 'jsx text'
  385 |           );
  386 |         })()}
> 387 |       </section>
      |                 ^^^^^^^^^^^^^^^^^^^^^^^^^^^^^^^^^^^^^^^^^^^^^^^^^^^^^^^^^^^^^^^^^^^^^^^^^^^^^^^^^^^^^^
> 388 |
      | ^
> 389 |       {/* Approval Queue */}
      | ^^^^^^
  390 |       <section>
  391 |         <h2 className="text-sm font-semibold mb-3"
  392 |           style={{ color: "var(--muted)", borderBottom: "1px solid var(--card-border)", paddingBott...

Parsing ecmascript source code failed

Import trace:
  Server Component:
    ./app/admin/AdminDashboard.tsx
    ./app/admin/page.tsx @ http://localhost:3000/_next/static/chunks/node_modules_next_dist_0u_w_5s._.js:1945
[ 1710308ms] [ERROR] ./app/admin/AdminDashboard.tsx:387:17
Expected '</', got 'jsx text'
  385 |           );
  386 |         })()}
> 387 |       </section>
      |                 ^^^^^^^^^^^^^^^^^^^^^^^^^^^^^^^^^^^^^^^^^^^^^^^^^^^^^^^^^^^^^^^^^^^^^^^^^^^^^^^^^^^^^^
> 388 |
      | ^
> 389 |       {/* Approval Queue */}
      | ^^^^^^
  390 |       <section>
  391 |         <h2 className="text-sm font-semibold mb-3"
  392 |           style={{ color: "var(--muted)", borderBottom: "1px solid var(--card-border)", paddingBott...

Parsing ecmascript source code failed

Import trace:
  Server Component:
    ./app/admin/AdminDashboard.tsx
    ./app/admin/page.tsx @ http://localhost:3000/_next/static/chunks/node_modules_next_dist_0u_w_5s._.js:1945
[ 1710385ms] [ERROR] ./app/admin/AdminDashboard.tsx:387:17
Expected '</', got 'jsx text'
  385 |           );
  386 |         })()}
> 387 |       </section>
      |                 ^^^^^^^^^^^^^^^^^^^^^^^^^^^^^^^^^^^^^^^^^^^^^^^^^^^^^^^^^^^^^^^^^^^^^^^^^^^^^^^^^^^^^^
> 388 |
      | ^
> 389 |       {/* Approval Queue */}
      | ^^^^^^
  390 |       <section>
  391 |         <h2 className="text-sm font-semibold mb-3"
  392 |           style={{ color: "var(--muted)", borderBottom: "1px solid var(--card-border)", paddingBott...

Parsing ecmascript source code failed

Import trace:
  Server Component:
    ./app/admin/AdminDashboard.tsx
    ./app/admin/page.tsx @ http://localhost:3000/_next/static/chunks/node_modules_next_dist_0u_w_5s._.js:1945
[ 1710465ms] [ERROR] ./app/admin/AdminDashboard.tsx:387:17
Expected '</', got 'jsx text'
  385 |           );
  386 |         })()}
> 387 |       </section>
      |                 ^^^^^^^^^^^^^^^^^^^^^^^^^^^^^^^^^^^^^^^^^^^^^^^^^^^^^^^^^^^^^^^^^^^^^^^^^^^^^^^^^^^^^^
> 388 |
      | ^
> 389 |       {/* Approval Queue */}
      | ^^^^^^
  390 |       <section>
  391 |         <h2 className="text-sm font-semibold mb-3"
  392 |           style={{ color: "var(--muted)", borderBottom: "1px solid var(--card-border)", paddingBott...

Parsing ecmascript source code failed

Import trace:
  Server Component:
    ./app/admin/AdminDashboard.tsx
    ./app/admin/page.tsx @ http://localhost:3000/_next/static/chunks/node_modules_next_dist_0u_w_5s._.js:1945
[ 1710544ms] [ERROR] ./app/admin/AdminDashboard.tsx:387:17
Expected '</', got 'jsx text'
  385 |           );
  386 |         })()}
> 387 |       </section>
      |                 ^^^^^^^^^^^^^^^^^^^^^^^^^^^^^^^^^^^^^^^^^^^^^^^^^^^^^^^^^^^^^^^^^^^^^^^^^^^^^^^^^^^^^^
> 388 |
      | ^
> 389 |       {/* Approval Queue */}
      | ^^^^^^
  390 |       <section>
  391 |         <h2 className="text-sm font-semibold mb-3"
  392 |           style={{ color: "var(--muted)", borderBottom: "1px solid var(--card-border)", paddingBott...

Parsing ecmascript source code failed

Import trace:
  Server Component:
    ./app/admin/AdminDashboard.tsx
    ./app/admin/page.tsx @ http://localhost:3000/_next/static/chunks/node_modules_next_dist_0u_w_5s._.js:1945
[ 1710622ms] [ERROR] ./app/admin/AdminDashboard.tsx:387:17
Expected '</', got 'jsx text'
  385 |           );
  386 |         })()}
> 387 |       </section>
      |                 ^^^^^^^^^^^^^^^^^^^^^^^^^^^^^^^^^^^^^^^^^^^^^^^^^^^^^^^^^^^^^^^^^^^^^^^^^^^^^^^^^^^^^^
> 388 |
      | ^
> 389 |       {/* Approval Queue */}
      | ^^^^^^
  390 |       <section>
  391 |         <h2 className="text-sm font-semibold mb-3"
  392 |           style={{ color: "var(--muted)", borderBottom: "1px solid var(--card-border)", paddingBott...

Parsing ecmascript source code failed

Import trace:
  Server Component:
    ./app/admin/AdminDashboard.tsx
    ./app/admin/page.tsx @ http://localhost:3000/_next/static/chunks/node_modules_next_dist_0u_w_5s._.js:1945
[ 1710700ms] [ERROR] ./app/admin/AdminDashboard.tsx:387:17
Expected '</', got 'jsx text'
  385 |           );
  386 |         })()}
> 387 |       </section>
      |                 ^^^^^^^^^^^^^^^^^^^^^^^^^^^^^^^^^^^^^^^^^^^^^^^^^^^^^^^^^^^^^^^^^^^^^^^^^^^^^^^^^^^^^^
> 388 |
      | ^
> 389 |       {/* Approval Queue */}
      | ^^^^^^
  390 |       <section>
  391 |         <h2 className="text-sm font-semibold mb-3"
  392 |           style={{ color: "var(--muted)", borderBottom: "1px solid var(--card-border)", paddingBott...

Parsing ecmascript source code failed

Import trace:
  Server Component:
    ./app/admin/AdminDashboard.tsx
    ./app/admin/page.tsx @ http://localhost:3000/_next/static/chunks/node_modules_next_dist_0u_w_5s._.js:1945
[ 1710762ms] [ERROR] ./app/admin/AdminDashboard.tsx:387:17
Expected '</', got 'jsx text'
  385 |           );
  386 |         })()}
> 387 |       </section>
      |                 ^^^^^^^^^^^^^^^^^^^^^^^^^^^^^^^^^^^^^^^^^^^^^^^^^^^^^^^^^^^^^^^^^^^^^^^^^^^^^^^^^^^^^^
> 388 |
      | ^
> 389 |       {/* Approval Queue */}
      | ^^^^^^
  390 |       <section>
  391 |         <h2 className="text-sm font-semibold mb-3"
  392 |           style={{ color: "var(--muted)", borderBottom: "1px solid var(--card-border)", paddingBott...

Parsing ecmascript source code failed

Import trace:
  Server Component:
    ./app/admin/AdminDashboard.tsx
    ./app/admin/page.tsx @ http://localhost:3000/_next/static/chunks/node_modules_next_dist_0u_w_5s._.js:1945
[ 1710826ms] [ERROR] ./app/admin/AdminDashboard.tsx:387:17
Expected '</', got 'jsx text'
  385 |           );
  386 |         })()}
> 387 |       </section>
      |                 ^^^^^^^^^^^^^^^^^^^^^^^^^^^^^^^^^^^^^^^^^^^^^^^^^^^^^^^^^^^^^^^^^^^^^^^^^^^^^^^^^^^^^^
> 388 |
      | ^
> 389 |       {/* Approval Queue */}
      | ^^^^^^
  390 |       <section>
  391 |         <h2 className="text-sm font-semibold mb-3"
  392 |           style={{ color: "var(--muted)", borderBottom: "1px solid var(--card-border)", paddingBott...

Parsing ecmascript source code failed

Import trace:
  Server Component:
    ./app/admin/AdminDashboard.tsx
    ./app/admin/page.tsx @ http://localhost:3000/_next/static/chunks/node_modules_next_dist_0u_w_5s._.js:1945
[ 1710888ms] [ERROR] ./app/admin/AdminDashboard.tsx:387:17
Expected '</', got 'jsx text'
  385 |           );
  386 |         })()}
> 387 |       </section>
      |                 ^^^^^^^^^^^^^^^^^^^^^^^^^^^^^^^^^^^^^^^^^^^^^^^^^^^^^^^^^^^^^^^^^^^^^^^^^^^^^^^^^^^^^^
> 388 |
      | ^
> 389 |       {/* Approval Queue */}
      | ^^^^^^
  390 |       <section>
  391 |         <h2 className="text-sm font-semibold mb-3"
  392 |           style={{ color: "var(--muted)", borderBottom: "1px solid var(--card-border)", paddingBott...

Parsing ecmascript source code failed

Import trace:
  Server Component:
    ./app/admin/AdminDashboard.tsx
    ./app/admin/page.tsx @ http://localhost:3000/_next/static/chunks/node_modules_next_dist_0u_w_5s._.js:1945
[ 1710966ms] [ERROR] ./app/admin/AdminDashboard.tsx:387:17
Expected '</', got 'jsx text'
  385 |           );
  386 |         })()}
> 387 |       </section>
      |                 ^^^^^^^^^^^^^^^^^^^^^^^^^^^^^^^^^^^^^^^^^^^^^^^^^^^^^^^^^^^^^^^^^^^^^^^^^^^^^^^^^^^^^^
> 388 |
      | ^
> 389 |       {/* Approval Queue */}
      | ^^^^^^
  390 |       <section>
  391 |         <h2 className="text-sm font-semibold mb-3"
  392 |           style={{ color: "var(--muted)", borderBottom: "1px solid var(--card-border)", paddingBott...

Parsing ecmascript source code failed

Import trace:
  Server Component:
    ./app/admin/AdminDashboard.tsx
    ./app/admin/page.tsx @ http://localhost:3000/_next/static/chunks/node_modules_next_dist_0u_w_5s._.js:1945
[ 1711027ms] [ERROR] ./app/admin/AdminDashboard.tsx:387:17
Expected '</', got 'jsx text'
  385 |           );
  386 |         })()}
> 387 |       </section>
      |                 ^^^^^^^^^^^^^^^^^^^^^^^^^^^^^^^^^^^^^^^^^^^^^^^^^^^^^^^^^^^^^^^^^^^^^^^^^^^^^^^^^^^^^^
> 388 |
      | ^
> 389 |       {/* Approval Queue */}
      | ^^^^^^
  390 |       <section>
  391 |         <h2 className="text-sm font-semibold mb-3"
  392 |           style={{ color: "var(--muted)", borderBottom: "1px solid var(--card-border)", paddingBott...

Parsing ecmascript source code failed

Import trace:
  Server Component:
    ./app/admin/AdminDashboard.tsx
    ./app/admin/page.tsx @ http://localhost:3000/_next/static/chunks/node_modules_next_dist_0u_w_5s._.js:1945
[ 1711090ms] [ERROR] ./app/admin/AdminDashboard.tsx:387:17
Expected '</', got 'jsx text'
  385 |           );
  386 |         })()}
> 387 |       </section>
      |                 ^^^^^^^^^^^^^^^^^^^^^^^^^^^^^^^^^^^^^^^^^^^^^^^^^^^^^^^^^^^^^^^^^^^^^^^^^^^^^^^^^^^^^^
> 388 |
      | ^
> 389 |       {/* Approval Queue */}
      | ^^^^^^
  390 |       <section>
  391 |         <h2 className="text-sm font-semibold mb-3"
  392 |           style={{ color: "var(--muted)", borderBottom: "1px solid var(--card-border)", paddingBott...

Parsing ecmascript source code failed

Import trace:
  Server Component:
    ./app/admin/AdminDashboard.tsx
    ./app/admin/page.tsx @ http://localhost:3000/_next/static/chunks/node_modules_next_dist_0u_w_5s._.js:1945
[ 1711152ms] [ERROR] ./app/admin/AdminDashboard.tsx:387:17
Expected '</', got 'jsx text'
  385 |           );
  386 |         })()}
> 387 |       </section>
      |                 ^^^^^^^^^^^^^^^^^^^^^^^^^^^^^^^^^^^^^^^^^^^^^^^^^^^^^^^^^^^^^^^^^^^^^^^^^^^^^^^^^^^^^^
> 388 |
      | ^
> 389 |       {/* Approval Queue */}
      | ^^^^^^
  390 |       <section>
  391 |         <h2 className="text-sm font-semibold mb-3"
  392 |           style={{ color: "var(--muted)", borderBottom: "1px solid var(--card-border)", paddingBott...

Parsing ecmascript source code failed

Import trace:
  Server Component:
    ./app/admin/AdminDashboard.tsx
    ./app/admin/page.tsx @ http://localhost:3000/_next/static/chunks/node_modules_next_dist_0u_w_5s._.js:1945
[ 1711217ms] [ERROR] ./app/admin/AdminDashboard.tsx:387:17
Expected '</', got 'jsx text'
  385 |           );
  386 |         })()}
> 387 |       </section>
      |                 ^^^^^^^^^^^^^^^^^^^^^^^^^^^^^^^^^^^^^^^^^^^^^^^^^^^^^^^^^^^^^^^^^^^^^^^^^^^^^^^^^^^^^^
> 388 |
      | ^
> 389 |       {/* Approval Queue */}
      | ^^^^^^
  390 |       <section>
  391 |         <h2 className="text-sm font-semibold mb-3"
  392 |           style={{ color: "var(--muted)", borderBottom: "1px solid var(--card-border)", paddingBott...

Parsing ecmascript source code failed

Import trace:
  Server Component:
    ./app/admin/AdminDashboard.tsx
    ./app/admin/page.tsx @ http://localhost:3000/_next/static/chunks/node_modules_next_dist_0u_w_5s._.js:1945
[ 1711294ms] [ERROR] ./app/admin/AdminDashboard.tsx:387:17
Expected '</', got 'jsx text'
  385 |           );
  386 |         })()}
> 387 |       </section>
      |                 ^^^^^^^^^^^^^^^^^^^^^^^^^^^^^^^^^^^^^^^^^^^^^^^^^^^^^^^^^^^^^^^^^^^^^^^^^^^^^^^^^^^^^^
> 388 |
      | ^
> 389 |       {/* Approval Queue */}
      | ^^^^^^
  390 |       <section>
  391 |         <h2 className="text-sm font-semibold mb-3"
  392 |           style={{ color: "var(--muted)", borderBottom: "1px solid var(--card-border)", paddingBott...

Parsing ecmascript source code failed

Import trace:
  Server Component:
    ./app/admin/AdminDashboard.tsx
    ./app/admin/page.tsx @ http://localhost:3000/_next/static/chunks/node_modules_next_dist_0u_w_5s._.js:1945
[ 1711374ms] [ERROR] ./app/admin/AdminDashboard.tsx:387:17
Expected '</', got 'jsx text'
  385 |           );
  386 |         })()}
> 387 |       </section>
      |                 ^^^^^^^^^^^^^^^^^^^^^^^^^^^^^^^^^^^^^^^^^^^^^^^^^^^^^^^^^^^^^^^^^^^^^^^^^^^^^^^^^^^^^^
> 388 |
      | ^
> 389 |       {/* Approval Queue */}
      | ^^^^^^
  390 |       <section>
  391 |         <h2 className="text-sm font-semibold mb-3"
  392 |           style={{ color: "var(--muted)", borderBottom: "1px solid var(--card-border)", paddingBott...

Parsing ecmascript source code failed

Import trace:
  Server Component:
    ./app/admin/AdminDashboard.tsx
    ./app/admin/page.tsx @ http://localhost:3000/_next/static/chunks/node_modules_next_dist_0u_w_5s._.js:1945
[ 1711447ms] [ERROR] ./app/admin/AdminDashboard.tsx:387:17
Expected '</', got 'jsx text'
  385 |           );
  386 |         })()}
> 387 |       </section>
      |                 ^^^^^^^^^^^^^^^^^^^^^^^^^^^^^^^^^^^^^^^^^^^^^^^^^^^^^^^^^^^^^^^^^^^^^^^^^^^^^^^^^^^^^^
> 388 |
      | ^
> 389 |       {/* Approval Queue */}
      | ^^^^^^
  390 |       <section>
  391 |         <h2 className="text-sm font-semibold mb-3"
  392 |           style={{ color: "var(--muted)", borderBottom: "1px solid var(--card-border)", paddingBott...

Parsing ecmascript source code failed

Import trace:
  Server Component:
    ./app/admin/AdminDashboard.tsx
    ./app/admin/page.tsx @ http://localhost:3000/_next/static/chunks/node_modules_next_dist_0u_w_5s._.js:1945
[ 1711524ms] [ERROR] ./app/admin/AdminDashboard.tsx:387:17
Expected '</', got 'jsx text'
  385 |           );
  386 |         })()}
> 387 |       </section>
      |                 ^^^^^^^^^^^^^^^^^^^^^^^^^^^^^^^^^^^^^^^^^^^^^^^^^^^^^^^^^^^^^^^^^^^^^^^^^^^^^^^^^^^^^^
> 388 |
      | ^
> 389 |       {/* Approval Queue */}
      | ^^^^^^
  390 |       <section>
  391 |         <h2 className="text-sm font-semibold mb-3"
  392 |           style={{ color: "var(--muted)", borderBottom: "1px solid var(--card-border)", paddingBott...

Parsing ecmascript source code failed

Import trace:
  Server Component:
    ./app/admin/AdminDashboard.tsx
    ./app/admin/page.tsx @ http://localhost:3000/_next/static/chunks/node_modules_next_dist_0u_w_5s._.js:1945
[ 1711602ms] [ERROR] ./app/admin/AdminDashboard.tsx:387:17
Expected '</', got 'jsx text'
  385 |           );
  386 |         })()}
> 387 |       </section>
      |                 ^^^^^^^^^^^^^^^^^^^^^^^^^^^^^^^^^^^^^^^^^^^^^^^^^^^^^^^^^^^^^^^^^^^^^^^^^^^^^^^^^^^^^^
> 388 |
      | ^
> 389 |       {/* Approval Queue */}
      | ^^^^^^
  390 |       <section>
  391 |         <h2 className="text-sm font-semibold mb-3"
  392 |           style={{ color: "var(--muted)", borderBottom: "1px solid var(--card-border)", paddingBott...

Parsing ecmascript source code failed

Import trace:
  Server Component:
    ./app/admin/AdminDashboard.tsx
    ./app/admin/page.tsx @ http://localhost:3000/_next/static/chunks/node_modules_next_dist_0u_w_5s._.js:1945
[ 1711679ms] [ERROR] ./app/admin/AdminDashboard.tsx:387:17
Expected '</', got 'jsx text'
  385 |           );
  386 |         })()}
> 387 |       </section>
      |                 ^^^^^^^^^^^^^^^^^^^^^^^^^^^^^^^^^^^^^^^^^^^^^^^^^^^^^^^^^^^^^^^^^^^^^^^^^^^^^^^^^^^^^^
> 388 |
      | ^
> 389 |       {/* Approval Queue */}
      | ^^^^^^
  390 |       <section>
  391 |         <h2 className="text-sm font-semibold mb-3"
  392 |           style={{ color: "var(--muted)", borderBottom: "1px solid var(--card-border)", paddingBott...

Parsing ecmascript source code failed

Import trace:
  Server Component:
    ./app/admin/AdminDashboard.tsx
    ./app/admin/page.tsx @ http://localhost:3000/_next/static/chunks/node_modules_next_dist_0u_w_5s._.js:1945
[ 1711758ms] [ERROR] ./app/admin/AdminDashboard.tsx:387:17
Expected '</', got 'jsx text'
  385 |           );
  386 |         })()}
> 387 |       </section>
      |                 ^^^^^^^^^^^^^^^^^^^^^^^^^^^^^^^^^^^^^^^^^^^^^^^^^^^^^^^^^^^^^^^^^^^^^^^^^^^^^^^^^^^^^^
> 388 |
      | ^
> 389 |       {/* Approval Queue */}
      | ^^^^^^
  390 |       <section>
  391 |         <h2 className="text-sm font-semibold mb-3"
  392 |           style={{ color: "var(--muted)", borderBottom: "1px solid var(--card-border)", paddingBott...

Parsing ecmascript source code failed

Import trace:
  Server Component:
    ./app/admin/AdminDashboard.tsx
    ./app/admin/page.tsx @ http://localhost:3000/_next/static/chunks/node_modules_next_dist_0u_w_5s._.js:1945
[ 1711835ms] [ERROR] ./app/admin/AdminDashboard.tsx:387:17
Expected '</', got 'jsx text'
  385 |           );
  386 |         })()}
> 387 |       </section>
      |                 ^^^^^^^^^^^^^^^^^^^^^^^^^^^^^^^^^^^^^^^^^^^^^^^^^^^^^^^^^^^^^^^^^^^^^^^^^^^^^^^^^^^^^^
> 388 |
      | ^
> 389 |       {/* Approval Queue */}
      | ^^^^^^
  390 |       <section>
  391 |         <h2 className="text-sm font-semibold mb-3"
  392 |           style={{ color: "var(--muted)", borderBottom: "1px solid var(--card-border)", paddingBott...

Parsing ecmascript source code failed

Import trace:
  Server Component:
    ./app/admin/AdminDashboard.tsx
    ./app/admin/page.tsx @ http://localhost:3000/_next/static/chunks/node_modules_next_dist_0u_w_5s._.js:1945
[ 1711899ms] [ERROR] ./app/admin/AdminDashboard.tsx:387:17
Expected '</', got 'jsx text'
  385 |           );
  386 |         })()}
> 387 |       </section>
      |                 ^^^^^^^^^^^^^^^^^^^^^^^^^^^^^^^^^^^^^^^^^^^^^^^^^^^^^^^^^^^^^^^^^^^^^^^^^^^^^^^^^^^^^^
> 388 |
      | ^
> 389 |       {/* Approval Queue */}
      | ^^^^^^
  390 |       <section>
  391 |         <h2 className="text-sm font-semibold mb-3"
  392 |           style={{ color: "var(--muted)", borderBottom: "1px solid var(--card-border)", paddingBott...

Parsing ecmascript source code failed

Import trace:
  Server Component:
    ./app/admin/AdminDashboard.tsx
    ./app/admin/page.tsx @ http://localhost:3000/_next/static/chunks/node_modules_next_dist_0u_w_5s._.js:1945
[ 1711963ms] [ERROR] ./app/admin/AdminDashboard.tsx:387:17
Expected '</', got 'jsx text'
  385 |           );
  386 |         })()}
> 387 |       </section>
      |                 ^^^^^^^^^^^^^^^^^^^^^^^^^^^^^^^^^^^^^^^^^^^^^^^^^^^^^^^^^^^^^^^^^^^^^^^^^^^^^^^^^^^^^^
> 388 |
      | ^
> 389 |       {/* Approval Queue */}
      | ^^^^^^
  390 |       <section>
  391 |         <h2 className="text-sm font-semibold mb-3"
  392 |           style={{ color: "var(--muted)", borderBottom: "1px solid var(--card-border)", paddingBott...

Parsing ecmascript source code failed

Import trace:
  Server Component:
    ./app/admin/AdminDashboard.tsx
    ./app/admin/page.tsx @ http://localhost:3000/_next/static/chunks/node_modules_next_dist_0u_w_5s._.js:1945
[ 1712027ms] [ERROR] ./app/admin/AdminDashboard.tsx:387:17
Expected '</', got 'jsx text'
  385 |           );
  386 |         })()}
> 387 |       </section>
      |                 ^^^^^^^^^^^^^^^^^^^^^^^^^^^^^^^^^^^^^^^^^^^^^^^^^^^^^^^^^^^^^^^^^^^^^^^^^^^^^^^^^^^^^^
> 388 |
      | ^
> 389 |       {/* Approval Queue */}
      | ^^^^^^
  390 |       <section>
  391 |         <h2 className="text-sm font-semibold mb-3"
  392 |           style={{ color: "var(--muted)", borderBottom: "1px solid var(--card-border)", paddingBott...

Parsing ecmascript source code failed

Import trace:
  Server Component:
    ./app/admin/AdminDashboard.tsx
    ./app/admin/page.tsx @ http://localhost:3000/_next/static/chunks/node_modules_next_dist_0u_w_5s._.js:1945
[ 1712089ms] [ERROR] ./app/admin/AdminDashboard.tsx:387:17
Expected '</', got 'jsx text'
  385 |           );
  386 |         })()}
> 387 |       </section>
      |                 ^^^^^^^^^^^^^^^^^^^^^^^^^^^^^^^^^^^^^^^^^^^^^^^^^^^^^^^^^^^^^^^^^^^^^^^^^^^^^^^^^^^^^^
> 388 |
      | ^
> 389 |       {/* Approval Queue */}
      | ^^^^^^
  390 |       <section>
  391 |         <h2 className="text-sm font-semibold mb-3"
  392 |           style={{ color: "var(--muted)", borderBottom: "1px solid var(--card-border)", paddingBott...

Parsing ecmascript source code failed

Import trace:
  Server Component:
    ./app/admin/AdminDashboard.tsx
    ./app/admin/page.tsx @ http://localhost:3000/_next/static/chunks/node_modules_next_dist_0u_w_5s._.js:1945
[ 1712151ms] [ERROR] ./app/admin/AdminDashboard.tsx:387:17
Expected '</', got 'jsx text'
  385 |           );
  386 |         })()}
> 387 |       </section>
      |                 ^^^^^^^^^^^^^^^^^^^^^^^^^^^^^^^^^^^^^^^^^^^^^^^^^^^^^^^^^^^^^^^^^^^^^^^^^^^^^^^^^^^^^^
> 388 |
      | ^
> 389 |       {/* Approval Queue */}
      | ^^^^^^
  390 |       <section>
  391 |         <h2 className="text-sm font-semibold mb-3"
  392 |           style={{ color: "var(--muted)", borderBottom: "1px solid var(--card-border)", paddingBott...

Parsing ecmascript source code failed

Import trace:
  Server Component:
    ./app/admin/AdminDashboard.tsx
    ./app/admin/page.tsx @ http://localhost:3000/_next/static/chunks/node_modules_next_dist_0u_w_5s._.js:1945
[ 1712214ms] [ERROR] ./app/admin/AdminDashboard.tsx:387:17
Expected '</', got 'jsx text'
  385 |           );
  386 |         })()}
> 387 |       </section>
      |                 ^^^^^^^^^^^^^^^^^^^^^^^^^^^^^^^^^^^^^^^^^^^^^^^^^^^^^^^^^^^^^^^^^^^^^^^^^^^^^^^^^^^^^^
> 388 |
      | ^
> 389 |       {/* Approval Queue */}
      | ^^^^^^
  390 |       <section>
  391 |         <h2 className="text-sm font-semibold mb-3"
  392 |           style={{ color: "var(--muted)", borderBottom: "1px solid var(--card-border)", paddingBott...

Parsing ecmascript source code failed

Import trace:
  Server Component:
    ./app/admin/AdminDashboard.tsx
    ./app/admin/page.tsx @ http://localhost:3000/_next/static/chunks/node_modules_next_dist_0u_w_5s._.js:1945
[ 1712273ms] [ERROR] ./app/admin/AdminDashboard.tsx:387:17
Expected '</', got 'jsx text'
  385 |           );
  386 |         })()}
> 387 |       </section>
      |                 ^^^^^^^^^^^^^^^^^^^^^^^^^^^^^^^^^^^^^^^^^^^^^^^^^^^^^^^^^^^^^^^^^^^^^^^^^^^^^^^^^^^^^^
> 388 |
      | ^
> 389 |       {/* Approval Queue */}
      | ^^^^^^
  390 |       <section>
  391 |         <h2 className="text-sm font-semibold mb-3"
  392 |           style={{ color: "var(--muted)", borderBottom: "1px solid var(--card-border)", paddingBott...

Parsing ecmascript source code failed

Import trace:
  Server Component:
    ./app/admin/AdminDashboard.tsx
    ./app/admin/page.tsx @ http://localhost:3000/_next/static/chunks/node_modules_next_dist_0u_w_5s._.js:1945
[ 1712336ms] [ERROR] ./app/admin/AdminDashboard.tsx:387:17
Expected '</', got 'jsx text'
  385 |           );
  386 |         })()}
> 387 |       </section>
      |                 ^^^^^^^^^^^^^^^^^^^^^^^^^^^^^^^^^^^^^^^^^^^^^^^^^^^^^^^^^^^^^^^^^^^^^^^^^^^^^^^^^^^^^^
> 388 |
      | ^
> 389 |       {/* Approval Queue */}
      | ^^^^^^
  390 |       <section>
  391 |         <h2 className="text-sm font-semibold mb-3"
  392 |           style={{ color: "var(--muted)", borderBottom: "1px solid var(--card-border)", paddingBott...

Parsing ecmascript source code failed

Import trace:
  Server Component:
    ./app/admin/AdminDashboard.tsx
    ./app/admin/page.tsx @ http://localhost:3000/_next/static/chunks/node_modules_next_dist_0u_w_5s._.js:1945
[ 1712399ms] [ERROR] ./app/admin/AdminDashboard.tsx:387:17
Expected '</', got 'jsx text'
  385 |           );
  386 |         })()}
> 387 |       </section>
      |                 ^^^^^^^^^^^^^^^^^^^^^^^^^^^^^^^^^^^^^^^^^^^^^^^^^^^^^^^^^^^^^^^^^^^^^^^^^^^^^^^^^^^^^^
> 388 |
      | ^
> 389 |       {/* Approval Queue */}
      | ^^^^^^
  390 |       <section>
  391 |         <h2 className="text-sm font-semibold mb-3"
  392 |           style={{ color: "var(--muted)", borderBottom: "1px solid var(--card-border)", paddingBott...

Parsing ecmascript source code failed

Import trace:
  Server Component:
    ./app/admin/AdminDashboard.tsx
    ./app/admin/page.tsx @ http://localhost:3000/_next/static/chunks/node_modules_next_dist_0u_w_5s._.js:1945
[ 1712462ms] [ERROR] ./app/admin/AdminDashboard.tsx:387:17
Expected '</', got 'jsx text'
  385 |           );
  386 |         })()}
> 387 |       </section>
      |                 ^^^^^^^^^^^^^^^^^^^^^^^^^^^^^^^^^^^^^^^^^^^^^^^^^^^^^^^^^^^^^^^^^^^^^^^^^^^^^^^^^^^^^^
> 388 |
      | ^
> 389 |       {/* Approval Queue */}
      | ^^^^^^
  390 |       <section>
  391 |         <h2 className="text-sm font-semibold mb-3"
  392 |           style={{ color: "var(--muted)", borderBottom: "1px solid var(--card-border)", paddingBott...

Parsing ecmascript source code failed

Import trace:
  Server Component:
    ./app/admin/AdminDashboard.tsx
    ./app/admin/page.tsx @ http://localhost:3000/_next/static/chunks/node_modules_next_dist_0u_w_5s._.js:1945
[ 1712525ms] [ERROR] ./app/admin/AdminDashboard.tsx:387:17
Expected '</', got 'jsx text'
  385 |           );
  386 |         })()}
> 387 |       </section>
      |                 ^^^^^^^^^^^^^^^^^^^^^^^^^^^^^^^^^^^^^^^^^^^^^^^^^^^^^^^^^^^^^^^^^^^^^^^^^^^^^^^^^^^^^^
> 388 |
      | ^
> 389 |       {/* Approval Queue */}
      | ^^^^^^
  390 |       <section>
  391 |         <h2 className="text-sm font-semibold mb-3"
  392 |           style={{ color: "var(--muted)", borderBottom: "1px solid var(--card-border)", paddingBott...

Parsing ecmascript source code failed

Import trace:
  Server Component:
    ./app/admin/AdminDashboard.tsx
    ./app/admin/page.tsx @ http://localhost:3000/_next/static/chunks/node_modules_next_dist_0u_w_5s._.js:1945
[ 1712587ms] [ERROR] ./app/admin/AdminDashboard.tsx:387:17
Expected '</', got 'jsx text'
  385 |           );
  386 |         })()}
> 387 |       </section>
      |                 ^^^^^^^^^^^^^^^^^^^^^^^^^^^^^^^^^^^^^^^^^^^^^^^^^^^^^^^^^^^^^^^^^^^^^^^^^^^^^^^^^^^^^^
> 388 |
      | ^
> 389 |       {/* Approval Queue */}
      | ^^^^^^
  390 |       <section>
  391 |         <h2 className="text-sm font-semibold mb-3"
  392 |           style={{ color: "var(--muted)", borderBottom: "1px solid var(--card-border)", paddingBott...

Parsing ecmascript source code failed

Import trace:
  Server Component:
    ./app/admin/AdminDashboard.tsx
    ./app/admin/page.tsx @ http://localhost:3000/_next/static/chunks/node_modules_next_dist_0u_w_5s._.js:1945
[ 1712650ms] [ERROR] ./app/admin/AdminDashboard.tsx:387:17
Expected '</', got 'jsx text'
  385 |           );
  386 |         })()}
> 387 |       </section>
      |                 ^^^^^^^^^^^^^^^^^^^^^^^^^^^^^^^^^^^^^^^^^^^^^^^^^^^^^^^^^^^^^^^^^^^^^^^^^^^^^^^^^^^^^^
> 388 |
      | ^
> 389 |       {/* Approval Queue */}
      | ^^^^^^
  390 |       <section>
  391 |         <h2 className="text-sm font-semibold mb-3"
  392 |           style={{ color: "var(--muted)", borderBottom: "1px solid var(--card-border)", paddingBott...

Parsing ecmascript source code failed

Import trace:
  Server Component:
    ./app/admin/AdminDashboard.tsx
    ./app/admin/page.tsx @ http://localhost:3000/_next/static/chunks/node_modules_next_dist_0u_w_5s._.js:1945
[ 1712713ms] [ERROR] ./app/admin/AdminDashboard.tsx:387:17
Expected '</', got 'jsx text'
  385 |           );
  386 |         })()}
> 387 |       </section>
      |                 ^^^^^^^^^^^^^^^^^^^^^^^^^^^^^^^^^^^^^^^^^^^^^^^^^^^^^^^^^^^^^^^^^^^^^^^^^^^^^^^^^^^^^^
> 388 |
      | ^
> 389 |       {/* Approval Queue */}
      | ^^^^^^
  390 |       <section>
  391 |         <h2 className="text-sm font-semibold mb-3"
  392 |           style={{ color: "var(--muted)", borderBottom: "1px solid var(--card-border)", paddingBott...

Parsing ecmascript source code failed

Import trace:
  Server Component:
    ./app/admin/AdminDashboard.tsx
    ./app/admin/page.tsx @ http://localhost:3000/_next/static/chunks/node_modules_next_dist_0u_w_5s._.js:1945
[ 1712776ms] [ERROR] ./app/admin/AdminDashboard.tsx:387:17
Expected '</', got 'jsx text'
  385 |           );
  386 |         })()}
> 387 |       </section>
      |                 ^^^^^^^^^^^^^^^^^^^^^^^^^^^^^^^^^^^^^^^^^^^^^^^^^^^^^^^^^^^^^^^^^^^^^^^^^^^^^^^^^^^^^^
> 388 |
      | ^
> 389 |       {/* Approval Queue */}
      | ^^^^^^
  390 |       <section>
  391 |         <h2 className="text-sm font-semibold mb-3"
  392 |           style={{ color: "var(--muted)", borderBottom: "1px solid var(--card-border)", paddingBott...

Parsing ecmascript source code failed

Import trace:
  Server Component:
    ./app/admin/AdminDashboard.tsx
    ./app/admin/page.tsx @ http://localhost:3000/_next/static/chunks/node_modules_next_dist_0u_w_5s._.js:1945
[ 1712838ms] [ERROR] ./app/admin/AdminDashboard.tsx:387:17
Expected '</', got 'jsx text'
  385 |           );
  386 |         })()}
> 387 |       </section>
      |                 ^^^^^^^^^^^^^^^^^^^^^^^^^^^^^^^^^^^^^^^^^^^^^^^^^^^^^^^^^^^^^^^^^^^^^^^^^^^^^^^^^^^^^^
> 388 |
      | ^
> 389 |       {/* Approval Queue */}
      | ^^^^^^
  390 |       <section>
  391 |         <h2 className="text-sm font-semibold mb-3"
  392 |           style={{ color: "var(--muted)", borderBottom: "1px solid var(--card-border)", paddingBott...

Parsing ecmascript source code failed

Import trace:
  Server Component:
    ./app/admin/AdminDashboard.tsx
    ./app/admin/page.tsx @ http://localhost:3000/_next/static/chunks/node_modules_next_dist_0u_w_5s._.js:1945
[ 1712902ms] [ERROR] ./app/admin/AdminDashboard.tsx:387:17
Expected '</', got 'jsx text'
  385 |           );
  386 |         })()}
> 387 |       </section>
      |                 ^^^^^^^^^^^^^^^^^^^^^^^^^^^^^^^^^^^^^^^^^^^^^^^^^^^^^^^^^^^^^^^^^^^^^^^^^^^^^^^^^^^^^^
> 388 |
      | ^
> 389 |       {/* Approval Queue */}
      | ^^^^^^
  390 |       <section>
  391 |         <h2 className="text-sm font-semibold mb-3"
  392 |           style={{ color: "var(--muted)", borderBottom: "1px solid var(--card-border)", paddingBott...

Parsing ecmascript source code failed

Import trace:
  Server Component:
    ./app/admin/AdminDashboard.tsx
    ./app/admin/page.tsx @ http://localhost:3000/_next/static/chunks/node_modules_next_dist_0u_w_5s._.js:1945
[ 1712963ms] [ERROR] ./app/admin/AdminDashboard.tsx:387:17
Expected '</', got 'jsx text'
  385 |           );
  386 |         })()}
> 387 |       </section>
      |                 ^^^^^^^^^^^^^^^^^^^^^^^^^^^^^^^^^^^^^^^^^^^^^^^^^^^^^^^^^^^^^^^^^^^^^^^^^^^^^^^^^^^^^^
> 388 |
      | ^
> 389 |       {/* Approval Queue */}
      | ^^^^^^
  390 |       <section>
  391 |         <h2 className="text-sm font-semibold mb-3"
  392 |           style={{ color: "var(--muted)", borderBottom: "1px solid var(--card-border)", paddingBott...

Parsing ecmascript source code failed

Import trace:
  Server Component:
    ./app/admin/AdminDashboard.tsx
    ./app/admin/page.tsx @ http://localhost:3000/_next/static/chunks/node_modules_next_dist_0u_w_5s._.js:1945
[ 1713026ms] [ERROR] ./app/admin/AdminDashboard.tsx:387:17
Expected '</', got 'jsx text'
  385 |           );
  386 |         })()}
> 387 |       </section>
      |                 ^^^^^^^^^^^^^^^^^^^^^^^^^^^^^^^^^^^^^^^^^^^^^^^^^^^^^^^^^^^^^^^^^^^^^^^^^^^^^^^^^^^^^^
> 388 |
      | ^
> 389 |       {/* Approval Queue */}
      | ^^^^^^
  390 |       <section>
  391 |         <h2 className="text-sm font-semibold mb-3"
  392 |           style={{ color: "var(--muted)", borderBottom: "1px solid var(--card-border)", paddingBott...

Parsing ecmascript source code failed

Import trace:
  Server Component:
    ./app/admin/AdminDashboard.tsx
    ./app/admin/page.tsx @ http://localhost:3000/_next/static/chunks/node_modules_next_dist_0u_w_5s._.js:1945
[ 1713089ms] [ERROR] ./app/admin/AdminDashboard.tsx:387:17
Expected '</', got 'jsx text'
  385 |           );
  386 |         })()}
> 387 |       </section>
      |                 ^^^^^^^^^^^^^^^^^^^^^^^^^^^^^^^^^^^^^^^^^^^^^^^^^^^^^^^^^^^^^^^^^^^^^^^^^^^^^^^^^^^^^^
> 388 |
      | ^
> 389 |       {/* Approval Queue */}
      | ^^^^^^
  390 |       <section>
  391 |         <h2 className="text-sm font-semibold mb-3"
  392 |           style={{ color: "var(--muted)", borderBottom: "1px solid var(--card-border)", paddingBott...

Parsing ecmascript source code failed

Import trace:
  Server Component:
    ./app/admin/AdminDashboard.tsx
    ./app/admin/page.tsx @ http://localhost:3000/_next/static/chunks/node_modules_next_dist_0u_w_5s._.js:1945
[ 1713150ms] [ERROR] ./app/admin/AdminDashboard.tsx:387:17
Expected '</', got 'jsx text'
  385 |           );
  386 |         })()}
> 387 |       </section>
      |                 ^^^^^^^^^^^^^^^^^^^^^^^^^^^^^^^^^^^^^^^^^^^^^^^^^^^^^^^^^^^^^^^^^^^^^^^^^^^^^^^^^^^^^^
> 388 |
      | ^
> 389 |       {/* Approval Queue */}
      | ^^^^^^
  390 |       <section>
  391 |         <h2 className="text-sm font-semibold mb-3"
  392 |           style={{ color: "var(--muted)", borderBottom: "1px solid var(--card-border)", paddingBott...

Parsing ecmascript source code failed

Import trace:
  Server Component:
    ./app/admin/AdminDashboard.tsx
    ./app/admin/page.tsx @ http://localhost:3000/_next/static/chunks/node_modules_next_dist_0u_w_5s._.js:1945
[ 1713211ms] [ERROR] ./app/admin/AdminDashboard.tsx:387:17
Expected '</', got 'jsx text'
  385 |           );
  386 |         })()}
> 387 |       </section>
      |                 ^^^^^^^^^^^^^^^^^^^^^^^^^^^^^^^^^^^^^^^^^^^^^^^^^^^^^^^^^^^^^^^^^^^^^^^^^^^^^^^^^^^^^^
> 388 |
      | ^
> 389 |       {/* Approval Queue */}
      | ^^^^^^
  390 |       <section>
  391 |         <h2 className="text-sm font-semibold mb-3"
  392 |           style={{ color: "var(--muted)", borderBottom: "1px solid var(--card-border)", paddingBott...

Parsing ecmascript source code failed

Import trace:
  Server Component:
    ./app/admin/AdminDashboard.tsx
    ./app/admin/page.tsx @ http://localhost:3000/_next/static/chunks/node_modules_next_dist_0u_w_5s._.js:1945
[ 1713274ms] [ERROR] ./app/admin/AdminDashboard.tsx:387:17
Expected '</', got 'jsx text'
  385 |           );
  386 |         })()}
> 387 |       </section>
      |                 ^^^^^^^^^^^^^^^^^^^^^^^^^^^^^^^^^^^^^^^^^^^^^^^^^^^^^^^^^^^^^^^^^^^^^^^^^^^^^^^^^^^^^^
> 388 |
      | ^
> 389 |       {/* Approval Queue */}
      | ^^^^^^
  390 |       <section>
  391 |         <h2 className="text-sm font-semibold mb-3"
  392 |           style={{ color: "var(--muted)", borderBottom: "1px solid var(--card-border)", paddingBott...

Parsing ecmascript source code failed

Import trace:
  Server Component:
    ./app/admin/AdminDashboard.tsx
    ./app/admin/page.tsx @ http://localhost:3000/_next/static/chunks/node_modules_next_dist_0u_w_5s._.js:1945
[ 1713338ms] [ERROR] ./app/admin/AdminDashboard.tsx:387:17
Expected '</', got 'jsx text'
  385 |           );
  386 |         })()}
> 387 |       </section>
      |                 ^^^^^^^^^^^^^^^^^^^^^^^^^^^^^^^^^^^^^^^^^^^^^^^^^^^^^^^^^^^^^^^^^^^^^^^^^^^^^^^^^^^^^^
> 388 |
      | ^
> 389 |       {/* Approval Queue */}
      | ^^^^^^
  390 |       <section>
  391 |         <h2 className="text-sm font-semibold mb-3"
  392 |           style={{ color: "var(--muted)", borderBottom: "1px solid var(--card-border)", paddingBott...

Parsing ecmascript source code failed

Import trace:
  Server Component:
    ./app/admin/AdminDashboard.tsx
    ./app/admin/page.tsx @ http://localhost:3000/_next/static/chunks/node_modules_next_dist_0u_w_5s._.js:1945
[ 1713398ms] [ERROR] ./app/admin/AdminDashboard.tsx:387:17
Expected '</', got 'jsx text'
  385 |           );
  386 |         })()}
> 387 |       </section>
      |                 ^^^^^^^^^^^^^^^^^^^^^^^^^^^^^^^^^^^^^^^^^^^^^^^^^^^^^^^^^^^^^^^^^^^^^^^^^^^^^^^^^^^^^^
> 388 |
      | ^
> 389 |       {/* Approval Queue */}
      | ^^^^^^
  390 |       <section>
  391 |         <h2 className="text-sm font-semibold mb-3"
  392 |           style={{ color: "var(--muted)", borderBottom: "1px solid var(--card-border)", paddingBott...

Parsing ecmascript source code failed

Import trace:
  Server Component:
    ./app/admin/AdminDashboard.tsx
    ./app/admin/page.tsx @ http://localhost:3000/_next/static/chunks/node_modules_next_dist_0u_w_5s._.js:1945
[ 1713458ms] [ERROR] ./app/admin/AdminDashboard.tsx:387:17
Expected '</', got 'jsx text'
  385 |           );
  386 |         })()}
> 387 |       </section>
      |                 ^^^^^^^^^^^^^^^^^^^^^^^^^^^^^^^^^^^^^^^^^^^^^^^^^^^^^^^^^^^^^^^^^^^^^^^^^^^^^^^^^^^^^^
> 388 |
      | ^
> 389 |       {/* Approval Queue */}
      | ^^^^^^
  390 |       <section>
  391 |         <h2 className="text-sm font-semibold mb-3"
  392 |           style={{ color: "var(--muted)", borderBottom: "1px solid var(--card-border)", paddingBott...

Parsing ecmascript source code failed

Import trace:
  Server Component:
    ./app/admin/AdminDashboard.tsx
    ./app/admin/page.tsx @ http://localhost:3000/_next/static/chunks/node_modules_next_dist_0u_w_5s._.js:1945
[ 1713521ms] [ERROR] ./app/admin/AdminDashboard.tsx:387:17
Expected '</', got 'jsx text'
  385 |           );
  386 |         })()}
> 387 |       </section>
      |                 ^^^^^^^^^^^^^^^^^^^^^^^^^^^^^^^^^^^^^^^^^^^^^^^^^^^^^^^^^^^^^^^^^^^^^^^^^^^^^^^^^^^^^^
> 388 |
      | ^
> 389 |       {/* Approval Queue */}
      | ^^^^^^
  390 |       <section>
  391 |         <h2 className="text-sm font-semibold mb-3"
  392 |           style={{ color: "var(--muted)", borderBottom: "1px solid var(--card-border)", paddingBott...

Parsing ecmascript source code failed

Import trace:
  Server Component:
    ./app/admin/AdminDashboard.tsx
    ./app/admin/page.tsx @ http://localhost:3000/_next/static/chunks/node_modules_next_dist_0u_w_5s._.js:1945
[ 1713584ms] [ERROR] ./app/admin/AdminDashboard.tsx:387:17
Expected '</', got 'jsx text'
  385 |           );
  386 |         })()}
> 387 |       </section>
      |                 ^^^^^^^^^^^^^^^^^^^^^^^^^^^^^^^^^^^^^^^^^^^^^^^^^^^^^^^^^^^^^^^^^^^^^^^^^^^^^^^^^^^^^^
> 388 |
      | ^
> 389 |       {/* Approval Queue */}
      | ^^^^^^
  390 |       <section>
  391 |         <h2 className="text-sm font-semibold mb-3"
  392 |           style={{ color: "var(--muted)", borderBottom: "1px solid var(--card-border)", paddingBott...

Parsing ecmascript source code failed

Import trace:
  Server Component:
    ./app/admin/AdminDashboard.tsx
    ./app/admin/page.tsx @ http://localhost:3000/_next/static/chunks/node_modules_next_dist_0u_w_5s._.js:1945
[ 1713647ms] [ERROR] ./app/admin/AdminDashboard.tsx:387:17
Expected '</', got 'jsx text'
  385 |           );
  386 |         })()}
> 387 |       </section>
      |                 ^^^^^^^^^^^^^^^^^^^^^^^^^^^^^^^^^^^^^^^^^^^^^^^^^^^^^^^^^^^^^^^^^^^^^^^^^^^^^^^^^^^^^^
> 388 |
      | ^
> 389 |       {/* Approval Queue */}
      | ^^^^^^
  390 |       <section>
  391 |         <h2 className="text-sm font-semibold mb-3"
  392 |           style={{ color: "var(--muted)", borderBottom: "1px solid var(--card-border)", paddingBott...

Parsing ecmascript source code failed

Import trace:
  Server Component:
    ./app/admin/AdminDashboard.tsx
    ./app/admin/page.tsx @ http://localhost:3000/_next/static/chunks/node_modules_next_dist_0u_w_5s._.js:1945
[ 1713709ms] [ERROR] ./app/admin/AdminDashboard.tsx:387:17
Expected '</', got 'jsx text'
  385 |           );
  386 |         })()}
> 387 |       </section>
      |                 ^^^^^^^^^^^^^^^^^^^^^^^^^^^^^^^^^^^^^^^^^^^^^^^^^^^^^^^^^^^^^^^^^^^^^^^^^^^^^^^^^^^^^^
> 388 |
      | ^
> 389 |       {/* Approval Queue */}
      | ^^^^^^
  390 |       <section>
  391 |         <h2 className="text-sm font-semibold mb-3"
  392 |           style={{ color: "var(--muted)", borderBottom: "1px solid var(--card-border)", paddingBott...

Parsing ecmascript source code failed

Import trace:
  Server Component:
    ./app/admin/AdminDashboard.tsx
    ./app/admin/page.tsx @ http://localhost:3000/_next/static/chunks/node_modules_next_dist_0u_w_5s._.js:1945
[ 1713773ms] [ERROR] ./app/admin/AdminDashboard.tsx:387:17
Expected '</', got 'jsx text'
  385 |           );
  386 |         })()}
> 387 |       </section>
      |                 ^^^^^^^^^^^^^^^^^^^^^^^^^^^^^^^^^^^^^^^^^^^^^^^^^^^^^^^^^^^^^^^^^^^^^^^^^^^^^^^^^^^^^^
> 388 |
      | ^
> 389 |       {/* Approval Queue */}
      | ^^^^^^
  390 |       <section>
  391 |         <h2 className="text-sm font-semibold mb-3"
  392 |           style={{ color: "var(--muted)", borderBottom: "1px solid var(--card-border)", paddingBott...

Parsing ecmascript source code failed

Import trace:
  Server Component:
    ./app/admin/AdminDashboard.tsx
    ./app/admin/page.tsx @ http://localhost:3000/_next/static/chunks/node_modules_next_dist_0u_w_5s._.js:1945
[ 1713835ms] [ERROR] ./app/admin/AdminDashboard.tsx:387:17
Expected '</', got 'jsx text'
  385 |           );
  386 |         })()}
> 387 |       </section>
      |                 ^^^^^^^^^^^^^^^^^^^^^^^^^^^^^^^^^^^^^^^^^^^^^^^^^^^^^^^^^^^^^^^^^^^^^^^^^^^^^^^^^^^^^^
> 388 |
      | ^
> 389 |       {/* Approval Queue */}
      | ^^^^^^
  390 |       <section>
  391 |         <h2 className="text-sm font-semibold mb-3"
  392 |           style={{ color: "var(--muted)", borderBottom: "1px solid var(--card-border)", paddingBott...

Parsing ecmascript source code failed

Import trace:
  Server Component:
    ./app/admin/AdminDashboard.tsx
    ./app/admin/page.tsx @ http://localhost:3000/_next/static/chunks/node_modules_next_dist_0u_w_5s._.js:1945
[ 1713899ms] [ERROR] ./app/admin/AdminDashboard.tsx:387:17
Expected '</', got 'jsx text'
  385 |           );
  386 |         })()}
> 387 |       </section>
      |                 ^^^^^^^^^^^^^^^^^^^^^^^^^^^^^^^^^^^^^^^^^^^^^^^^^^^^^^^^^^^^^^^^^^^^^^^^^^^^^^^^^^^^^^
> 388 |
      | ^
> 389 |       {/* Approval Queue */}
      | ^^^^^^
  390 |       <section>
  391 |         <h2 className="text-sm font-semibold mb-3"
  392 |           style={{ color: "var(--muted)", borderBottom: "1px solid var(--card-border)", paddingBott...

Parsing ecmascript source code failed

Import trace:
  Server Component:
    ./app/admin/AdminDashboard.tsx
    ./app/admin/page.tsx @ http://localhost:3000/_next/static/chunks/node_modules_next_dist_0u_w_5s._.js:1945
[ 1713962ms] [ERROR] ./app/admin/AdminDashboard.tsx:387:17
Expected '</', got 'jsx text'
  385 |           );
  386 |         })()}
> 387 |       </section>
      |                 ^^^^^^^^^^^^^^^^^^^^^^^^^^^^^^^^^^^^^^^^^^^^^^^^^^^^^^^^^^^^^^^^^^^^^^^^^^^^^^^^^^^^^^
> 388 |
      | ^
> 389 |       {/* Approval Queue */}
      | ^^^^^^
  390 |       <section>
  391 |         <h2 className="text-sm font-semibold mb-3"
  392 |           style={{ color: "var(--muted)", borderBottom: "1px solid var(--card-border)", paddingBott...

Parsing ecmascript source code failed

Import trace:
  Server Component:
    ./app/admin/AdminDashboard.tsx
    ./app/admin/page.tsx @ http://localhost:3000/_next/static/chunks/node_modules_next_dist_0u_w_5s._.js:1945
[ 1714026ms] [ERROR] ./app/admin/AdminDashboard.tsx:387:17
Expected '</', got 'jsx text'
  385 |           );
  386 |         })()}
> 387 |       </section>
      |                 ^^^^^^^^^^^^^^^^^^^^^^^^^^^^^^^^^^^^^^^^^^^^^^^^^^^^^^^^^^^^^^^^^^^^^^^^^^^^^^^^^^^^^^
> 388 |
      | ^
> 389 |       {/* Approval Queue */}
      | ^^^^^^
  390 |       <section>
  391 |         <h2 className="text-sm font-semibold mb-3"
  392 |           style={{ color: "var(--muted)", borderBottom: "1px solid var(--card-border)", paddingBott...

Parsing ecmascript source code failed

Import trace:
  Server Component:
    ./app/admin/AdminDashboard.tsx
    ./app/admin/page.tsx @ http://localhost:3000/_next/static/chunks/node_modules_next_dist_0u_w_5s._.js:1945
[ 1714101ms] [ERROR] ./app/admin/AdminDashboard.tsx:387:17
Expected '</', got 'jsx text'
  385 |           );
  386 |         })()}
> 387 |       </section>
      |                 ^^^^^^^^^^^^^^^^^^^^^^^^^^^^^^^^^^^^^^^^^^^^^^^^^^^^^^^^^^^^^^^^^^^^^^^^^^^^^^^^^^^^^^
> 388 |
      | ^
> 389 |       {/* Approval Queue */}
      | ^^^^^^
  390 |       <section>
  391 |         <h2 className="text-sm font-semibold mb-3"
  392 |           style={{ color: "var(--muted)", borderBottom: "1px solid var(--card-border)", paddingBott...

Parsing ecmascript source code failed

Import trace:
  Server Component:
    ./app/admin/AdminDashboard.tsx
    ./app/admin/page.tsx @ http://localhost:3000/_next/static/chunks/node_modules_next_dist_0u_w_5s._.js:1945
[ 1714162ms] [ERROR] ./app/admin/AdminDashboard.tsx:387:17
Expected '</', got 'jsx text'
  385 |           );
  386 |         })()}
> 387 |       </section>
      |                 ^^^^^^^^^^^^^^^^^^^^^^^^^^^^^^^^^^^^^^^^^^^^^^^^^^^^^^^^^^^^^^^^^^^^^^^^^^^^^^^^^^^^^^
> 388 |
      | ^
> 389 |       {/* Approval Queue */}
      | ^^^^^^
  390 |       <section>
  391 |         <h2 className="text-sm font-semibold mb-3"
  392 |           style={{ color: "var(--muted)", borderBottom: "1px solid var(--card-border)", paddingBott...

Parsing ecmascript source code failed

Import trace:
  Server Component:
    ./app/admin/AdminDashboard.tsx
    ./app/admin/page.tsx @ http://localhost:3000/_next/static/chunks/node_modules_next_dist_0u_w_5s._.js:1945
[ 1714226ms] [ERROR] ./app/admin/AdminDashboard.tsx:387:17
Expected '</', got 'jsx text'
  385 |           );
  386 |         })()}
> 387 |       </section>
      |                 ^^^^^^^^^^^^^^^^^^^^^^^^^^^^^^^^^^^^^^^^^^^^^^^^^^^^^^^^^^^^^^^^^^^^^^^^^^^^^^^^^^^^^^
> 388 |
      | ^
> 389 |       {/* Approval Queue */}
      | ^^^^^^
  390 |       <section>
  391 |         <h2 className="text-sm font-semibold mb-3"
  392 |           style={{ color: "var(--muted)", borderBottom: "1px solid var(--card-border)", paddingBott...

Parsing ecmascript source code failed

Import trace:
  Server Component:
    ./app/admin/AdminDashboard.tsx
    ./app/admin/page.tsx @ http://localhost:3000/_next/static/chunks/node_modules_next_dist_0u_w_5s._.js:1945
[ 1714289ms] [ERROR] ./app/admin/AdminDashboard.tsx:387:17
Expected '</', got 'jsx text'
  385 |           );
  386 |         })()}
> 387 |       </section>
      |                 ^^^^^^^^^^^^^^^^^^^^^^^^^^^^^^^^^^^^^^^^^^^^^^^^^^^^^^^^^^^^^^^^^^^^^^^^^^^^^^^^^^^^^^
> 388 |
      | ^
> 389 |       {/* Approval Queue */}
      | ^^^^^^
  390 |       <section>
  391 |         <h2 className="text-sm font-semibold mb-3"
  392 |           style={{ color: "var(--muted)", borderBottom: "1px solid var(--card-border)", paddingBott...

Parsing ecmascript source code failed

Import trace:
  Server Component:
    ./app/admin/AdminDashboard.tsx
    ./app/admin/page.tsx @ http://localhost:3000/_next/static/chunks/node_modules_next_dist_0u_w_5s._.js:1945
[ 1714352ms] [ERROR] ./app/admin/AdminDashboard.tsx:387:17
Expected '</', got 'jsx text'
  385 |           );
  386 |         })()}
> 387 |       </section>
      |                 ^^^^^^^^^^^^^^^^^^^^^^^^^^^^^^^^^^^^^^^^^^^^^^^^^^^^^^^^^^^^^^^^^^^^^^^^^^^^^^^^^^^^^^
> 388 |
      | ^
> 389 |       {/* Approval Queue */}
      | ^^^^^^
  390 |       <section>
  391 |         <h2 className="text-sm font-semibold mb-3"
  392 |           style={{ color: "var(--muted)", borderBottom: "1px solid var(--card-border)", paddingBott...

Parsing ecmascript source code failed

Import trace:
  Server Component:
    ./app/admin/AdminDashboard.tsx
    ./app/admin/page.tsx @ http://localhost:3000/_next/static/chunks/node_modules_next_dist_0u_w_5s._.js:1945
[ 1714420ms] [ERROR] ./app/admin/AdminDashboard.tsx:387:17
Expected '</', got 'jsx text'
  385 |           );
  386 |         })()}
> 387 |       </section>
      |                 ^^^^^^^^^^^^^^^^^^^^^^^^^^^^^^^^^^^^^^^^^^^^^^^^^^^^^^^^^^^^^^^^^^^^^^^^^^^^^^^^^^^^^^
> 388 |
      | ^
> 389 |       {/* Approval Queue */}
      | ^^^^^^
  390 |       <section>
  391 |         <h2 className="text-sm font-semibold mb-3"
  392 |           style={{ color: "var(--muted)", borderBottom: "1px solid var(--card-border)", paddingBott...

Parsing ecmascript source code failed

Import trace:
  Server Component:
    ./app/admin/AdminDashboard.tsx
    ./app/admin/page.tsx @ http://localhost:3000/_next/static/chunks/node_modules_next_dist_0u_w_5s._.js:1945
[ 1714483ms] [ERROR] ./app/admin/AdminDashboard.tsx:387:17
Expected '</', got 'jsx text'
  385 |           );
  386 |         })()}
> 387 |       </section>
      |                 ^^^^^^^^^^^^^^^^^^^^^^^^^^^^^^^^^^^^^^^^^^^^^^^^^^^^^^^^^^^^^^^^^^^^^^^^^^^^^^^^^^^^^^
> 388 |
      | ^
> 389 |       {/* Approval Queue */}
      | ^^^^^^
  390 |       <section>
  391 |         <h2 className="text-sm font-semibold mb-3"
  392 |           style={{ color: "var(--muted)", borderBottom: "1px solid var(--card-border)", paddingBott...

Parsing ecmascript source code failed

Import trace:
  Server Component:
    ./app/admin/AdminDashboard.tsx
    ./app/admin/page.tsx @ http://localhost:3000/_next/static/chunks/node_modules_next_dist_0u_w_5s._.js:1945
[ 1714561ms] [ERROR] ./app/admin/AdminDashboard.tsx:387:17
Expected '</', got 'jsx text'
  385 |           );
  386 |         })()}
> 387 |       </section>
      |                 ^^^^^^^^^^^^^^^^^^^^^^^^^^^^^^^^^^^^^^^^^^^^^^^^^^^^^^^^^^^^^^^^^^^^^^^^^^^^^^^^^^^^^^
> 388 |
      | ^
> 389 |       {/* Approval Queue */}
      | ^^^^^^
  390 |       <section>
  391 |         <h2 className="text-sm font-semibold mb-3"
  392 |           style={{ color: "var(--muted)", borderBottom: "1px solid var(--card-border)", paddingBott...

Parsing ecmascript source code failed

Import trace:
  Server Component:
    ./app/admin/AdminDashboard.tsx
    ./app/admin/page.tsx @ http://localhost:3000/_next/static/chunks/node_modules_next_dist_0u_w_5s._.js:1945
[ 1714621ms] [ERROR] ./app/admin/AdminDashboard.tsx:387:17
Expected '</', got 'jsx text'
  385 |           );
  386 |         })()}
> 387 |       </section>
      |                 ^^^^^^^^^^^^^^^^^^^^^^^^^^^^^^^^^^^^^^^^^^^^^^^^^^^^^^^^^^^^^^^^^^^^^^^^^^^^^^^^^^^^^^
> 388 |
      | ^
> 389 |       {/* Approval Queue */}
      | ^^^^^^
  390 |       <section>
  391 |         <h2 className="text-sm font-semibold mb-3"
  392 |           style={{ color: "var(--muted)", borderBottom: "1px solid var(--card-border)", paddingBott...

Parsing ecmascript source code failed

Import trace:
  Server Component:
    ./app/admin/AdminDashboard.tsx
    ./app/admin/page.tsx @ http://localhost:3000/_next/static/chunks/node_modules_next_dist_0u_w_5s._.js:1945
[ 1714683ms] [ERROR] ./app/admin/AdminDashboard.tsx:387:17
Expected '</', got 'jsx text'
  385 |           );
  386 |         })()}
> 387 |       </section>
      |                 ^^^^^^^^^^^^^^^^^^^^^^^^^^^^^^^^^^^^^^^^^^^^^^^^^^^^^^^^^^^^^^^^^^^^^^^^^^^^^^^^^^^^^^
> 388 |
      | ^
> 389 |       {/* Approval Queue */}
      | ^^^^^^
  390 |       <section>
  391 |         <h2 className="text-sm font-semibold mb-3"
  392 |           style={{ color: "var(--muted)", borderBottom: "1px solid var(--card-border)", paddingBott...

Parsing ecmascript source code failed

Import trace:
  Server Component:
    ./app/admin/AdminDashboard.tsx
    ./app/admin/page.tsx @ http://localhost:3000/_next/static/chunks/node_modules_next_dist_0u_w_5s._.js:1945
[ 1714743ms] [ERROR] ./app/admin/AdminDashboard.tsx:387:17
Expected '</', got 'jsx text'
  385 |           );
  386 |         })()}
> 387 |       </section>
      |                 ^^^^^^^^^^^^^^^^^^^^^^^^^^^^^^^^^^^^^^^^^^^^^^^^^^^^^^^^^^^^^^^^^^^^^^^^^^^^^^^^^^^^^^
> 388 |
      | ^
> 389 |       {/* Approval Queue */}
      | ^^^^^^
  390 |       <section>
  391 |         <h2 className="text-sm font-semibold mb-3"
  392 |           style={{ color: "var(--muted)", borderBottom: "1px solid var(--card-border)", paddingBott...

Parsing ecmascript source code failed

Import trace:
  Server Component:
    ./app/admin/AdminDashboard.tsx
    ./app/admin/page.tsx @ http://localhost:3000/_next/static/chunks/node_modules_next_dist_0u_w_5s._.js:1945
[ 1714808ms] [ERROR] ./app/admin/AdminDashboard.tsx:387:17
Expected '</', got 'jsx text'
  385 |           );
  386 |         })()}
> 387 |       </section>
      |                 ^^^^^^^^^^^^^^^^^^^^^^^^^^^^^^^^^^^^^^^^^^^^^^^^^^^^^^^^^^^^^^^^^^^^^^^^^^^^^^^^^^^^^^
> 388 |
      | ^
> 389 |       {/* Approval Queue */}
      | ^^^^^^
  390 |       <section>
  391 |         <h2 className="text-sm font-semibold mb-3"
  392 |           style={{ color: "var(--muted)", borderBottom: "1px solid var(--card-border)", paddingBott...

Parsing ecmascript source code failed

Import trace:
  Server Component:
    ./app/admin/AdminDashboard.tsx
    ./app/admin/page.tsx @ http://localhost:3000/_next/static/chunks/node_modules_next_dist_0u_w_5s._.js:1945
[ 1714866ms] [ERROR] ./app/admin/AdminDashboard.tsx:387:17
Expected '</', got 'jsx text'
  385 |           );
  386 |         })()}
> 387 |       </section>
      |                 ^^^^^^^^^^^^^^^^^^^^^^^^^^^^^^^^^^^^^^^^^^^^^^^^^^^^^^^^^^^^^^^^^^^^^^^^^^^^^^^^^^^^^^
> 388 |
      | ^
> 389 |       {/* Approval Queue */}
      | ^^^^^^
  390 |       <section>
  391 |         <h2 className="text-sm font-semibold mb-3"
  392 |           style={{ color: "var(--muted)", borderBottom: "1px solid var(--card-border)", paddingBott...

Parsing ecmascript source code failed

Import trace:
  Server Component:
    ./app/admin/AdminDashboard.tsx
    ./app/admin/page.tsx @ http://localhost:3000/_next/static/chunks/node_modules_next_dist_0u_w_5s._.js:1945
[ 1714918ms] [ERROR] ./app/admin/AdminDashboard.tsx:386:17
Expected '</', got 'jsx text'
  384 |           );
  385 |         })()}
> 386 |       </section>
      |                 ^^^^^^^^^^^^^^^^^^^^^^^^^^^^^^^^^^^^^^^^^^^^^^^^^^^^^^^^^^^^^^^^^^^^^^^^^^^^^^^^^^^^^^
> 387 |
      | ^
> 388 |       {/* Approval Queue */}
      | ^^^^^^
  389 |       <section>
  390 |         <h2 className="text-sm font-semibold mb-3"
  391 |           style={{ color: "var(--muted)", borderBottom: "1px solid var(--card-border)", paddingBott...

Parsing ecmascript source code failed

Import trace:
  Server Component:
    ./app/admin/AdminDashboard.tsx
    ./app/admin/page.tsx @ http://localhost:3000/_next/static/chunks/node_modules_next_dist_0u_w_5s._.js:1945
[ 1714981ms] [ERROR] ./app/admin/AdminDashboard.tsx:386:17
Expected '</', got 'jsx text'
  384 |           );
  385 |         })()}
> 386 |       </section>
      |                 ^^^^^^^^^^^^^^^^^^^^^^^^^^^^^^^^^^^^^^^^^^^^^^^^^^^^^^^^^^^^^^^^^^^^^^^^^^^^^^^^^^^^^^
> 387 |
      | ^
> 388 |       {/* Approval Queue */}
      | ^^^^^^
  389 |       <section>
  390 |         <h2 className="text-sm font-semibold mb-3"
  391 |           style={{ color: "var(--muted)", borderBottom: "1px solid var(--card-border)", paddingBott...

Parsing ecmascript source code failed

Import trace:
  Server Component:
    ./app/admin/AdminDashboard.tsx
    ./app/admin/page.tsx @ http://localhost:3000/_next/static/chunks/node_modules_next_dist_0u_w_5s._.js:1945
[ 1715044ms] [ERROR] ./app/admin/AdminDashboard.tsx:386:17
Expected '</', got 'jsx text'
  384 |           );
  385 |         })()}
> 386 |       </section>
      |                 ^^^^^^^^^^^^^^^^^^^^^^^^^^^^^^^^^^^^^^^^^^^^^^^^^^^^^^^^^^^^^^^^^^^^^^^^^^^^^^^^^^^^^^
> 387 |
      | ^
> 388 |       {/* Approval Queue */}
      | ^^^^^^
  389 |       <section>
  390 |         <h2 className="text-sm font-semibold mb-3"
  391 |           style={{ color: "var(--muted)", borderBottom: "1px solid var(--card-border)", paddingBott...

Parsing ecmascript source code failed

Import trace:
  Server Component:
    ./app/admin/AdminDashboard.tsx
    ./app/admin/page.tsx @ http://localhost:3000/_next/static/chunks/node_modules_next_dist_0u_w_5s._.js:1945
[ 1715108ms] [ERROR] ./app/admin/AdminDashboard.tsx:386:17
Expected '</', got 'jsx text'
  384 |           );
  385 |         })()}
> 386 |       </section>
      |                 ^^^^^^^^^^^^^^^^^^^^^^^^^^^^^^^^^^^^^^^^^^^^^^^^^^^^^^^^^^^^^^^^^^^^^^^^^^^^^^^^^^^^^^
> 387 |
      | ^
> 388 |       {/* Approval Queue */}
      | ^^^^^^
  389 |       <section>
  390 |         <h2 className="text-sm font-semibold mb-3"
  391 |           style={{ color: "var(--muted)", borderBottom: "1px solid var(--card-border)", paddingBott...

Parsing ecmascript source code failed

Import trace:
  Server Component:
    ./app/admin/AdminDashboard.tsx
    ./app/admin/page.tsx @ http://localhost:3000/_next/static/chunks/node_modules_next_dist_0u_w_5s._.js:1945
[ 1715171ms] [ERROR] ./app/admin/AdminDashboard.tsx:386:17
Expected '</', got 'jsx text'
  384 |           );
  385 |         })()}
> 386 |       </section>
      |                 ^^^^^^^^^^^^^^^^^^^^^^^^^^^^^^^^^^^^^^^^^^^^^^^^^^^^^^^^^^^^^^^^^^^^^^^^^^^^^^^^^^^^^^
> 387 |
      | ^
> 388 |       {/* Approval Queue */}
      | ^^^^^^
  389 |       <section>
  390 |         <h2 className="text-sm font-semibold mb-3"
  391 |           style={{ color: "var(--muted)", borderBottom: "1px solid var(--card-border)", paddingBott...

Parsing ecmascript source code failed

Import trace:
  Server Component:
    ./app/admin/AdminDashboard.tsx
    ./app/admin/page.tsx @ http://localhost:3000/_next/static/chunks/node_modules_next_dist_0u_w_5s._.js:1945
[ 1715233ms] [ERROR] ./app/admin/AdminDashboard.tsx:386:17
Expected '</', got 'jsx text'
  384 |           );
  385 |         })()}
> 386 |       </section>
      |                 ^^^^^^^^^^^^^^^^^^^^^^^^^^^^^^^^^^^^^^^^^^^^^^^^^^^^^^^^^^^^^^^^^^^^^^^^^^^^^^^^^^^^^^
> 387 |
      | ^
> 388 |       {/* Approval Queue */}
      | ^^^^^^
  389 |       <section>
  390 |         <h2 className="text-sm font-semibold mb-3"
  391 |           style={{ color: "var(--muted)", borderBottom: "1px solid var(--card-border)", paddingBott...

Parsing ecmascript source code failed

Import trace:
  Server Component:
    ./app/admin/AdminDashboard.tsx
    ./app/admin/page.tsx @ http://localhost:3000/_next/static/chunks/node_modules_next_dist_0u_w_5s._.js:1945
[ 1715296ms] [ERROR] ./app/admin/AdminDashboard.tsx:386:17
Expected '</', got 'jsx text'
  384 |           );
  385 |         })()}
> 386 |       </section>
      |                 ^^^^^^^^^^^^^^^^^^^^^^^^^^^^^^^^^^^^^^^^^^^^^^^^^^^^^^^^^^^^^^^^^^^^^^^^^^^^^^^^^^^^^^
> 387 |
      | ^
> 388 |       {/* Approval Queue */}
      | ^^^^^^
  389 |       <section>
  390 |         <h2 className="text-sm font-semibold mb-3"
  391 |           style={{ color: "var(--muted)", borderBottom: "1px solid var(--card-border)", paddingBott...

Parsing ecmascript source code failed

Import trace:
  Server Component:
    ./app/admin/AdminDashboard.tsx
    ./app/admin/page.tsx @ http://localhost:3000/_next/static/chunks/node_modules_next_dist_0u_w_5s._.js:1945
[ 1715359ms] [ERROR] ./app/admin/AdminDashboard.tsx:386:17
Expected '</', got 'jsx text'
  384 |           );
  385 |         })()}
> 386 |       </section>
      |                 ^^^^^^^^^^^^^^^^^^^^^^^^^^^^^^^^^^^^^^^^^^^^^^^^^^^^^^^^^^^^^^^^^^^^^^^^^^^^^^^^^^^^^^
> 387 |
      | ^
> 388 |       {/* Approval Queue */}
      | ^^^^^^
  389 |       <section>
  390 |         <h2 className="text-sm font-semibold mb-3"
  391 |           style={{ color: "var(--muted)", borderBottom: "1px solid var(--card-border)", paddingBott...

Parsing ecmascript source code failed

Import trace:
  Server Component:
    ./app/admin/AdminDashboard.tsx
    ./app/admin/page.tsx @ http://localhost:3000/_next/static/chunks/node_modules_next_dist_0u_w_5s._.js:1945
[ 1715422ms] [ERROR] ./app/admin/AdminDashboard.tsx:386:17
Expected '</', got 'jsx text'
  384 |           );
  385 |         })()}
> 386 |       </section>
      |                 ^^^^^^^^^^^^^^^^^^^^^^^^^^^^^^^^^^^^^^^^^^^^^^^^^^^^^^^^^^^^^^^^^^^^^^^^^^^^^^^^^^^^^^
> 387 |
      | ^
> 388 |       {/* Approval Queue */}
      | ^^^^^^
  389 |       <section>
  390 |         <h2 className="text-sm font-semibold mb-3"
  391 |           style={{ color: "var(--muted)", borderBottom: "1px solid var(--card-border)", paddingBott...

Parsing ecmascript source code failed

Import trace:
  Server Component:
    ./app/admin/AdminDashboard.tsx
    ./app/admin/page.tsx @ http://localhost:3000/_next/static/chunks/node_modules_next_dist_0u_w_5s._.js:1945
[ 1715485ms] [ERROR] ./app/admin/AdminDashboard.tsx:386:17
Expected '</', got 'jsx text'
  384 |           );
  385 |         })()}
> 386 |       </section>
      |                 ^^^^^^^^^^^^^^^^^^^^^^^^^^^^^^^^^^^^^^^^^^^^^^^^^^^^^^^^^^^^^^^^^^^^^^^^^^^^^^^^^^^^^^
> 387 |
      | ^
> 388 |       {/* Approval Queue */}
      | ^^^^^^
  389 |       <section>
  390 |         <h2 className="text-sm font-semibold mb-3"
  391 |           style={{ color: "var(--muted)", borderBottom: "1px solid var(--card-border)", paddingBott...

Parsing ecmascript source code failed

Import trace:
  Server Component:
    ./app/admin/AdminDashboard.tsx
    ./app/admin/page.tsx @ http://localhost:3000/_next/static/chunks/node_modules_next_dist_0u_w_5s._.js:1945
[ 1715547ms] [ERROR] ./app/admin/AdminDashboard.tsx:386:17
Expected '</', got 'jsx text'
  384 |           );
  385 |         })()}
> 386 |       </section>
      |                 ^^^^^^^^^^^^^^^^^^^^^^^^^^^^^^^^^^^^^^^^^^^^^^^^^^^^^^^^^^^^^^^^^^^^^^^^^^^^^^^^^^^^^^
> 387 |
      | ^
> 388 |       {/* Approval Queue */}
      | ^^^^^^
  389 |       <section>
  390 |         <h2 className="text-sm font-semibold mb-3"
  391 |           style={{ color: "var(--muted)", borderBottom: "1px solid var(--card-border)", paddingBott...

Parsing ecmascript source code failed

Import trace:
  Server Component:
    ./app/admin/AdminDashboard.tsx
    ./app/admin/page.tsx @ http://localhost:3000/_next/static/chunks/node_modules_next_dist_0u_w_5s._.js:1945
[ 1715608ms] [ERROR] ./app/admin/AdminDashboard.tsx:386:17
Expected '</', got 'jsx text'
  384 |           );
  385 |         })()}
> 386 |       </section>
      |                 ^^^^^^^^^^^^^^^^^^^^^^^^^^^^^^^^^^^^^^^^^^^^^^^^^^^^^^^^^^^^^^^^^^^^^^^^^^^^^^^^^^^^^^
> 387 |
      | ^
> 388 |       {/* Approval Queue */}
      | ^^^^^^
  389 |       <section>
  390 |         <h2 className="text-sm font-semibold mb-3"
  391 |           style={{ color: "var(--muted)", borderBottom: "1px solid var(--card-border)", paddingBott...

Parsing ecmascript source code failed

Import trace:
  Server Component:
    ./app/admin/AdminDashboard.tsx
    ./app/admin/page.tsx @ http://localhost:3000/_next/static/chunks/node_modules_next_dist_0u_w_5s._.js:1945
[ 1715672ms] [ERROR] ./app/admin/AdminDashboard.tsx:386:17
Expected '</', got 'jsx text'
  384 |           );
  385 |         })()}
> 386 |       </section>
      |                 ^^^^^^^^^^^^^^^^^^^^^^^^^^^^^^^^^^^^^^^^^^^^^^^^^^^^^^^^^^^^^^^^^^^^^^^^^^^^^^^^^^^^^^
> 387 |
      | ^
> 388 |       {/* Approval Queue */}
      | ^^^^^^
  389 |       <section>
  390 |         <h2 className="text-sm font-semibold mb-3"
  391 |           style={{ color: "var(--muted)", borderBottom: "1px solid var(--card-border)", paddingBott...

Parsing ecmascript source code failed

Import trace:
  Server Component:
    ./app/admin/AdminDashboard.tsx
    ./app/admin/page.tsx @ http://localhost:3000/_next/static/chunks/node_modules_next_dist_0u_w_5s._.js:1945
[ 1715734ms] [ERROR] ./app/admin/AdminDashboard.tsx:386:17
Expected '</', got 'jsx text'
  384 |           );
  385 |         })()}
> 386 |       </section>
      |                 ^^^^^^^^^^^^^^^^^^^^^^^^^^^^^^^^^^^^^^^^^^^^^^^^^^^^^^^^^^^^^^^^^^^^^^^^^^^^^^^^^^^^^^
> 387 |
      | ^
> 388 |       {/* Approval Queue */}
      | ^^^^^^
  389 |       <section>
  390 |         <h2 className="text-sm font-semibold mb-3"
  391 |           style={{ color: "var(--muted)", borderBottom: "1px solid var(--card-border)", paddingBott...

Parsing ecmascript source code failed

Import trace:
  Server Component:
    ./app/admin/AdminDashboard.tsx
    ./app/admin/page.tsx @ http://localhost:3000/_next/static/chunks/node_modules_next_dist_0u_w_5s._.js:1945
[ 1715796ms] [ERROR] ./app/admin/AdminDashboard.tsx:386:17
Expected '</', got 'jsx text'
  384 |           );
  385 |         })()}
> 386 |       </section>
      |                 ^^^^^^^^^^^^^^^^^^^^^^^^^^^^^^^^^^^^^^^^^^^^^^^^^^^^^^^^^^^^^^^^^^^^^^^^^^^^^^^^^^^^^^
> 387 |
      | ^
> 388 |       {/* Approval Queue */}
      | ^^^^^^
  389 |       <section>
  390 |         <h2 className="text-sm font-semibold mb-3"
  391 |           style={{ color: "var(--muted)", borderBottom: "1px solid var(--card-border)", paddingBott...

Parsing ecmascript source code failed

Import trace:
  Server Component:
    ./app/admin/AdminDashboard.tsx
    ./app/admin/page.tsx @ http://localhost:3000/_next/static/chunks/node_modules_next_dist_0u_w_5s._.js:1945
[ 1715860ms] [ERROR] ./app/admin/AdminDashboard.tsx:386:17
Expected '</', got 'jsx text'
  384 |           );
  385 |         })()}
> 386 |       </section>
      |                 ^^^^^^^^^^^^^^^^^^^^^^^^^^^^^^^^^^^^^^^^^^^^^^^^^^^^^^^^^^^^^^^^^^^^^^^^^^^^^^^^^^^^^^
> 387 |
      | ^
> 388 |       {/* Approval Queue */}
      | ^^^^^^
  389 |       <section>
  390 |         <h2 className="text-sm font-semibold mb-3"
  391 |           style={{ color: "var(--muted)", borderBottom: "1px solid var(--card-border)", paddingBott...

Parsing ecmascript source code failed

Import trace:
  Server Component:
    ./app/admin/AdminDashboard.tsx
    ./app/admin/page.tsx @ http://localhost:3000/_next/static/chunks/node_modules_next_dist_0u_w_5s._.js:1945
[ 1715925ms] [ERROR] ./app/admin/AdminDashboard.tsx:386:17
Expected '</', got 'jsx text'
  384 |           );
  385 |         })()}
> 386 |       </section>
      |                 ^^^^^^^^^^^^^^^^^^^^^^^^^^^^^^^^^^^^^^^^^^^^^^^^^^^^^^^^^^^^^^^^^^^^^^^^^^^^^^^^^^^^^^
> 387 |
      | ^
> 388 |       {/* Approval Queue */}
      | ^^^^^^
  389 |       <section>
  390 |         <h2 className="text-sm font-semibold mb-3"
  391 |           style={{ color: "var(--muted)", borderBottom: "1px solid var(--card-border)", paddingBott...

Parsing ecmascript source code failed

Import trace:
  Server Component:
    ./app/admin/AdminDashboard.tsx
    ./app/admin/page.tsx @ http://localhost:3000/_next/static/chunks/node_modules_next_dist_0u_w_5s._.js:1945
[ 1715987ms] [ERROR] ./app/admin/AdminDashboard.tsx:386:17
Expected '</', got 'jsx text'
  384 |           );
  385 |         })()}
> 386 |       </section>
      |                 ^^^^^^^^^^^^^^^^^^^^^^^^^^^^^^^^^^^^^^^^^^^^^^^^^^^^^^^^^^^^^^^^^^^^^^^^^^^^^^^^^^^^^^
> 387 |
      | ^
> 388 |       {/* Approval Queue */}
      | ^^^^^^
  389 |       <section>
  390 |         <h2 className="text-sm font-semibold mb-3"
  391 |           style={{ color: "var(--muted)", borderBottom: "1px solid var(--card-border)", paddingBott...

Parsing ecmascript source code failed

Import trace:
  Server Component:
    ./app/admin/AdminDashboard.tsx
    ./app/admin/page.tsx @ http://localhost:3000/_next/static/chunks/node_modules_next_dist_0u_w_5s._.js:1945
[ 1716049ms] [ERROR] ./app/admin/AdminDashboard.tsx:386:17
Expected '</', got 'jsx text'
  384 |           );
  385 |         })()}
> 386 |       </section>
      |                 ^^^^^^^^^^^^^^^^^^^^^^^^^^^^^^^^^^^^^^^^^^^^^^^^^^^^^^^^^^^^^^^^^^^^^^^^^^^^^^^^^^^^^^
> 387 |
      | ^
> 388 |       {/* Approval Queue */}
      | ^^^^^^
  389 |       <section>
  390 |         <h2 className="text-sm font-semibold mb-3"
  391 |           style={{ color: "var(--muted)", borderBottom: "1px solid var(--card-border)", paddingBott...

Parsing ecmascript source code failed

Import trace:
  Server Component:
    ./app/admin/AdminDashboard.tsx
    ./app/admin/page.tsx @ http://localhost:3000/_next/static/chunks/node_modules_next_dist_0u_w_5s._.js:1945
[ 1716111ms] [ERROR] ./app/admin/AdminDashboard.tsx:386:17
Expected '</', got 'jsx text'
  384 |           );
  385 |         })()}
> 386 |       </section>
      |                 ^^^^^^^^^^^^^^^^^^^^^^^^^^^^^^^^^^^^^^^^^^^^^^^^^^^^^^^^^^^^^^^^^^^^^^^^^^^^^^^^^^^^^^
> 387 |
      | ^
> 388 |       {/* Approval Queue */}
      | ^^^^^^
  389 |       <section>
  390 |         <h2 className="text-sm font-semibold mb-3"
  391 |           style={{ color: "var(--muted)", borderBottom: "1px solid var(--card-border)", paddingBott...

Parsing ecmascript source code failed

Import trace:
  Server Component:
    ./app/admin/AdminDashboard.tsx
    ./app/admin/page.tsx @ http://localhost:3000/_next/static/chunks/node_modules_next_dist_0u_w_5s._.js:1945
[ 1716172ms] [ERROR] ./app/admin/AdminDashboard.tsx:386:17
Expected '</', got 'jsx text'
  384 |           );
  385 |         })()}
> 386 |       </section>
      |                 ^^^^^^^^^^^^^^^^^^^^^^^^^^^^^^^^^^^^^^^^^^^^^^^^^^^^^^^^^^^^^^^^^^^^^^^^^^^^^^^^^^^^^^
> 387 |
      | ^
> 388 |       {/* Approval Queue */}
      | ^^^^^^
  389 |       <section>
  390 |         <h2 className="text-sm font-semibold mb-3"
  391 |           style={{ color: "var(--muted)", borderBottom: "1px solid var(--card-border)", paddingBott...

Parsing ecmascript source code failed

Import trace:
  Server Component:
    ./app/admin/AdminDashboard.tsx
    ./app/admin/page.tsx @ http://localhost:3000/_next/static/chunks/node_modules_next_dist_0u_w_5s._.js:1945
[ 1716233ms] [ERROR] ./app/admin/AdminDashboard.tsx:386:17
Expected '</', got 'jsx text'
  384 |           );
  385 |         })()}
> 386 |       </section>
      |                 ^^^^^^^^^^^^^^^^^^^^^^^^^^^^^^^^^^^^^^^^^^^^^^^^^^^^^^^^^^^^^^^^^^^^^^^^^^^^^^^^^^^^^^
> 387 |
      | ^
> 388 |       {/* Approval Queue */}
      | ^^^^^^
  389 |       <section>
  390 |         <h2 className="text-sm font-semibold mb-3"
  391 |           style={{ color: "var(--muted)", borderBottom: "1px solid var(--card-border)", paddingBott...

Parsing ecmascript source code failed

Import trace:
  Server Component:
    ./app/admin/AdminDashboard.tsx
    ./app/admin/page.tsx @ http://localhost:3000/_next/static/chunks/node_modules_next_dist_0u_w_5s._.js:1945
[ 1716295ms] [ERROR] ./app/admin/AdminDashboard.tsx:386:17
Expected '</', got 'jsx text'
  384 |           );
  385 |         })()}
> 386 |       </section>
      |                 ^^^^^^^^^^^^^^^^^^^^^^^^^^^^^^^^^^^^^^^^^^^^^^^^^^^^^^^^^^^^^^^^^^^^^^^^^^^^^^^^^^^^^^
> 387 |
      | ^
> 388 |       {/* Approval Queue */}
      | ^^^^^^
  389 |       <section>
  390 |         <h2 className="text-sm font-semibold mb-3"
  391 |           style={{ color: "var(--muted)", borderBottom: "1px solid var(--card-border)", paddingBott...

Parsing ecmascript source code failed

Import trace:
  Server Component:
    ./app/admin/AdminDashboard.tsx
    ./app/admin/page.tsx @ http://localhost:3000/_next/static/chunks/node_modules_next_dist_0u_w_5s._.js:1945
[ 1716356ms] [ERROR] ./app/admin/AdminDashboard.tsx:386:17
Expected '</', got 'jsx text'
  384 |           );
  385 |         })()}
> 386 |       </section>
      |                 ^^^^^^^^^^^^^^^^^^^^^^^^^^^^^^^^^^^^^^^^^^^^^^^^^^^^^^^^^^^^^^^^^^^^^^^^^^^^^^^^^^^^^^
> 387 |
      | ^
> 388 |       {/* Approval Queue */}
      | ^^^^^^
  389 |       <section>
  390 |         <h2 className="text-sm font-semibold mb-3"
  391 |           style={{ color: "var(--muted)", borderBottom: "1px solid var(--card-border)", paddingBott...

Parsing ecmascript source code failed

Import trace:
  Server Component:
    ./app/admin/AdminDashboard.tsx
    ./app/admin/page.tsx @ http://localhost:3000/_next/static/chunks/node_modules_next_dist_0u_w_5s._.js:1945
[ 1716415ms] [ERROR] ./app/admin/AdminDashboard.tsx:386:17
Expected '</', got 'jsx text'
  384 |           );
  385 |         })()}
> 386 |       </section>
      |                 ^^^^^^^^^^^^^^^^^^^^^^^^^^^^^^^^^^^^^^^^^^^^^^^^^^^^^^^^^^^^^^^^^^^^^^^^^^^^^^^^^^^^^^
> 387 |
      | ^
> 388 |       {/* Approval Queue */}
      | ^^^^^^
  389 |       <section>
  390 |         <h2 className="text-sm font-semibold mb-3"
  391 |           style={{ color: "var(--muted)", borderBottom: "1px solid var(--card-border)", paddingBott...

Parsing ecmascript source code failed

Import trace:
  Server Component:
    ./app/admin/AdminDashboard.tsx
    ./app/admin/page.tsx @ http://localhost:3000/_next/static/chunks/node_modules_next_dist_0u_w_5s._.js:1945
[ 1716481ms] [ERROR] ./app/admin/AdminDashboard.tsx:386:17
Expected '</', got 'jsx text'
  384 |           );
  385 |         })()}
> 386 |       </section>
      |                 ^^^^^^^^^^^^^^^^^^^^^^^^^^^^^^^^^^^^^^^^^^^^^^^^^^^^^^^^^^^^^^^^^^^^^^^^^^^^^^^^^^^^^^
> 387 |
      | ^
> 388 |       {/* Approval Queue */}
      | ^^^^^^
  389 |       <section>
  390 |         <h2 className="text-sm font-semibold mb-3"
  391 |           style={{ color: "var(--muted)", borderBottom: "1px solid var(--card-border)", paddingBott...

Parsing ecmascript source code failed

Import trace:
  Server Component:
    ./app/admin/AdminDashboard.tsx
    ./app/admin/page.tsx @ http://localhost:3000/_next/static/chunks/node_modules_next_dist_0u_w_5s._.js:1945
[ 1716540ms] [ERROR] ./app/admin/AdminDashboard.tsx:386:17
Expected '</', got 'jsx text'
  384 |           );
  385 |         })()}
> 386 |       </section>
      |                 ^^^^^^^^^^^^^^^^^^^^^^^^^^^^^^^^^^^^^^^^^^^^^^^^^^^^^^^^^^^^^^^^^^^^^^^^^^^^^^^^^^^^^^
> 387 |
      | ^
> 388 |       {/* Approval Queue */}
      | ^^^^^^
  389 |       <section>
  390 |         <h2 className="text-sm font-semibold mb-3"
  391 |           style={{ color: "var(--muted)", borderBottom: "1px solid var(--card-border)", paddingBott...

Parsing ecmascript source code failed

Import trace:
  Server Component:
    ./app/admin/AdminDashboard.tsx
    ./app/admin/page.tsx @ http://localhost:3000/_next/static/chunks/node_modules_next_dist_0u_w_5s._.js:1945
[ 1716602ms] [ERROR] ./app/admin/AdminDashboard.tsx:386:17
Expected '</', got 'jsx text'
  384 |           );
  385 |         })()}
> 386 |       </section>
      |                 ^^^^^^^^^^^^^^^^^^^^^^^^^^^^^^^^^^^^^^^^^^^^^^^^^^^^^^^^^^^^^^^^^^^^^^^^^^^^^^^^^^^^^^
> 387 |
      | ^
> 388 |       {/* Approval Queue */}
      | ^^^^^^
  389 |       <section>
  390 |         <h2 className="text-sm font-semibold mb-3"
  391 |           style={{ color: "var(--muted)", borderBottom: "1px solid var(--card-border)", paddingBott...

Parsing ecmascript source code failed

Import trace:
  Server Component:
    ./app/admin/AdminDashboard.tsx
    ./app/admin/page.tsx @ http://localhost:3000/_next/static/chunks/node_modules_next_dist_0u_w_5s._.js:1945
[ 1716666ms] [ERROR] ./app/admin/AdminDashboard.tsx:386:17
Expected '</', got 'jsx text'
  384 |           );
  385 |         })()}
> 386 |       </section>
      |                 ^^^^^^^^^^^^^^^^^^^^^^^^^^^^^^^^^^^^^^^^^^^^^^^^^^^^^^^^^^^^^^^^^^^^^^^^^^^^^^^^^^^^^^
> 387 |
      | ^
> 388 |       {/* Approval Queue */}
      | ^^^^^^
  389 |       <section>
  390 |         <h2 className="text-sm font-semibold mb-3"
  391 |           style={{ color: "var(--muted)", borderBottom: "1px solid var(--card-border)", paddingBott...

Parsing ecmascript source code failed

Import trace:
  Server Component:
    ./app/admin/AdminDashboard.tsx
    ./app/admin/page.tsx @ http://localhost:3000/_next/static/chunks/node_modules_next_dist_0u_w_5s._.js:1945
[ 1716728ms] [ERROR] ./app/admin/AdminDashboard.tsx:386:17
Expected '</', got 'jsx text'
  384 |           );
  385 |         })()}
> 386 |       </section>
      |                 ^^^^^^^^^^^^^^^^^^^^^^^^^^^^^^^^^^^^^^^^^^^^^^^^^^^^^^^^^^^^^^^^^^^^^^^^^^^^^^^^^^^^^^
> 387 |
      | ^
> 388 |       {/* Approval Queue */}
      | ^^^^^^
  389 |       <section>
  390 |         <h2 className="text-sm font-semibold mb-3"
  391 |           style={{ color: "var(--muted)", borderBottom: "1px solid var(--card-border)", paddingBott...

Parsing ecmascript source code failed

Import trace:
  Server Component:
    ./app/admin/AdminDashboard.tsx
    ./app/admin/page.tsx @ http://localhost:3000/_next/static/chunks/node_modules_next_dist_0u_w_5s._.js:1945
[ 1716792ms] [ERROR] ./app/admin/AdminDashboard.tsx:386:17
Expected '</', got 'jsx text'
  384 |           );
  385 |         })()}
> 386 |       </section>
      |                 ^^^^^^^^^^^^^^^^^^^^^^^^^^^^^^^^^^^^^^^^^^^^^^^^^^^^^^^^^^^^^^^^^^^^^^^^^^^^^^^^^^^^^^
> 387 |
      | ^
> 388 |       {/* Approval Queue */}
      | ^^^^^^
  389 |       <section>
  390 |         <h2 className="text-sm font-semibold mb-3"
  391 |           style={{ color: "var(--muted)", borderBottom: "1px solid var(--card-border)", paddingBott...

Parsing ecmascript source code failed

Import trace:
  Server Component:
    ./app/admin/AdminDashboard.tsx
    ./app/admin/page.tsx @ http://localhost:3000/_next/static/chunks/node_modules_next_dist_0u_w_5s._.js:1945
[ 1716854ms] [ERROR] ./app/admin/AdminDashboard.tsx:386:17
Expected '</', got 'jsx text'
  384 |           );
  385 |         })()}
> 386 |       </section>
      |                 ^^^^^^^^^^^^^^^^^^^^^^^^^^^^^^^^^^^^^^^^^^^^^^^^^^^^^^^^^^^^^^^^^^^^^^^^^^^^^^^^^^^^^^
> 387 |
      | ^
> 388 |       {/* Approval Queue */}
      | ^^^^^^
  389 |       <section>
  390 |         <h2 className="text-sm font-semibold mb-3"
  391 |           style={{ color: "var(--muted)", borderBottom: "1px solid var(--card-border)", paddingBott...

Parsing ecmascript source code failed

Import trace:
  Server Component:
    ./app/admin/AdminDashboard.tsx
    ./app/admin/page.tsx @ http://localhost:3000/_next/static/chunks/node_modules_next_dist_0u_w_5s._.js:1945
[ 1716918ms] [ERROR] ./app/admin/AdminDashboard.tsx:386:17
Expected '</', got 'jsx text'
  384 |           );
  385 |         })()}
> 386 |       </section>
      |                 ^^^^^^^^^^^^^^^^^^^^^^^^^^^^^^^^^^^^^^^^^^^^^^^^^^^^^^^^^^^^^^^^^^^^^^^^^^^^^^^^^^^^^^
> 387 |
      | ^
> 388 |       {/* Approval Queue */}
      | ^^^^^^
  389 |       <section>
  390 |         <h2 className="text-sm font-semibold mb-3"
  391 |           style={{ color: "var(--muted)", borderBottom: "1px solid var(--card-border)", paddingBott...

Parsing ecmascript source code failed

Import trace:
  Server Component:
    ./app/admin/AdminDashboard.tsx
    ./app/admin/page.tsx @ http://localhost:3000/_next/static/chunks/node_modules_next_dist_0u_w_5s._.js:1945
[ 1716980ms] [ERROR] ./app/admin/AdminDashboard.tsx:386:17
Expected '</', got 'jsx text'
  384 |           );
  385 |         })()}
> 386 |       </section>
      |                 ^^^^^^^^^^^^^^^^^^^^^^^^^^^^^^^^^^^^^^^^^^^^^^^^^^^^^^^^^^^^^^^^^^^^^^^^^^^^^^^^^^^^^^
> 387 |
      | ^
> 388 |       {/* Approval Queue */}
      | ^^^^^^
  389 |       <section>
  390 |         <h2 className="text-sm font-semibold mb-3"
  391 |           style={{ color: "var(--muted)", borderBottom: "1px solid var(--card-border)", paddingBott...

Parsing ecmascript source code failed

Import trace:
  Server Component:
    ./app/admin/AdminDashboard.tsx
    ./app/admin/page.tsx @ http://localhost:3000/_next/static/chunks/node_modules_next_dist_0u_w_5s._.js:1945
[ 1717043ms] [ERROR] ./app/admin/AdminDashboard.tsx:386:17
Expected '</', got 'jsx text'
  384 |           );
  385 |         })()}
> 386 |       </section>
      |                 ^^^^^^^^^^^^^^^^^^^^^^^^^^^^^^^^^^^^^^^^^^^^^^^^^^^^^^^^^^^^^^^^^^^^^^^^^^^^^^^^^^^^^^
> 387 |
      | ^
> 388 |       {/* Approval Queue */}
      | ^^^^^^
  389 |       <section>
  390 |         <h2 className="text-sm font-semibold mb-3"
  391 |           style={{ color: "var(--muted)", borderBottom: "1px solid var(--card-border)", paddingBott...

Parsing ecmascript source code failed

Import trace:
  Server Component:
    ./app/admin/AdminDashboard.tsx
    ./app/admin/page.tsx @ http://localhost:3000/_next/static/chunks/node_modules_next_dist_0u_w_5s._.js:1945
[ 1717105ms] [ERROR] ./app/admin/AdminDashboard.tsx:386:17
Expected '</', got 'jsx text'
  384 |           );
  385 |         })()}
> 386 |       </section>
      |                 ^^^^^^^^^^^^^^^^^^^^^^^^^^^^^^^^^^^^^^^^^^^^^^^^^^^^^^^^^^^^^^^^^^^^^^^^^^^^^^^^^^^^^^
> 387 |
      | ^
> 388 |       {/* Approval Queue */}
      | ^^^^^^
  389 |       <section>
  390 |         <h2 className="text-sm font-semibold mb-3"
  391 |           style={{ color: "var(--muted)", borderBottom: "1px solid var(--card-border)", paddingBott...

Parsing ecmascript source code failed

Import trace:
  Server Component:
    ./app/admin/AdminDashboard.tsx
    ./app/admin/page.tsx @ http://localhost:3000/_next/static/chunks/node_modules_next_dist_0u_w_5s._.js:1945
[ 1717166ms] [ERROR] ./app/admin/AdminDashboard.tsx:386:17
Expected '</', got 'jsx text'
  384 |           );
  385 |         })()}
> 386 |       </section>
      |                 ^^^^^^^^^^^^^^^^^^^^^^^^^^^^^^^^^^^^^^^^^^^^^^^^^^^^^^^^^^^^^^^^^^^^^^^^^^^^^^^^^^^^^^
> 387 |
      | ^
> 388 |       {/* Approval Queue */}
      | ^^^^^^
  389 |       <section>
  390 |         <h2 className="text-sm font-semibold mb-3"
  391 |           style={{ color: "var(--muted)", borderBottom: "1px solid var(--card-border)", paddingBott...

Parsing ecmascript source code failed

Import trace:
  Server Component:
    ./app/admin/AdminDashboard.tsx
    ./app/admin/page.tsx @ http://localhost:3000/_next/static/chunks/node_modules_next_dist_0u_w_5s._.js:1945
[ 1717230ms] [ERROR] ./app/admin/AdminDashboard.tsx:386:17
Expected '</', got 'jsx text'
  384 |           );
  385 |         })()}
> 386 |       </section>
      |                 ^^^^^^^^^^^^^^^^^^^^^^^^^^^^^^^^^^^^^^^^^^^^^^^^^^^^^^^^^^^^^^^^^^^^^^^^^^^^^^^^^^^^^^
> 387 |
      | ^
> 388 |       {/* Approval Queue */}
      | ^^^^^^
  389 |       <section>
  390 |         <h2 className="text-sm font-semibold mb-3"
  391 |           style={{ color: "var(--muted)", borderBottom: "1px solid var(--card-border)", paddingBott...

Parsing ecmascript source code failed

Import trace:
  Server Component:
    ./app/admin/AdminDashboard.tsx
    ./app/admin/page.tsx @ http://localhost:3000/_next/static/chunks/node_modules_next_dist_0u_w_5s._.js:1945
[ 1717293ms] [ERROR] ./app/admin/AdminDashboard.tsx:386:17
Expected '</', got 'jsx text'
  384 |           );
  385 |         })()}
> 386 |       </section>
      |                 ^^^^^^^^^^^^^^^^^^^^^^^^^^^^^^^^^^^^^^^^^^^^^^^^^^^^^^^^^^^^^^^^^^^^^^^^^^^^^^^^^^^^^^
> 387 |
      | ^
> 388 |       {/* Approval Queue */}
      | ^^^^^^
  389 |       <section>
  390 |         <h2 className="text-sm font-semibold mb-3"
  391 |           style={{ color: "var(--muted)", borderBottom: "1px solid var(--card-border)", paddingBott...

Parsing ecmascript source code failed

Import trace:
  Server Component:
    ./app/admin/AdminDashboard.tsx
    ./app/admin/page.tsx @ http://localhost:3000/_next/static/chunks/node_modules_next_dist_0u_w_5s._.js:1945
[ 1717356ms] [ERROR] ./app/admin/AdminDashboard.tsx:386:17
Expected '</', got 'jsx text'
  384 |           );
  385 |         })()}
> 386 |       </section>
      |                 ^^^^^^^^^^^^^^^^^^^^^^^^^^^^^^^^^^^^^^^^^^^^^^^^^^^^^^^^^^^^^^^^^^^^^^^^^^^^^^^^^^^^^^
> 387 |
      | ^
> 388 |       {/* Approval Queue */}
      | ^^^^^^
  389 |       <section>
  390 |         <h2 className="text-sm font-semibold mb-3"
  391 |           style={{ color: "var(--muted)", borderBottom: "1px solid var(--card-border)", paddingBott...

Parsing ecmascript source code failed

Import trace:
  Server Component:
    ./app/admin/AdminDashboard.tsx
    ./app/admin/page.tsx @ http://localhost:3000/_next/static/chunks/node_modules_next_dist_0u_w_5s._.js:1945
[ 1717419ms] [ERROR] ./app/admin/AdminDashboard.tsx:386:17
Expected '</', got 'jsx text'
  384 |           );
  385 |         })()}
> 386 |       </section>
      |                 ^^^^^^^^^^^^^^^^^^^^^^^^^^^^^^^^^^^^^^^^^^^^^^^^^^^^^^^^^^^^^^^^^^^^^^^^^^^^^^^^^^^^^^
> 387 |
      | ^
> 388 |       {/* Approval Queue */}
      | ^^^^^^
  389 |       <section>
  390 |         <h2 className="text-sm font-semibold mb-3"
  391 |           style={{ color: "var(--muted)", borderBottom: "1px solid var(--card-border)", paddingBott...

Parsing ecmascript source code failed

Import trace:
  Server Component:
    ./app/admin/AdminDashboard.tsx
    ./app/admin/page.tsx @ http://localhost:3000/_next/static/chunks/node_modules_next_dist_0u_w_5s._.js:1945
[ 1717481ms] [ERROR] ./app/admin/AdminDashboard.tsx:386:17
Expected '</', got 'jsx text'
  384 |           );
  385 |         })()}
> 386 |       </section>
      |                 ^^^^^^^^^^^^^^^^^^^^^^^^^^^^^^^^^^^^^^^^^^^^^^^^^^^^^^^^^^^^^^^^^^^^^^^^^^^^^^^^^^^^^^
> 387 |
      | ^
> 388 |       {/* Approval Queue */}
      | ^^^^^^
  389 |       <section>
  390 |         <h2 className="text-sm font-semibold mb-3"
  391 |           style={{ color: "var(--muted)", borderBottom: "1px solid var(--card-border)", paddingBott...

Parsing ecmascript source code failed

Import trace:
  Server Component:
    ./app/admin/AdminDashboard.tsx
    ./app/admin/page.tsx @ http://localhost:3000/_next/static/chunks/node_modules_next_dist_0u_w_5s._.js:1945
[ 1717544ms] [ERROR] ./app/admin/AdminDashboard.tsx:386:17
Expected '</', got 'jsx text'
  384 |           );
  385 |         })()}
> 386 |       </section>
      |                 ^^^^^^^^^^^^^^^^^^^^^^^^^^^^^^^^^^^^^^^^^^^^^^^^^^^^^^^^^^^^^^^^^^^^^^^^^^^^^^^^^^^^^^
> 387 |
      | ^
> 388 |       {/* Approval Queue */}
      | ^^^^^^
  389 |       <section>
  390 |         <h2 className="text-sm font-semibold mb-3"
  391 |           style={{ color: "var(--muted)", borderBottom: "1px solid var(--card-border)", paddingBott...

Parsing ecmascript source code failed

Import trace:
  Server Component:
    ./app/admin/AdminDashboard.tsx
    ./app/admin/page.tsx @ http://localhost:3000/_next/static/chunks/node_modules_next_dist_0u_w_5s._.js:1945
[ 1717607ms] [ERROR] ./app/admin/AdminDashboard.tsx:386:17
Expected '</', got 'jsx text'
  384 |           );
  385 |         })()}
> 386 |       </section>
      |                 ^^^^^^^^^^^^^^^^^^^^^^^^^^^^^^^^^^^^^^^^^^^^^^^^^^^^^^^^^^^^^^^^^^^^^^^^^^^^^^^^^^^^^^
> 387 |
      | ^
> 388 |       {/* Approval Queue */}
      | ^^^^^^
  389 |       <section>
  390 |         <h2 className="text-sm font-semibold mb-3"
  391 |           style={{ color: "var(--muted)", borderBottom: "1px solid var(--card-border)", paddingBott...

Parsing ecmascript source code failed

Import trace:
  Server Component:
    ./app/admin/AdminDashboard.tsx
    ./app/admin/page.tsx @ http://localhost:3000/_next/static/chunks/node_modules_next_dist_0u_w_5s._.js:1945
[ 1717669ms] [ERROR] ./app/admin/AdminDashboard.tsx:386:17
Expected '</', got 'jsx text'
  384 |           );
  385 |         })()}
> 386 |       </section>
      |                 ^^^^^^^^^^^^^^^^^^^^^^^^^^^^^^^^^^^^^^^^^^^^^^^^^^^^^^^^^^^^^^^^^^^^^^^^^^^^^^^^^^^^^^
> 387 |
      | ^
> 388 |       {/* Approval Queue */}
      | ^^^^^^
  389 |       <section>
  390 |         <h2 className="text-sm font-semibold mb-3"
  391 |           style={{ color: "var(--muted)", borderBottom: "1px solid var(--card-border)", paddingBott...

Parsing ecmascript source code failed

Import trace:
  Server Component:
    ./app/admin/AdminDashboard.tsx
    ./app/admin/page.tsx @ http://localhost:3000/_next/static/chunks/node_modules_next_dist_0u_w_5s._.js:1945
[ 1717733ms] [ERROR] ./app/admin/AdminDashboard.tsx:386:17
Expected '</', got 'jsx text'
  384 |           );
  385 |         })()}
> 386 |       </section>
      |                 ^^^^^^^^^^^^^^^^^^^^^^^^^^^^^^^^^^^^^^^^^^^^^^^^^^^^^^^^^^^^^^^^^^^^^^^^^^^^^^^^^^^^^^
> 387 |
      | ^
> 388 |       {/* Approval Queue */}
      | ^^^^^^
  389 |       <section>
  390 |         <h2 className="text-sm font-semibold mb-3"
  391 |           style={{ color: "var(--muted)", borderBottom: "1px solid var(--card-border)", paddingBott...

Parsing ecmascript source code failed

Import trace:
  Server Component:
    ./app/admin/AdminDashboard.tsx
    ./app/admin/page.tsx @ http://localhost:3000/_next/static/chunks/node_modules_next_dist_0u_w_5s._.js:1945
[ 1717797ms] [ERROR] ./app/admin/AdminDashboard.tsx:386:17
Expected '</', got 'jsx text'
  384 |           );
  385 |         })()}
> 386 |       </section>
      |                 ^^^^^^^^^^^^^^^^^^^^^^^^^^^^^^^^^^^^^^^^^^^^^^^^^^^^^^^^^^^^^^^^^^^^^^^^^^^^^^^^^^^^^^
> 387 |
      | ^
> 388 |       {/* Approval Queue */}
      | ^^^^^^
  389 |       <section>
  390 |         <h2 className="text-sm font-semibold mb-3"
  391 |           style={{ color: "var(--muted)", borderBottom: "1px solid var(--card-border)", paddingBott...

Parsing ecmascript source code failed

Import trace:
  Server Component:
    ./app/admin/AdminDashboard.tsx
    ./app/admin/page.tsx @ http://localhost:3000/_next/static/chunks/node_modules_next_dist_0u_w_5s._.js:1945
[ 1717860ms] [ERROR] ./app/admin/AdminDashboard.tsx:386:17
Expected '</', got 'jsx text'
  384 |           );
  385 |         })()}
> 386 |       </section>
      |                 ^^^^^^^^^^^^^^^^^^^^^^^^^^^^^^^^^^^^^^^^^^^^^^^^^^^^^^^^^^^^^^^^^^^^^^^^^^^^^^^^^^^^^^
> 387 |
      | ^
> 388 |       {/* Approval Queue */}
      | ^^^^^^
  389 |       <section>
  390 |         <h2 className="text-sm font-semibold mb-3"
  391 |           style={{ color: "var(--muted)", borderBottom: "1px solid var(--card-border)", paddingBott...

Parsing ecmascript source code failed

Import trace:
  Server Component:
    ./app/admin/AdminDashboard.tsx
    ./app/admin/page.tsx @ http://localhost:3000/_next/static/chunks/node_modules_next_dist_0u_w_5s._.js:1945
[ 1717922ms] [ERROR] ./app/admin/AdminDashboard.tsx:386:17
Expected '</', got 'jsx text'
  384 |           );
  385 |         })()}
> 386 |       </section>
      |                 ^^^^^^^^^^^^^^^^^^^^^^^^^^^^^^^^^^^^^^^^^^^^^^^^^^^^^^^^^^^^^^^^^^^^^^^^^^^^^^^^^^^^^^
> 387 |
      | ^
> 388 |       {/* Approval Queue */}
      | ^^^^^^
  389 |       <section>
  390 |         <h2 className="text-sm font-semibold mb-3"
  391 |           style={{ color: "var(--muted)", borderBottom: "1px solid var(--card-border)", paddingBott...

Parsing ecmascript source code failed

Import trace:
  Server Component:
    ./app/admin/AdminDashboard.tsx
    ./app/admin/page.tsx @ http://localhost:3000/_next/static/chunks/node_modules_next_dist_0u_w_5s._.js:1945
[ 1717986ms] [ERROR] ./app/admin/AdminDashboard.tsx:386:17
Expected '</', got 'jsx text'
  384 |           );
  385 |         })()}
> 386 |       </section>
      |                 ^^^^^^^^^^^^^^^^^^^^^^^^^^^^^^^^^^^^^^^^^^^^^^^^^^^^^^^^^^^^^^^^^^^^^^^^^^^^^^^^^^^^^^
> 387 |
      | ^
> 388 |       {/* Approval Queue */}
      | ^^^^^^
  389 |       <section>
  390 |         <h2 className="text-sm font-semibold mb-3"
  391 |           style={{ color: "var(--muted)", borderBottom: "1px solid var(--card-border)", paddingBott...

Parsing ecmascript source code failed

Import trace:
  Server Component:
    ./app/admin/AdminDashboard.tsx
    ./app/admin/page.tsx @ http://localhost:3000/_next/static/chunks/node_modules_next_dist_0u_w_5s._.js:1945
[ 1718049ms] [ERROR] ./app/admin/AdminDashboard.tsx:386:17
Expected '</', got 'jsx text'
  384 |           );
  385 |         })()}
> 386 |       </section>
      |                 ^^^^^^^^^^^^^^^^^^^^^^^^^^^^^^^^^^^^^^^^^^^^^^^^^^^^^^^^^^^^^^^^^^^^^^^^^^^^^^^^^^^^^^
> 387 |
      | ^
> 388 |       {/* Approval Queue */}
      | ^^^^^^
  389 |       <section>
  390 |         <h2 className="text-sm font-semibold mb-3"
  391 |           style={{ color: "var(--muted)", borderBottom: "1px solid var(--card-border)", paddingBott...

Parsing ecmascript source code failed

Import trace:
  Server Component:
    ./app/admin/AdminDashboard.tsx
    ./app/admin/page.tsx @ http://localhost:3000/_next/static/chunks/node_modules_next_dist_0u_w_5s._.js:1945
[ 1718113ms] [ERROR] ./app/admin/AdminDashboard.tsx:386:17
Expected '</', got 'jsx text'
  384 |           );
  385 |         })()}
> 386 |       </section>
      |                 ^^^^^^^^^^^^^^^^^^^^^^^^^^^^^^^^^^^^^^^^^^^^^^^^^^^^^^^^^^^^^^^^^^^^^^^^^^^^^^^^^^^^^^
> 387 |
      | ^
> 388 |       {/* Approval Queue */}
      | ^^^^^^
  389 |       <section>
  390 |         <h2 className="text-sm font-semibold mb-3"
  391 |           style={{ color: "var(--muted)", borderBottom: "1px solid var(--card-border)", paddingBott...

Parsing ecmascript source code failed

Import trace:
  Server Component:
    ./app/admin/AdminDashboard.tsx
    ./app/admin/page.tsx @ http://localhost:3000/_next/static/chunks/node_modules_next_dist_0u_w_5s._.js:1945
[ 1718177ms] [ERROR] ./app/admin/AdminDashboard.tsx:386:17
Expected '</', got 'jsx text'
  384 |           );
  385 |         })()}
> 386 |       </section>
      |                 ^^^^^^^^^^^^^^^^^^^^^^^^^^^^^^^^^^^^^^^^^^^^^^^^^^^^^^^^^^^^^^^^^^^^^^^^^^^^^^^^^^^^^^
> 387 |
      | ^
> 388 |       {/* Approval Queue */}
      | ^^^^^^
  389 |       <section>
  390 |         <h2 className="text-sm font-semibold mb-3"
  391 |           style={{ color: "var(--muted)", borderBottom: "1px solid var(--card-border)", paddingBott...

Parsing ecmascript source code failed

Import trace:
  Server Component:
    ./app/admin/AdminDashboard.tsx
    ./app/admin/page.tsx @ http://localhost:3000/_next/static/chunks/node_modules_next_dist_0u_w_5s._.js:1945
[ 1718241ms] [ERROR] ./app/admin/AdminDashboard.tsx:386:17
Expected '</', got 'jsx text'
  384 |           );
  385 |         })()}
> 386 |       </section>
      |                 ^^^^^^^^^^^^^^^^^^^^^^^^^^^^^^^^^^^^^^^^^^^^^^^^^^^^^^^^^^^^^^^^^^^^^^^^^^^^^^^^^^^^^^
> 387 |
      | ^
> 388 |       {/* Approval Queue */}
      | ^^^^^^
  389 |       <section>
  390 |         <h2 className="text-sm font-semibold mb-3"
  391 |           style={{ color: "var(--muted)", borderBottom: "1px solid var(--card-border)", paddingBott...

Parsing ecmascript source code failed

Import trace:
  Server Component:
    ./app/admin/AdminDashboard.tsx
    ./app/admin/page.tsx @ http://localhost:3000/_next/static/chunks/node_modules_next_dist_0u_w_5s._.js:1945
[ 1718304ms] [ERROR] ./app/admin/AdminDashboard.tsx:386:17
Expected '</', got 'jsx text'
  384 |           );
  385 |         })()}
> 386 |       </section>
      |                 ^^^^^^^^^^^^^^^^^^^^^^^^^^^^^^^^^^^^^^^^^^^^^^^^^^^^^^^^^^^^^^^^^^^^^^^^^^^^^^^^^^^^^^
> 387 |
      | ^
> 388 |       {/* Approval Queue */}
      | ^^^^^^
  389 |       <section>
  390 |         <h2 className="text-sm font-semibold mb-3"
  391 |           style={{ color: "var(--muted)", borderBottom: "1px solid var(--card-border)", paddingBott...

Parsing ecmascript source code failed

Import trace:
  Server Component:
    ./app/admin/AdminDashboard.tsx
    ./app/admin/page.tsx @ http://localhost:3000/_next/static/chunks/node_modules_next_dist_0u_w_5s._.js:1945
[ 1718383ms] [ERROR] ./app/admin/AdminDashboard.tsx:386:17
Expected '</', got 'jsx text'
  384 |           );
  385 |         })()}
> 386 |       </section>
      |                 ^^^^^^^^^^^^^^^^^^^^^^^^^^^^^^^^^^^^^^^^^^^^^^^^^^^^^^^^^^^^^^^^^^^^^^^^^^^^^^^^^^^^^^
> 387 |
      | ^
> 388 |       {/* Approval Queue */}
      | ^^^^^^
  389 |       <section>
  390 |         <h2 className="text-sm font-semibold mb-3"
  391 |           style={{ color: "var(--muted)", borderBottom: "1px solid var(--card-border)", paddingBott...

Parsing ecmascript source code failed

Import trace:
  Server Component:
    ./app/admin/AdminDashboard.tsx
    ./app/admin/page.tsx @ http://localhost:3000/_next/static/chunks/node_modules_next_dist_0u_w_5s._.js:1945
[ 1718462ms] [ERROR] ./app/admin/AdminDashboard.tsx:386:17
Expected '</', got 'jsx text'
  384 |           );
  385 |         })()}
> 386 |       </section>
      |                 ^^^^^^^^^^^^^^^^^^^^^^^^^^^^^^^^^^^^^^^^^^^^^^^^^^^^^^^^^^^^^^^^^^^^^^^^^^^^^^^^^^^^^^
> 387 |
      | ^
> 388 |       {/* Approval Queue */}
      | ^^^^^^
  389 |       <section>
  390 |         <h2 className="text-sm font-semibold mb-3"
  391 |           style={{ color: "var(--muted)", borderBottom: "1px solid var(--card-border)", paddingBott...

Parsing ecmascript source code failed

Import trace:
  Server Component:
    ./app/admin/AdminDashboard.tsx
    ./app/admin/page.tsx @ http://localhost:3000/_next/static/chunks/node_modules_next_dist_0u_w_5s._.js:1945
[ 1718542ms] [ERROR] ./app/admin/AdminDashboard.tsx:386:17
Expected '</', got 'jsx text'
  384 |           );
  385 |         })()}
> 386 |       </section>
      |                 ^^^^^^^^^^^^^^^^^^^^^^^^^^^^^^^^^^^^^^^^^^^^^^^^^^^^^^^^^^^^^^^^^^^^^^^^^^^^^^^^^^^^^^
> 387 |
      | ^
> 388 |       {/* Approval Queue */}
      | ^^^^^^
  389 |       <section>
  390 |         <h2 className="text-sm font-semibold mb-3"
  391 |           style={{ color: "var(--muted)", borderBottom: "1px solid var(--card-border)", paddingBott...

Parsing ecmascript source code failed

Import trace:
  Server Component:
    ./app/admin/AdminDashboard.tsx
    ./app/admin/page.tsx @ http://localhost:3000/_next/static/chunks/node_modules_next_dist_0u_w_5s._.js:1945
[ 1718617ms] [ERROR] ./app/admin/AdminDashboard.tsx:386:17
Expected '</', got 'jsx text'
  384 |           );
  385 |         })()}
> 386 |       </section>
      |                 ^^^^^^^^^^^^^^^^^^^^^^^^^^^^^^^^^^^^^^^^^^^^^^^^^^^^^^^^^^^^^^^^^^^^^^^^^^^^^^^^^^^^^^
> 387 |
      | ^
> 388 |       {/* Approval Queue */}
      | ^^^^^^
  389 |       <section>
  390 |         <h2 className="text-sm font-semibold mb-3"
  391 |           style={{ color: "var(--muted)", borderBottom: "1px solid var(--card-border)", paddingBott...

Parsing ecmascript source code failed

Import trace:
  Server Component:
    ./app/admin/AdminDashboard.tsx
    ./app/admin/page.tsx @ http://localhost:3000/_next/static/chunks/node_modules_next_dist_0u_w_5s._.js:1945
[ 1718681ms] [ERROR] ./app/admin/AdminDashboard.tsx:386:17
Expected '</', got 'jsx text'
  384 |           );
  385 |         })()}
> 386 |       </section>
      |                 ^^^^^^^^^^^^^^^^^^^^^^^^^^^^^^^^^^^^^^^^^^^^^^^^^^^^^^^^^^^^^^^^^^^^^^^^^^^^^^^^^^^^^^
> 387 |
      | ^
> 388 |       {/* Approval Queue */}
      | ^^^^^^
  389 |       <section>
  390 |         <h2 className="text-sm font-semibold mb-3"
  391 |           style={{ color: "var(--muted)", borderBottom: "1px solid var(--card-border)", paddingBott...

Parsing ecmascript source code failed

Import trace:
  Server Component:
    ./app/admin/AdminDashboard.tsx
    ./app/admin/page.tsx @ http://localhost:3000/_next/static/chunks/node_modules_next_dist_0u_w_5s._.js:1945
[ 1718744ms] [ERROR] ./app/admin/AdminDashboard.tsx:386:17
Expected '</', got 'jsx text'
  384 |           );
  385 |         })()}
> 386 |       </section>
      |                 ^^^^^^^^^^^^^^^^^^^^^^^^^^^^^^^^^^^^^^^^^^^^^^^^^^^^^^^^^^^^^^^^^^^^^^^^^^^^^^^^^^^^^^
> 387 |
      | ^
> 388 |       {/* Approval Queue */}
      | ^^^^^^
  389 |       <section>
  390 |         <h2 className="text-sm font-semibold mb-3"
  391 |           style={{ color: "var(--muted)", borderBottom: "1px solid var(--card-border)", paddingBott...

Parsing ecmascript source code failed

Import trace:
  Server Component:
    ./app/admin/AdminDashboard.tsx
    ./app/admin/page.tsx @ http://localhost:3000/_next/static/chunks/node_modules_next_dist_0u_w_5s._.js:1945
[ 1718808ms] [ERROR] ./app/admin/AdminDashboard.tsx:386:17
Expected '</', got 'jsx text'
  384 |           );
  385 |         })()}
> 386 |       </section>
      |                 ^^^^^^^^^^^^^^^^^^^^^^^^^^^^^^^^^^^^^^^^^^^^^^^^^^^^^^^^^^^^^^^^^^^^^^^^^^^^^^^^^^^^^^
> 387 |
      | ^
> 388 |       {/* Approval Queue */}
      | ^^^^^^
  389 |       <section>
  390 |         <h2 className="text-sm font-semibold mb-3"
  391 |           style={{ color: "var(--muted)", borderBottom: "1px solid var(--card-border)", paddingBott...

Parsing ecmascript source code failed

Import trace:
  Server Component:
    ./app/admin/AdminDashboard.tsx
    ./app/admin/page.tsx @ http://localhost:3000/_next/static/chunks/node_modules_next_dist_0u_w_5s._.js:1945
[ 1718870ms] [ERROR] ./app/admin/AdminDashboard.tsx:386:17
Expected '</', got 'jsx text'
  384 |           );
  385 |         })()}
> 386 |       </section>
      |                 ^^^^^^^^^^^^^^^^^^^^^^^^^^^^^^^^^^^^^^^^^^^^^^^^^^^^^^^^^^^^^^^^^^^^^^^^^^^^^^^^^^^^^^
> 387 |
      | ^
> 388 |       {/* Approval Queue */}
      | ^^^^^^
  389 |       <section>
  390 |         <h2 className="text-sm font-semibold mb-3"
  391 |           style={{ color: "var(--muted)", borderBottom: "1px solid var(--card-border)", paddingBott...

Parsing ecmascript source code failed

Import trace:
  Server Component:
    ./app/admin/AdminDashboard.tsx
    ./app/admin/page.tsx @ http://localhost:3000/_next/static/chunks/node_modules_next_dist_0u_w_5s._.js:1945
[ 1718933ms] [ERROR] ./app/admin/AdminDashboard.tsx:386:17
Expected '</', got 'jsx text'
  384 |           );
  385 |         })()}
> 386 |       </section>
      |                 ^^^^^^^^^^^^^^^^^^^^^^^^^^^^^^^^^^^^^^^^^^^^^^^^^^^^^^^^^^^^^^^^^^^^^^^^^^^^^^^^^^^^^^
> 387 |
      | ^
> 388 |       {/* Approval Queue */}
      | ^^^^^^
  389 |       <section>
  390 |         <h2 className="text-sm font-semibold mb-3"
  391 |           style={{ color: "var(--muted)", borderBottom: "1px solid var(--card-border)", paddingBott...

Parsing ecmascript source code failed

Import trace:
  Server Component:
    ./app/admin/AdminDashboard.tsx
    ./app/admin/page.tsx @ http://localhost:3000/_next/static/chunks/node_modules_next_dist_0u_w_5s._.js:1945
[ 1718997ms] [ERROR] ./app/admin/AdminDashboard.tsx:386:17
Expected '</', got 'jsx text'
  384 |           );
  385 |         })()}
> 386 |       </section>
      |                 ^^^^^^^^^^^^^^^^^^^^^^^^^^^^^^^^^^^^^^^^^^^^^^^^^^^^^^^^^^^^^^^^^^^^^^^^^^^^^^^^^^^^^^
> 387 |
      | ^
> 388 |       {/* Approval Queue */}
      | ^^^^^^
  389 |       <section>
  390 |         <h2 className="text-sm font-semibold mb-3"
  391 |           style={{ color: "var(--muted)", borderBottom: "1px solid var(--card-border)", paddingBott...

Parsing ecmascript source code failed

Import trace:
  Server Component:
    ./app/admin/AdminDashboard.tsx
    ./app/admin/page.tsx @ http://localhost:3000/_next/static/chunks/node_modules_next_dist_0u_w_5s._.js:1945
[ 1719059ms] [ERROR] ./app/admin/AdminDashboard.tsx:386:17
Expected '</', got 'jsx text'
  384 |           );
  385 |         })()}
> 386 |       </section>
      |                 ^^^^^^^^^^^^^^^^^^^^^^^^^^^^^^^^^^^^^^^^^^^^^^^^^^^^^^^^^^^^^^^^^^^^^^^^^^^^^^^^^^^^^^
> 387 |
      | ^
> 388 |       {/* Approval Queue */}
      | ^^^^^^
  389 |       <section>
  390 |         <h2 className="text-sm font-semibold mb-3"
  391 |           style={{ color: "var(--muted)", borderBottom: "1px solid var(--card-border)", paddingBott...

Parsing ecmascript source code failed

Import trace:
  Server Component:
    ./app/admin/AdminDashboard.tsx
    ./app/admin/page.tsx @ http://localhost:3000/_next/static/chunks/node_modules_next_dist_0u_w_5s._.js:1945
[ 1719123ms] [ERROR] ./app/admin/AdminDashboard.tsx:386:17
Expected '</', got 'jsx text'
  384 |           );
  385 |         })()}
> 386 |       </section>
      |                 ^^^^^^^^^^^^^^^^^^^^^^^^^^^^^^^^^^^^^^^^^^^^^^^^^^^^^^^^^^^^^^^^^^^^^^^^^^^^^^^^^^^^^^
> 387 |
      | ^
> 388 |       {/* Approval Queue */}
      | ^^^^^^
  389 |       <section>
  390 |         <h2 className="text-sm font-semibold mb-3"
  391 |           style={{ color: "var(--muted)", borderBottom: "1px solid var(--card-border)", paddingBott...

Parsing ecmascript source code failed

Import trace:
  Server Component:
    ./app/admin/AdminDashboard.tsx
    ./app/admin/page.tsx @ http://localhost:3000/_next/static/chunks/node_modules_next_dist_0u_w_5s._.js:1945
[ 1719185ms] [ERROR] ./app/admin/AdminDashboard.tsx:386:17
Expected '</', got 'jsx text'
  384 |           );
  385 |         })()}
> 386 |       </section>
      |                 ^^^^^^^^^^^^^^^^^^^^^^^^^^^^^^^^^^^^^^^^^^^^^^^^^^^^^^^^^^^^^^^^^^^^^^^^^^^^^^^^^^^^^^
> 387 |
      | ^
> 388 |       {/* Approval Queue */}
      | ^^^^^^
  389 |       <section>
  390 |         <h2 className="text-sm font-semibold mb-3"
  391 |           style={{ color: "var(--muted)", borderBottom: "1px solid var(--card-border)", paddingBott...

Parsing ecmascript source code failed

Import trace:
  Server Component:
    ./app/admin/AdminDashboard.tsx
    ./app/admin/page.tsx @ http://localhost:3000/_next/static/chunks/node_modules_next_dist_0u_w_5s._.js:1945
[ 1719248ms] [ERROR] ./app/admin/AdminDashboard.tsx:386:17
Expected '</', got 'jsx text'
  384 |           );
  385 |         })()}
> 386 |       </section>
      |                 ^^^^^^^^^^^^^^^^^^^^^^^^^^^^^^^^^^^^^^^^^^^^^^^^^^^^^^^^^^^^^^^^^^^^^^^^^^^^^^^^^^^^^^
> 387 |
      | ^
> 388 |       {/* Approval Queue */}
      | ^^^^^^
  389 |       <section>
  390 |         <h2 className="text-sm font-semibold mb-3"
  391 |           style={{ color: "var(--muted)", borderBottom: "1px solid var(--card-border)", paddingBott...

Parsing ecmascript source code failed

Import trace:
  Server Component:
    ./app/admin/AdminDashboard.tsx
    ./app/admin/page.tsx @ http://localhost:3000/_next/static/chunks/node_modules_next_dist_0u_w_5s._.js:1945
[ 1719310ms] [ERROR] ./app/admin/AdminDashboard.tsx:386:17
Expected '</', got 'jsx text'
  384 |           );
  385 |         })()}
> 386 |       </section>
      |                 ^^^^^^^^^^^^^^^^^^^^^^^^^^^^^^^^^^^^^^^^^^^^^^^^^^^^^^^^^^^^^^^^^^^^^^^^^^^^^^^^^^^^^^
> 387 |
      | ^
> 388 |       {/* Approval Queue */}
      | ^^^^^^
  389 |       <section>
  390 |         <h2 className="text-sm font-semibold mb-3"
  391 |           style={{ color: "var(--muted)", borderBottom: "1px solid var(--card-border)", paddingBott...

Parsing ecmascript source code failed

Import trace:
  Server Component:
    ./app/admin/AdminDashboard.tsx
    ./app/admin/page.tsx @ http://localhost:3000/_next/static/chunks/node_modules_next_dist_0u_w_5s._.js:1945
[ 1719373ms] [LOG] [Fast Refresh] rebuilding @ http://localhost:3000/_next/static/chunks/node_modules_next_dist_0u_w_5s._.js:1226
[ 1719472ms] [ERROR] ./app/admin/AdminDashboard.tsx:386:17
Expected '</', got 'jsx text'
  384 |           );
  385 |         })()}
> 386 |       </section>
      |                 ^^^^^^^^^^^^^^^^^^^^^^^^^^^^^^^^^^^^^^^^^^^^^^^^^^^^^^^^^^^^^^^^^^^^^^^^^^^^^^^^^^^^^^
> 387 |
      | ^
> 388 |       {/* Approval Queue */}
      | ^^^^^^
  389 |       <section>
  390 |         <h2 className="text-sm font-semibold mb-3"
  391 |           style={{ color: "var(--muted)", borderBottom: "1px solid var(--card-border)", paddingBott...

Parsing ecmascript source code failed

Import trace:
  Server Component:
    ./app/admin/AdminDashboard.tsx
    ./app/admin/page.tsx @ http://localhost:3000/_next/static/chunks/node_modules_next_dist_0u_w_5s._.js:1945
[ 1719535ms] [ERROR] ./app/admin/AdminDashboard.tsx:386:17
Expected '</', got 'jsx text'
  384 |           );
  385 |         })()}
> 386 |       </section>
      |                 ^^^^^^^^^^^^^^^^^^^^^^^^^^^^^^^^^^^^^^^^^^^^^^^^^^^^^^^^^^^^^^^^^^^^^^^^^^^^^^^^^^^^^^
> 387 |
      | ^
> 388 |       {/* Approval Queue */}
      | ^^^^^^
  389 |       <section>
  390 |         <h2 className="text-sm font-semibold mb-3"
  391 |           style={{ color: "var(--muted)", borderBottom: "1px solid var(--card-border)", paddingBott...

Parsing ecmascript source code failed

Import trace:
  Server Component:
    ./app/admin/AdminDashboard.tsx
    ./app/admin/page.tsx @ http://localhost:3000/_next/static/chunks/node_modules_next_dist_0u_w_5s._.js:1945
[ 1719598ms] [ERROR] ./app/admin/AdminDashboard.tsx:386:17
Expected '</', got 'jsx text'
  384 |           );
  385 |         })()}
> 386 |       </section>
      |                 ^^^^^^^^^^^^^^^^^^^^^^^^^^^^^^^^^^^^^^^^^^^^^^^^^^^^^^^^^^^^^^^^^^^^^^^^^^^^^^^^^^^^^^
> 387 |
      | ^
> 388 |       {/* Approval Queue */}
      | ^^^^^^
  389 |       <section>
  390 |         <h2 className="text-sm font-semibold mb-3"
  391 |           style={{ color: "var(--muted)", borderBottom: "1px solid var(--card-border)", paddingBott...

Parsing ecmascript source code failed

Import trace:
  Server Component:
    ./app/admin/AdminDashboard.tsx
    ./app/admin/page.tsx @ http://localhost:3000/_next/static/chunks/node_modules_next_dist_0u_w_5s._.js:1945
[ 1719661ms] [ERROR] ./app/admin/AdminDashboard.tsx:386:17
Expected '</', got 'jsx text'
  384 |           );
  385 |         })()}
> 386 |       </section>
      |                 ^^^^^^^^^^^^^^^^^^^^^^^^^^^^^^^^^^^^^^^^^^^^^^^^^^^^^^^^^^^^^^^^^^^^^^^^^^^^^^^^^^^^^^
> 387 |
      | ^
> 388 |       {/* Approval Queue */}
      | ^^^^^^
  389 |       <section>
  390 |         <h2 className="text-sm font-semibold mb-3"
  391 |           style={{ color: "var(--muted)", borderBottom: "1px solid var(--card-border)", paddingBott...

Parsing ecmascript source code failed

Import trace:
  Server Component:
    ./app/admin/AdminDashboard.tsx
    ./app/admin/page.tsx @ http://localhost:3000/_next/static/chunks/node_modules_next_dist_0u_w_5s._.js:1945
[ 1719716ms] [ERROR] ./app/admin/AdminDashboard.tsx:386:17
Expected '</', got 'jsx text'
  384 |           );
  385 |         })()}
> 386 |       </section>
      |                 ^^^^^^^^^^^^^^^^^^^^^^^^^^^^^^^^^^^^^^^^^^^^^^^^^^^^^^^^^^^^^^^^^^^^^^^^^^^^^^^^^^^^^^
> 387 |
      | ^
> 388 |       {/* Approval Queue */}
      | ^^^^^^
  389 |       <section>
  390 |         <h2 className="text-sm font-semibold mb-3"
  391 |           style={{ color: "var(--muted)", borderBottom: "1px solid var(--card-border)", paddingBott...

Parsing ecmascript source code failed

Import trace:
  Server Component:
    ./app/admin/AdminDashboard.tsx
    ./app/admin/page.tsx @ http://localhost:3000/_next/static/chunks/node_modules_next_dist_0u_w_5s._.js:1945
[ 1719781ms] [ERROR] ./app/admin/AdminDashboard.tsx:386:17
Expected '</', got 'jsx text'
  384 |           );
  385 |         })()}
> 386 |       </section>
      |                 ^^^^^^^^^^^^^^^^^^^^^^^^^^^^^^^^^^^^^^^^^^^^^^^^^^^^^^^^^^^^^^^^^^^^^^^^^^^^^^^^^^^^^^
> 387 |
      | ^
> 388 |       {/* Approval Queue */}
      | ^^^^^^
  389 |       <section>
  390 |         <h2 className="text-sm font-semibold mb-3"
  391 |           style={{ color: "var(--muted)", borderBottom: "1px solid var(--card-border)", paddingBott...

Parsing ecmascript source code failed

Import trace:
  Server Component:
    ./app/admin/AdminDashboard.tsx
    ./app/admin/page.tsx @ http://localhost:3000/_next/static/chunks/node_modules_next_dist_0u_w_5s._.js:1945
[ 1719845ms] [ERROR] ./app/admin/AdminDashboard.tsx:386:17
Expected '</', got 'jsx text'
  384 |           );
  385 |         })()}
> 386 |       </section>
      |                 ^^^^^^^^^^^^^^^^^^^^^^^^^^^^^^^^^^^^^^^^^^^^^^^^^^^^^^^^^^^^^^^^^^^^^^^^^^^^^^^^^^^^^^
> 387 |
      | ^
> 388 |       {/* Approval Queue */}
      | ^^^^^^
  389 |       <section>
  390 |         <h2 className="text-sm font-semibold mb-3"
  391 |           style={{ color: "var(--muted)", borderBottom: "1px solid var(--card-border)", paddingBott...

Parsing ecmascript source code failed

Import trace:
  Server Component:
    ./app/admin/AdminDashboard.tsx
    ./app/admin/page.tsx @ http://localhost:3000/_next/static/chunks/node_modules_next_dist_0u_w_5s._.js:1945
[ 1719913ms] [ERROR] ./app/admin/AdminDashboard.tsx:386:17
Expected '</', got 'jsx text'
  384 |           );
  385 |         })()}
> 386 |       </section>
      |                 ^^^^^^^^^^^^^^^^^^^^^^^^^^^^^^^^^^^^^^^^^^^^^^^^^^^^^^^^^^^^^^^^^^^^^^^^^^^^^^^^^^^^^^
> 387 |
      | ^
> 388 |       {/* Approval Queue */}
      | ^^^^^^
  389 |       <section>
  390 |         <h2 className="text-sm font-semibold mb-3"
  391 |           style={{ color: "var(--muted)", borderBottom: "1px solid var(--card-border)", paddingBott...

Parsing ecmascript source code failed

Import trace:
  Server Component:
    ./app/admin/AdminDashboard.tsx
    ./app/admin/page.tsx @ http://localhost:3000/_next/static/chunks/node_modules_next_dist_0u_w_5s._.js:1945
[ 1719975ms] [ERROR] ./app/admin/AdminDashboard.tsx:386:17
Expected '</', got 'jsx text'
  384 |           );
  385 |         })()}
> 386 |       </section>
      |                 ^^^^^^^^^^^^^^^^^^^^^^^^^^^^^^^^^^^^^^^^^^^^^^^^^^^^^^^^^^^^^^^^^^^^^^^^^^^^^^^^^^^^^^
> 387 |
      | ^
> 388 |       {/* Approval Queue */}
      | ^^^^^^
  389 |       <section>
  390 |         <h2 className="text-sm font-semibold mb-3"
  391 |           style={{ color: "var(--muted)", borderBottom: "1px solid var(--card-border)", paddingBott...

Parsing ecmascript source code failed

Import trace:
  Server Component:
    ./app/admin/AdminDashboard.tsx
    ./app/admin/page.tsx @ http://localhost:3000/_next/static/chunks/node_modules_next_dist_0u_w_5s._.js:1945
[ 1720042ms] [ERROR] ./app/admin/AdminDashboard.tsx:386:17
Expected '</', got 'jsx text'
  384 |           );
  385 |         })()}
> 386 |       </section>
      |                 ^^^^^^^^^^^^^^^^^^^^^^^^^^^^^^^^^^^^^^^^^^^^^^^^^^^^^^^^^^^^^^^^^^^^^^^^^^^^^^^^^^^^^^
> 387 |
      | ^
> 388 |       {/* Approval Queue */}
      | ^^^^^^
  389 |       <section>
  390 |         <h2 className="text-sm font-semibold mb-3"
  391 |           style={{ color: "var(--muted)", borderBottom: "1px solid var(--card-border)", paddingBott...

Parsing ecmascript source code failed

Import trace:
  Server Component:
    ./app/admin/AdminDashboard.tsx
    ./app/admin/page.tsx @ http://localhost:3000/_next/static/chunks/node_modules_next_dist_0u_w_5s._.js:1945
[ 1720106ms] [ERROR] ./app/admin/AdminDashboard.tsx:386:17
Expected '</', got 'jsx text'
  384 |           );
  385 |         })()}
> 386 |       </section>
      |                 ^^^^^^^^^^^^^^^^^^^^^^^^^^^^^^^^^^^^^^^^^^^^^^^^^^^^^^^^^^^^^^^^^^^^^^^^^^^^^^^^^^^^^^
> 387 |
      | ^
> 388 |       {/* Approval Queue */}
      | ^^^^^^
  389 |       <section>
  390 |         <h2 className="text-sm font-semibold mb-3"
  391 |           style={{ color: "var(--muted)", borderBottom: "1px solid var(--card-border)", paddingBott...

Parsing ecmascript source code failed

Import trace:
  Server Component:
    ./app/admin/AdminDashboard.tsx
    ./app/admin/page.tsx @ http://localhost:3000/_next/static/chunks/node_modules_next_dist_0u_w_5s._.js:1945
[ 1720169ms] [ERROR] ./app/admin/AdminDashboard.tsx:386:17
Expected '</', got 'jsx text'
  384 |           );
  385 |         })()}
> 386 |       </section>
      |                 ^^^^^^^^^^^^^^^^^^^^^^^^^^^^^^^^^^^^^^^^^^^^^^^^^^^^^^^^^^^^^^^^^^^^^^^^^^^^^^^^^^^^^^
> 387 |
      | ^
> 388 |       {/* Approval Queue */}
      | ^^^^^^
  389 |       <section>
  390 |         <h2 className="text-sm font-semibold mb-3"
  391 |           style={{ color: "var(--muted)", borderBottom: "1px solid var(--card-border)", paddingBott...

Parsing ecmascript source code failed

Import trace:
  Server Component:
    ./app/admin/AdminDashboard.tsx
    ./app/admin/page.tsx @ http://localhost:3000/_next/static/chunks/node_modules_next_dist_0u_w_5s._.js:1945
[ 1720231ms] [ERROR] ./app/admin/AdminDashboard.tsx:386:17
Expected '</', got 'jsx text'
  384 |           );
  385 |         })()}
> 386 |       </section>
      |                 ^^^^^^^^^^^^^^^^^^^^^^^^^^^^^^^^^^^^^^^^^^^^^^^^^^^^^^^^^^^^^^^^^^^^^^^^^^^^^^^^^^^^^^
> 387 |
      | ^
> 388 |       {/* Approval Queue */}
      | ^^^^^^
  389 |       <section>
  390 |         <h2 className="text-sm font-semibold mb-3"
  391 |           style={{ color: "var(--muted)", borderBottom: "1px solid var(--card-border)", paddingBott...

Parsing ecmascript source code failed

Import trace:
  Server Component:
    ./app/admin/AdminDashboard.tsx
    ./app/admin/page.tsx @ http://localhost:3000/_next/static/chunks/node_modules_next_dist_0u_w_5s._.js:1945
[ 1720295ms] [ERROR] ./app/admin/AdminDashboard.tsx:386:17
Expected '</', got 'jsx text'
  384 |           );
  385 |         })()}
> 386 |       </section>
      |                 ^^^^^^^^^^^^^^^^^^^^^^^^^^^^^^^^^^^^^^^^^^^^^^^^^^^^^^^^^^^^^^^^^^^^^^^^^^^^^^^^^^^^^^
> 387 |
      | ^
> 388 |       {/* Approval Queue */}
      | ^^^^^^
  389 |       <section>
  390 |         <h2 className="text-sm font-semibold mb-3"
  391 |           style={{ color: "var(--muted)", borderBottom: "1px solid var(--card-border)", paddingBott...

Parsing ecmascript source code failed

Import trace:
  Server Component:
    ./app/admin/AdminDashboard.tsx
    ./app/admin/page.tsx @ http://localhost:3000/_next/static/chunks/node_modules_next_dist_0u_w_5s._.js:1945
[ 1720364ms] [ERROR] ./app/admin/AdminDashboard.tsx:386:17
Expected '</', got 'jsx text'
  384 |           );
  385 |         })()}
> 386 |       </section>
      |                 ^^^^^^^^^^^^^^^^^^^^^^^^^^^^^^^^^^^^^^^^^^^^^^^^^^^^^^^^^^^^^^^^^^^^^^^^^^^^^^^^^^^^^^
> 387 |
      | ^
> 388 |       {/* Approval Queue */}
      | ^^^^^^
  389 |       <section>
  390 |         <h2 className="text-sm font-semibold mb-3"
  391 |           style={{ color: "var(--muted)", borderBottom: "1px solid var(--card-border)", paddingBott...

Parsing ecmascript source code failed

Import trace:
  Server Component:
    ./app/admin/AdminDashboard.tsx
    ./app/admin/page.tsx @ http://localhost:3000/_next/static/chunks/node_modules_next_dist_0u_w_5s._.js:1945
[ 1720427ms] [ERROR] ./app/admin/AdminDashboard.tsx:386:17
Expected '</', got 'jsx text'
  384 |           );
  385 |         })()}
> 386 |       </section>
      |                 ^^^^^^^^^^^^^^^^^^^^^^^^^^^^^^^^^^^^^^^^^^^^^^^^^^^^^^^^^^^^^^^^^^^^^^^^^^^^^^^^^^^^^^
> 387 |
      | ^
> 388 |       {/* Approval Queue */}
      | ^^^^^^
  389 |       <section>
  390 |         <h2 className="text-sm font-semibold mb-3"
  391 |           style={{ color: "var(--muted)", borderBottom: "1px solid var(--card-border)", paddingBott...

Parsing ecmascript source code failed

Import trace:
  Server Component:
    ./app/admin/AdminDashboard.tsx
    ./app/admin/page.tsx @ http://localhost:3000/_next/static/chunks/node_modules_next_dist_0u_w_5s._.js:1945
[ 1720491ms] [ERROR] ./app/admin/AdminDashboard.tsx:386:17
Expected '</', got 'jsx text'
  384 |           );
  385 |         })()}
> 386 |       </section>
      |                 ^^^^^^^^^^^^^^^^^^^^^^^^^^^^^^^^^^^^^^^^^^^^^^^^^^^^^^^^^^^^^^^^^^^^^^^^^^^^^^^^^^^^^^
> 387 |
      | ^
> 388 |       {/* Approval Queue */}
      | ^^^^^^
  389 |       <section>
  390 |         <h2 className="text-sm font-semibold mb-3"
  391 |           style={{ color: "var(--muted)", borderBottom: "1px solid var(--card-border)", paddingBott...

Parsing ecmascript source code failed

Import trace:
  Server Component:
    ./app/admin/AdminDashboard.tsx
    ./app/admin/page.tsx @ http://localhost:3000/_next/static/chunks/node_modules_next_dist_0u_w_5s._.js:1945
[ 1720555ms] [ERROR] ./app/admin/AdminDashboard.tsx:386:17
Expected '</', got 'jsx text'
  384 |           );
  385 |         })()}
> 386 |       </section>
      |                 ^^^^^^^^^^^^^^^^^^^^^^^^^^^^^^^^^^^^^^^^^^^^^^^^^^^^^^^^^^^^^^^^^^^^^^^^^^^^^^^^^^^^^^
> 387 |
      | ^
> 388 |       {/* Approval Queue */}
      | ^^^^^^
  389 |       <section>
  390 |         <h2 className="text-sm font-semibold mb-3"
  391 |           style={{ color: "var(--muted)", borderBottom: "1px solid var(--card-border)", paddingBott...

Parsing ecmascript source code failed

Import trace:
  Server Component:
    ./app/admin/AdminDashboard.tsx
    ./app/admin/page.tsx @ http://localhost:3000/_next/static/chunks/node_modules_next_dist_0u_w_5s._.js:1945
[ 1720617ms] [ERROR] ./app/admin/AdminDashboard.tsx:386:17
Expected '</', got 'jsx text'
  384 |           );
  385 |         })()}
> 386 |       </section>
      |                 ^^^^^^^^^^^^^^^^^^^^^^^^^^^^^^^^^^^^^^^^^^^^^^^^^^^^^^^^^^^^^^^^^^^^^^^^^^^^^^^^^^^^^^
> 387 |
      | ^
> 388 |       {/* Approval Queue */}
      | ^^^^^^
  389 |       <section>
  390 |         <h2 className="text-sm font-semibold mb-3"
  391 |           style={{ color: "var(--muted)", borderBottom: "1px solid var(--card-border)", paddingBott...

Parsing ecmascript source code failed

Import trace:
  Server Component:
    ./app/admin/AdminDashboard.tsx
    ./app/admin/page.tsx @ http://localhost:3000/_next/static/chunks/node_modules_next_dist_0u_w_5s._.js:1945
[ 1720682ms] [ERROR] ./app/admin/AdminDashboard.tsx:386:17
Expected '</', got 'jsx text'
  384 |           );
  385 |         })()}
> 386 |       </section>
      |                 ^^^^^^^^^^^^^^^^^^^^^^^^^^^^^^^^^^^^^^^^^^^^^^^^^^^^^^^^^^^^^^^^^^^^^^^^^^^^^^^^^^^^^^
> 387 |
      | ^
> 388 |       {/* Approval Queue */}
      | ^^^^^^
  389 |       <section>
  390 |         <h2 className="text-sm font-semibold mb-3"
  391 |           style={{ color: "var(--muted)", borderBottom: "1px solid var(--card-border)", paddingBott...

Parsing ecmascript source code failed

Import trace:
  Server Component:
    ./app/admin/AdminDashboard.tsx
    ./app/admin/page.tsx @ http://localhost:3000/_next/static/chunks/node_modules_next_dist_0u_w_5s._.js:1945
[ 1720743ms] [ERROR] ./app/admin/AdminDashboard.tsx:386:17
Expected '</', got 'jsx text'
  384 |           );
  385 |         })()}
> 386 |       </section>
      |                 ^^^^^^^^^^^^^^^^^^^^^^^^^^^^^^^^^^^^^^^^^^^^^^^^^^^^^^^^^^^^^^^^^^^^^^^^^^^^^^^^^^^^^^
> 387 |
      | ^
> 388 |       {/* Approval Queue */}
      | ^^^^^^
  389 |       <section>
  390 |         <h2 className="text-sm font-semibold mb-3"
  391 |           style={{ color: "var(--muted)", borderBottom: "1px solid var(--card-border)", paddingBott...

Parsing ecmascript source code failed

Import trace:
  Server Component:
    ./app/admin/AdminDashboard.tsx
    ./app/admin/page.tsx @ http://localhost:3000/_next/static/chunks/node_modules_next_dist_0u_w_5s._.js:1945
[ 1720806ms] [ERROR] ./app/admin/AdminDashboard.tsx:386:17
Expected '</', got 'jsx text'
  384 |           );
  385 |         })()}
> 386 |       </section>
      |                 ^^^^^^^^^^^^^^^^^^^^^^^^^^^^^^^^^^^^^^^^^^^^^^^^^^^^^^^^^^^^^^^^^^^^^^^^^^^^^^^^^^^^^^
> 387 |
      | ^
> 388 |       {/* Approval Queue */}
      | ^^^^^^
  389 |       <section>
  390 |         <h2 className="text-sm font-semibold mb-3"
  391 |           style={{ color: "var(--muted)", borderBottom: "1px solid var(--card-border)", paddingBott...

Parsing ecmascript source code failed

Import trace:
  Server Component:
    ./app/admin/AdminDashboard.tsx
    ./app/admin/page.tsx @ http://localhost:3000/_next/static/chunks/node_modules_next_dist_0u_w_5s._.js:1945
[ 1720869ms] [ERROR] ./app/admin/AdminDashboard.tsx:386:17
Expected '</', got 'jsx text'
  384 |           );
  385 |         })()}
> 386 |       </section>
      |                 ^^^^^^^^^^^^^^^^^^^^^^^^^^^^^^^^^^^^^^^^^^^^^^^^^^^^^^^^^^^^^^^^^^^^^^^^^^^^^^^^^^^^^^
> 387 |
      | ^
> 388 |       {/* Approval Queue */}
      | ^^^^^^
  389 |       <section>
  390 |         <h2 className="text-sm font-semibold mb-3"
  391 |           style={{ color: "var(--muted)", borderBottom: "1px solid var(--card-border)", paddingBott...

Parsing ecmascript source code failed

Import trace:
  Server Component:
    ./app/admin/AdminDashboard.tsx
    ./app/admin/page.tsx @ http://localhost:3000/_next/static/chunks/node_modules_next_dist_0u_w_5s._.js:1945
[ 1720933ms] [ERROR] ./app/admin/AdminDashboard.tsx:386:17
Expected '</', got 'jsx text'
  384 |           );
  385 |         })()}
> 386 |       </section>
      |                 ^^^^^^^^^^^^^^^^^^^^^^^^^^^^^^^^^^^^^^^^^^^^^^^^^^^^^^^^^^^^^^^^^^^^^^^^^^^^^^^^^^^^^^
> 387 |
      | ^
> 388 |       {/* Approval Queue */}
      | ^^^^^^
  389 |       <section>
  390 |         <h2 className="text-sm font-semibold mb-3"
  391 |           style={{ color: "var(--muted)", borderBottom: "1px solid var(--card-border)", paddingBott...

Parsing ecmascript source code failed

Import trace:
  Server Component:
    ./app/admin/AdminDashboard.tsx
    ./app/admin/page.tsx @ http://localhost:3000/_next/static/chunks/node_modules_next_dist_0u_w_5s._.js:1945
[ 1720996ms] [ERROR] ./app/admin/AdminDashboard.tsx:386:17
Expected '</', got 'jsx text'
  384 |           );
  385 |         })()}
> 386 |       </section>
      |                 ^^^^^^^^^^^^^^^^^^^^^^^^^^^^^^^^^^^^^^^^^^^^^^^^^^^^^^^^^^^^^^^^^^^^^^^^^^^^^^^^^^^^^^
> 387 |
      | ^
> 388 |       {/* Approval Queue */}
      | ^^^^^^
  389 |       <section>
  390 |         <h2 className="text-sm font-semibold mb-3"
  391 |           style={{ color: "var(--muted)", borderBottom: "1px solid var(--card-border)", paddingBott...

Parsing ecmascript source code failed

Import trace:
  Server Component:
    ./app/admin/AdminDashboard.tsx
    ./app/admin/page.tsx @ http://localhost:3000/_next/static/chunks/node_modules_next_dist_0u_w_5s._.js:1945
[ 1721058ms] [ERROR] ./app/admin/AdminDashboard.tsx:386:17
Expected '</', got 'jsx text'
  384 |           );
  385 |         })()}
> 386 |       </section>
      |                 ^^^^^^^^^^^^^^^^^^^^^^^^^^^^^^^^^^^^^^^^^^^^^^^^^^^^^^^^^^^^^^^^^^^^^^^^^^^^^^^^^^^^^^
> 387 |
      | ^
> 388 |       {/* Approval Queue */}
      | ^^^^^^
  389 |       <section>
  390 |         <h2 className="text-sm font-semibold mb-3"
  391 |           style={{ color: "var(--muted)", borderBottom: "1px solid var(--card-border)", paddingBott...

Parsing ecmascript source code failed

Import trace:
  Server Component:
    ./app/admin/AdminDashboard.tsx
    ./app/admin/page.tsx @ http://localhost:3000/_next/static/chunks/node_modules_next_dist_0u_w_5s._.js:1945
[ 1721138ms] [ERROR] ./app/admin/AdminDashboard.tsx:386:17
Expected '</', got 'jsx text'
  384 |           );
  385 |         })()}
> 386 |       </section>
      |                 ^^^^^^^^^^^^^^^^^^^^^^^^^^^^^^^^^^^^^^^^^^^^^^^^^^^^^^^^^^^^^^^^^^^^^^^^^^^^^^^^^^^^^^
> 387 |
      | ^
> 388 |       {/* Approval Queue */}
      | ^^^^^^
  389 |       <section>
  390 |         <h2 className="text-sm font-semibold mb-3"
  391 |           style={{ color: "var(--muted)", borderBottom: "1px solid var(--card-border)", paddingBott...

Parsing ecmascript source code failed

Import trace:
  Server Component:
    ./app/admin/AdminDashboard.tsx
    ./app/admin/page.tsx @ http://localhost:3000/_next/static/chunks/node_modules_next_dist_0u_w_5s._.js:1945
[ 1721202ms] [ERROR] ./app/admin/AdminDashboard.tsx:386:17
Expected '</', got 'jsx text'
  384 |           );
  385 |         })()}
> 386 |       </section>
      |                 ^^^^^^^^^^^^^^^^^^^^^^^^^^^^^^^^^^^^^^^^^^^^^^^^^^^^^^^^^^^^^^^^^^^^^^^^^^^^^^^^^^^^^^
> 387 |
      | ^
> 388 |       {/* Approval Queue */}
      | ^^^^^^
  389 |       <section>
  390 |         <h2 className="text-sm font-semibold mb-3"
  391 |           style={{ color: "var(--muted)", borderBottom: "1px solid var(--card-border)", paddingBott...

Parsing ecmascript source code failed

Import trace:
  Server Component:
    ./app/admin/AdminDashboard.tsx
    ./app/admin/page.tsx @ http://localhost:3000/_next/static/chunks/node_modules_next_dist_0u_w_5s._.js:1945
[ 1721280ms] [ERROR] ./app/admin/AdminDashboard.tsx:386:17
Expected '</', got 'jsx text'
  384 |           );
  385 |         })()}
> 386 |       </section>
      |                 ^^^^^^^^^^^^^^^^^^^^^^^^^^^^^^^^^^^^^^^^^^^^^^^^^^^^^^^^^^^^^^^^^^^^^^^^^^^^^^^^^^^^^^
> 387 |
      | ^
> 388 |       {/* Approval Queue */}
      | ^^^^^^
  389 |       <section>
  390 |         <h2 className="text-sm font-semibold mb-3"
  391 |           style={{ color: "var(--muted)", borderBottom: "1px solid var(--card-border)", paddingBott...

Parsing ecmascript source code failed

Import trace:
  Server Component:
    ./app/admin/AdminDashboard.tsx
    ./app/admin/page.tsx @ http://localhost:3000/_next/static/chunks/node_modules_next_dist_0u_w_5s._.js:1945
[ 1721358ms] [ERROR] ./app/admin/AdminDashboard.tsx:386:17
Expected '</', got 'jsx text'
  384 |           );
  385 |         })()}
> 386 |       </section>
      |                 ^^^^^^^^^^^^^^^^^^^^^^^^^^^^^^^^^^^^^^^^^^^^^^^^^^^^^^^^^^^^^^^^^^^^^^^^^^^^^^^^^^^^^^
> 387 |
      | ^
> 388 |       {/* Approval Queue */}
      | ^^^^^^
  389 |       <section>
  390 |         <h2 className="text-sm font-semibold mb-3"
  391 |           style={{ color: "var(--muted)", borderBottom: "1px solid var(--card-border)", paddingBott...

Parsing ecmascript source code failed

Import trace:
  Server Component:
    ./app/admin/AdminDashboard.tsx
    ./app/admin/page.tsx @ http://localhost:3000/_next/static/chunks/node_modules_next_dist_0u_w_5s._.js:1945
[ 1721422ms] [ERROR] ./app/admin/AdminDashboard.tsx:386:17
Expected '</', got 'jsx text'
  384 |           );
  385 |         })()}
> 386 |       </section>
      |                 ^^^^^^^^^^^^^^^^^^^^^^^^^^^^^^^^^^^^^^^^^^^^^^^^^^^^^^^^^^^^^^^^^^^^^^^^^^^^^^^^^^^^^^
> 387 |
      | ^
> 388 |       {/* Approval Queue */}
      | ^^^^^^
  389 |       <section>
  390 |         <h2 className="text-sm font-semibold mb-3"
  391 |           style={{ color: "var(--muted)", borderBottom: "1px solid var(--card-border)", paddingBott...

Parsing ecmascript source code failed

Import trace:
  Server Component:
    ./app/admin/AdminDashboard.tsx
    ./app/admin/page.tsx @ http://localhost:3000/_next/static/chunks/node_modules_next_dist_0u_w_5s._.js:1945
[ 1721500ms] [ERROR] ./app/admin/AdminDashboard.tsx:386:17
Expected '</', got 'jsx text'
  384 |           );
  385 |         })()}
> 386 |       </section>
      |                 ^^^^^^^^^^^^^^^^^^^^^^^^^^^^^^^^^^^^^^^^^^^^^^^^^^^^^^^^^^^^^^^^^^^^^^^^^^^^^^^^^^^^^^
> 387 |
      | ^
> 388 |       {/* Approval Queue */}
      | ^^^^^^
  389 |       <section>
  390 |         <h2 className="text-sm font-semibold mb-3"
  391 |           style={{ color: "var(--muted)", borderBottom: "1px solid var(--card-border)", paddingBott...

Parsing ecmascript source code failed

Import trace:
  Server Component:
    ./app/admin/AdminDashboard.tsx
    ./app/admin/page.tsx @ http://localhost:3000/_next/static/chunks/node_modules_next_dist_0u_w_5s._.js:1945
[ 1721561ms] [ERROR] ./app/admin/AdminDashboard.tsx:386:17
Expected '</', got 'jsx text'
  384 |           );
  385 |         })()}
> 386 |       </section>
      |                 ^^^^^^^^^^^^^^^^^^^^^^^^^^^^^^^^^^^^^^^^^^^^^^^^^^^^^^^^^^^^^^^^^^^^^^^^^^^^^^^^^^^^^^
> 387 |
      | ^
> 388 |       {/* Approval Queue */}
      | ^^^^^^
  389 |       <section>
  390 |         <h2 className="text-sm font-semibold mb-3"
  391 |           style={{ color: "var(--muted)", borderBottom: "1px solid var(--card-border)", paddingBott...

Parsing ecmascript source code failed

Import trace:
  Server Component:
    ./app/admin/AdminDashboard.tsx
    ./app/admin/page.tsx @ http://localhost:3000/_next/static/chunks/node_modules_next_dist_0u_w_5s._.js:1945
[ 1721623ms] [ERROR] ./app/admin/AdminDashboard.tsx:386:17
Expected '</', got 'jsx text'
  384 |           );
  385 |         })()}
> 386 |       </section>
      |                 ^^^^^^^^^^^^^^^^^^^^^^^^^^^^^^^^^^^^^^^^^^^^^^^^^^^^^^^^^^^^^^^^^^^^^^^^^^^^^^^^^^^^^^
> 387 |
      | ^
> 388 |       {/* Approval Queue */}
      | ^^^^^^
  389 |       <section>
  390 |         <h2 className="text-sm font-semibold mb-3"
  391 |           style={{ color: "var(--muted)", borderBottom: "1px solid var(--card-border)", paddingBott...

Parsing ecmascript source code failed

Import trace:
  Server Component:
    ./app/admin/AdminDashboard.tsx
    ./app/admin/page.tsx @ http://localhost:3000/_next/static/chunks/node_modules_next_dist_0u_w_5s._.js:1945
[ 1721685ms] [ERROR] ./app/admin/AdminDashboard.tsx:386:17
Expected '</', got 'jsx text'
  384 |           );
  385 |         })()}
> 386 |       </section>
      |                 ^^^^^^^^^^^^^^^^^^^^^^^^^^^^^^^^^^^^^^^^^^^^^^^^^^^^^^^^^^^^^^^^^^^^^^^^^^^^^^^^^^^^^^
> 387 |
      | ^
> 388 |       {/* Approval Queue */}
      | ^^^^^^
  389 |       <section>
  390 |         <h2 className="text-sm font-semibold mb-3"
  391 |           style={{ color: "var(--muted)", borderBottom: "1px solid var(--card-border)", paddingBott...

Parsing ecmascript source code failed

Import trace:
  Server Component:
    ./app/admin/AdminDashboard.tsx
    ./app/admin/page.tsx @ http://localhost:3000/_next/static/chunks/node_modules_next_dist_0u_w_5s._.js:1945
[ 1721749ms] [ERROR] ./app/admin/AdminDashboard.tsx:386:17
Expected '</', got 'jsx text'
  384 |           );
  385 |         })()}
> 386 |       </section>
      |                 ^^^^^^^^^^^^^^^^^^^^^^^^^^^^^^^^^^^^^^^^^^^^^^^^^^^^^^^^^^^^^^^^^^^^^^^^^^^^^^^^^^^^^^
> 387 |
      | ^
> 388 |       {/* Approval Queue */}
      | ^^^^^^
  389 |       <section>
  390 |         <h2 className="text-sm font-semibold mb-3"
  391 |           style={{ color: "var(--muted)", borderBottom: "1px solid var(--card-border)", paddingBott...

Parsing ecmascript source code failed

Import trace:
  Server Component:
    ./app/admin/AdminDashboard.tsx
    ./app/admin/page.tsx @ http://localhost:3000/_next/static/chunks/node_modules_next_dist_0u_w_5s._.js:1945
[ 1721813ms] [ERROR] ./app/admin/AdminDashboard.tsx:386:17
Expected '</', got 'jsx text'
  384 |           );
  385 |         })()}
> 386 |       </section>
      |                 ^^^^^^^^^^^^^^^^^^^^^^^^^^^^^^^^^^^^^^^^^^^^^^^^^^^^^^^^^^^^^^^^^^^^^^^^^^^^^^^^^^^^^^
> 387 |
      | ^
> 388 |       {/* Approval Queue */}
      | ^^^^^^
  389 |       <section>
  390 |         <h2 className="text-sm font-semibold mb-3"
  391 |           style={{ color: "var(--muted)", borderBottom: "1px solid var(--card-border)", paddingBott...

Parsing ecmascript source code failed

Import trace:
  Server Component:
    ./app/admin/AdminDashboard.tsx
    ./app/admin/page.tsx @ http://localhost:3000/_next/static/chunks/node_modules_next_dist_0u_w_5s._.js:1945
[ 1721878ms] [ERROR] ./app/admin/AdminDashboard.tsx:386:17
Expected '</', got 'jsx text'
  384 |           );
  385 |         })()}
> 386 |       </section>
      |                 ^^^^^^^^^^^^^^^^^^^^^^^^^^^^^^^^^^^^^^^^^^^^^^^^^^^^^^^^^^^^^^^^^^^^^^^^^^^^^^^^^^^^^^
> 387 |
      | ^
> 388 |       {/* Approval Queue */}
      | ^^^^^^
  389 |       <section>
  390 |         <h2 className="text-sm font-semibold mb-3"
  391 |           style={{ color: "var(--muted)", borderBottom: "1px solid var(--card-border)", paddingBott...

Parsing ecmascript source code failed

Import trace:
  Server Component:
    ./app/admin/AdminDashboard.tsx
    ./app/admin/page.tsx @ http://localhost:3000/_next/static/chunks/node_modules_next_dist_0u_w_5s._.js:1945
[ 1721957ms] [ERROR] ./app/admin/AdminDashboard.tsx:386:17
Expected '</', got 'jsx text'
  384 |           );
  385 |         })()}
> 386 |       </section>
      |                 ^^^^^^^^^^^^^^^^^^^^^^^^^^^^^^^^^^^^^^^^^^^^^^^^^^^^^^^^^^^^^^^^^^^^^^^^^^^^^^^^^^^^^^
> 387 |
      | ^
> 388 |       {/* Approval Queue */}
      | ^^^^^^
  389 |       <section>
  390 |         <h2 className="text-sm font-semibold mb-3"
  391 |           style={{ color: "var(--muted)", borderBottom: "1px solid var(--card-border)", paddingBott...

Parsing ecmascript source code failed

Import trace:
  Server Component:
    ./app/admin/AdminDashboard.tsx
    ./app/admin/page.tsx @ http://localhost:3000/_next/static/chunks/node_modules_next_dist_0u_w_5s._.js:1945
[ 1722034ms] [ERROR] ./app/admin/AdminDashboard.tsx:386:17
Expected '</', got 'jsx text'
  384 |           );
  385 |         })()}
> 386 |       </section>
      |                 ^^^^^^^^^^^^^^^^^^^^^^^^^^^^^^^^^^^^^^^^^^^^^^^^^^^^^^^^^^^^^^^^^^^^^^^^^^^^^^^^^^^^^^
> 387 |
      | ^
> 388 |       {/* Approval Queue */}
      | ^^^^^^
  389 |       <section>
  390 |         <h2 className="text-sm font-semibold mb-3"
  391 |           style={{ color: "var(--muted)", borderBottom: "1px solid var(--card-border)", paddingBott...

Parsing ecmascript source code failed

Import trace:
  Server Component:
    ./app/admin/AdminDashboard.tsx
    ./app/admin/page.tsx @ http://localhost:3000/_next/static/chunks/node_modules_next_dist_0u_w_5s._.js:1945
[ 1722112ms] [ERROR] ./app/admin/AdminDashboard.tsx:386:17
Expected '</', got 'jsx text'
  384 |           );
  385 |         })()}
> 386 |       </section>
      |                 ^^^^^^^^^^^^^^^^^^^^^^^^^^^^^^^^^^^^^^^^^^^^^^^^^^^^^^^^^^^^^^^^^^^^^^^^^^^^^^^^^^^^^^
> 387 |
      | ^
> 388 |       {/* Approval Queue */}
      | ^^^^^^
  389 |       <section>
  390 |         <h2 className="text-sm font-semibold mb-3"
  391 |           style={{ color: "var(--muted)", borderBottom: "1px solid var(--card-border)", paddingBott...

Parsing ecmascript source code failed

Import trace:
  Server Component:
    ./app/admin/AdminDashboard.tsx
    ./app/admin/page.tsx @ http://localhost:3000/_next/static/chunks/node_modules_next_dist_0u_w_5s._.js:1945
[ 1722190ms] [ERROR] ./app/admin/AdminDashboard.tsx:386:17
Expected '</', got 'jsx text'
  384 |           );
  385 |         })()}
> 386 |       </section>
      |                 ^^^^^^^^^^^^^^^^^^^^^^^^^^^^^^^^^^^^^^^^^^^^^^^^^^^^^^^^^^^^^^^^^^^^^^^^^^^^^^^^^^^^^^
> 387 |
      | ^
> 388 |       {/* Approval Queue */}
      | ^^^^^^
  389 |       <section>
  390 |         <h2 className="text-sm font-semibold mb-3"
  391 |           style={{ color: "var(--muted)", borderBottom: "1px solid var(--card-border)", paddingBott...

Parsing ecmascript source code failed

Import trace:
  Server Component:
    ./app/admin/AdminDashboard.tsx
    ./app/admin/page.tsx @ http://localhost:3000/_next/static/chunks/node_modules_next_dist_0u_w_5s._.js:1945
[ 1722252ms] [ERROR] ./app/admin/AdminDashboard.tsx:386:17
Expected '</', got 'jsx text'
  384 |           );
  385 |         })()}
> 386 |       </section>
      |                 ^^^^^^^^^^^^^^^^^^^^^^^^^^^^^^^^^^^^^^^^^^^^^^^^^^^^^^^^^^^^^^^^^^^^^^^^^^^^^^^^^^^^^^
> 387 |
      | ^
> 388 |       {/* Approval Queue */}
      | ^^^^^^
  389 |       <section>
  390 |         <h2 className="text-sm font-semibold mb-3"
  391 |           style={{ color: "var(--muted)", borderBottom: "1px solid var(--card-border)", paddingBott...

Parsing ecmascript source code failed

Import trace:
  Server Component:
    ./app/admin/AdminDashboard.tsx
    ./app/admin/page.tsx @ http://localhost:3000/_next/static/chunks/node_modules_next_dist_0u_w_5s._.js:1945
[ 1722317ms] [ERROR] ./app/admin/AdminDashboard.tsx:386:17
Expected '</', got 'jsx text'
  384 |           );
  385 |         })()}
> 386 |       </section>
      |                 ^^^^^^^^^^^^^^^^^^^^^^^^^^^^^^^^^^^^^^^^^^^^^^^^^^^^^^^^^^^^^^^^^^^^^^^^^^^^^^^^^^^^^^
> 387 |
      | ^
> 388 |       {/* Approval Queue */}
      | ^^^^^^
  389 |       <section>
  390 |         <h2 className="text-sm font-semibold mb-3"
  391 |           style={{ color: "var(--muted)", borderBottom: "1px solid var(--card-border)", paddingBott...

Parsing ecmascript source code failed

Import trace:
  Server Component:
    ./app/admin/AdminDashboard.tsx
    ./app/admin/page.tsx @ http://localhost:3000/_next/static/chunks/node_modules_next_dist_0u_w_5s._.js:1945
[ 1722379ms] [ERROR] ./app/admin/AdminDashboard.tsx:386:17
Expected '</', got 'jsx text'
  384 |           );
  385 |         })()}
> 386 |       </section>
      |                 ^^^^^^^^^^^^^^^^^^^^^^^^^^^^^^^^^^^^^^^^^^^^^^^^^^^^^^^^^^^^^^^^^^^^^^^^^^^^^^^^^^^^^^
> 387 |
      | ^
> 388 |       {/* Approval Queue */}
      | ^^^^^^
  389 |       <section>
  390 |         <h2 className="text-sm font-semibold mb-3"
  391 |           style={{ color: "var(--muted)", borderBottom: "1px solid var(--card-border)", paddingBott...

Parsing ecmascript source code failed

Import trace:
  Server Component:
    ./app/admin/AdminDashboard.tsx
    ./app/admin/page.tsx @ http://localhost:3000/_next/static/chunks/node_modules_next_dist_0u_w_5s._.js:1945
[ 1722451ms] [ERROR] ./app/admin/AdminDashboard.tsx:386:17
Expected '</', got 'jsx text'
  384 |           );
  385 |         })()}
> 386 |       </section>
      |                 ^^^^^^^^^^^^^^^^^^^^^^^^^^^^^^^^^^^^^^^^^^^^^^^^^^^^^^^^^^^^^^^^^^^^^^^^^^^^^^^^^^^^^^
> 387 |
      | ^
> 388 |       {/* Approval Queue */}
      | ^^^^^^
  389 |       <section>
  390 |         <h2 className="text-sm font-semibold mb-3"
  391 |           style={{ color: "var(--muted)", borderBottom: "1px solid var(--card-border)", paddingBott...

Parsing ecmascript source code failed

Import trace:
  Server Component:
    ./app/admin/AdminDashboard.tsx
    ./app/admin/page.tsx @ http://localhost:3000/_next/static/chunks/node_modules_next_dist_0u_w_5s._.js:1945
[ 1722513ms] [ERROR] ./app/admin/AdminDashboard.tsx:386:17
Expected '</', got 'jsx text'
  384 |           );
  385 |         })()}
> 386 |       </section>
      |                 ^^^^^^^^^^^^^^^^^^^^^^^^^^^^^^^^^^^^^^^^^^^^^^^^^^^^^^^^^^^^^^^^^^^^^^^^^^^^^^^^^^^^^^
> 387 |
      | ^
> 388 |       {/* Approval Queue */}
      | ^^^^^^
  389 |       <section>
  390 |         <h2 className="text-sm font-semibold mb-3"
  391 |           style={{ color: "var(--muted)", borderBottom: "1px solid var(--card-border)", paddingBott...

Parsing ecmascript source code failed

Import trace:
  Server Component:
    ./app/admin/AdminDashboard.tsx
    ./app/admin/page.tsx @ http://localhost:3000/_next/static/chunks/node_modules_next_dist_0u_w_5s._.js:1945
[ 1722575ms] [ERROR] ./app/admin/AdminDashboard.tsx:386:17
Expected '</', got 'jsx text'
  384 |           );
  385 |         })()}
> 386 |       </section>
      |                 ^^^^^^^^^^^^^^^^^^^^^^^^^^^^^^^^^^^^^^^^^^^^^^^^^^^^^^^^^^^^^^^^^^^^^^^^^^^^^^^^^^^^^^
> 387 |
      | ^
> 388 |       {/* Approval Queue */}
      | ^^^^^^
  389 |       <section>
  390 |         <h2 className="text-sm font-semibold mb-3"
  391 |           style={{ color: "var(--muted)", borderBottom: "1px solid var(--card-border)", paddingBott...

Parsing ecmascript source code failed

Import trace:
  Server Component:
    ./app/admin/AdminDashboard.tsx
    ./app/admin/page.tsx @ http://localhost:3000/_next/static/chunks/node_modules_next_dist_0u_w_5s._.js:1945
[ 1722637ms] [ERROR] ./app/admin/AdminDashboard.tsx:386:17
Expected '</', got 'jsx text'
  384 |           );
  385 |         })()}
> 386 |       </section>
      |                 ^^^^^^^^^^^^^^^^^^^^^^^^^^^^^^^^^^^^^^^^^^^^^^^^^^^^^^^^^^^^^^^^^^^^^^^^^^^^^^^^^^^^^^
> 387 |
      | ^
> 388 |       {/* Approval Queue */}
      | ^^^^^^
  389 |       <section>
  390 |         <h2 className="text-sm font-semibold mb-3"
  391 |           style={{ color: "var(--muted)", borderBottom: "1px solid var(--card-border)", paddingBott...

Parsing ecmascript source code failed

Import trace:
  Server Component:
    ./app/admin/AdminDashboard.tsx
    ./app/admin/page.tsx @ http://localhost:3000/_next/static/chunks/node_modules_next_dist_0u_w_5s._.js:1945
[ 1722700ms] [ERROR] ./app/admin/AdminDashboard.tsx:386:17
Expected '</', got 'jsx text'
  384 |           );
  385 |         })()}
> 386 |       </section>
      |                 ^^^^^^^^^^^^^^^^^^^^^^^^^^^^^^^^^^^^^^^^^^^^^^^^^^^^^^^^^^^^^^^^^^^^^^^^^^^^^^^^^^^^^^
> 387 |
      | ^
> 388 |       {/* Approval Queue */}
      | ^^^^^^
  389 |       <section>
  390 |         <h2 className="text-sm font-semibold mb-3"
  391 |           style={{ color: "var(--muted)", borderBottom: "1px solid var(--card-border)", paddingBott...

Parsing ecmascript source code failed

Import trace:
  Server Component:
    ./app/admin/AdminDashboard.tsx
    ./app/admin/page.tsx @ http://localhost:3000/_next/static/chunks/node_modules_next_dist_0u_w_5s._.js:1945
[ 1722766ms] [ERROR] ./app/admin/AdminDashboard.tsx:386:17
Expected '</', got 'jsx text'
  384 |           );
  385 |         })()}
> 386 |       </section>
      |                 ^^^^^^^^^^^^^^^^^^^^^^^^^^^^^^^^^^^^^^^^^^^^^^^^^^^^^^^^^^^^^^^^^^^^^^^^^^^^^^^^^^^^^^
> 387 |
      | ^
> 388 |       {/* Approval Queue */}
      | ^^^^^^
  389 |       <section>
  390 |         <h2 className="text-sm font-semibold mb-3"
  391 |           style={{ color: "var(--muted)", borderBottom: "1px solid var(--card-border)", paddingBott...

Parsing ecmascript source code failed

Import trace:
  Server Component:
    ./app/admin/AdminDashboard.tsx
    ./app/admin/page.tsx @ http://localhost:3000/_next/static/chunks/node_modules_next_dist_0u_w_5s._.js:1945
[ 1722828ms] [ERROR] ./app/admin/AdminDashboard.tsx:386:17
Expected '</', got 'jsx text'
  384 |           );
  385 |         })()}
> 386 |       </section>
      |                 ^^^^^^^^^^^^^^^^^^^^^^^^^^^^^^^^^^^^^^^^^^^^^^^^^^^^^^^^^^^^^^^^^^^^^^^^^^^^^^^^^^^^^^
> 387 |
      | ^
> 388 |       {/* Approval Queue */}
      | ^^^^^^
  389 |       <section>
  390 |         <h2 className="text-sm font-semibold mb-3"
  391 |           style={{ color: "var(--muted)", borderBottom: "1px solid var(--card-border)", paddingBott...

Parsing ecmascript source code failed

Import trace:
  Server Component:
    ./app/admin/AdminDashboard.tsx
    ./app/admin/page.tsx @ http://localhost:3000/_next/static/chunks/node_modules_next_dist_0u_w_5s._.js:1945
[ 1722890ms] [ERROR] ./app/admin/AdminDashboard.tsx:386:17
Expected '</', got 'jsx text'
  384 |           );
  385 |         })()}
> 386 |       </section>
      |                 ^^^^^^^^^^^^^^^^^^^^^^^^^^^^^^^^^^^^^^^^^^^^^^^^^^^^^^^^^^^^^^^^^^^^^^^^^^^^^^^^^^^^^^
> 387 |
      | ^
> 388 |       {/* Approval Queue */}
      | ^^^^^^
  389 |       <section>
  390 |         <h2 className="text-sm font-semibold mb-3"
  391 |           style={{ color: "var(--muted)", borderBottom: "1px solid var(--card-border)", paddingBott...

Parsing ecmascript source code failed

Import trace:
  Server Component:
    ./app/admin/AdminDashboard.tsx
    ./app/admin/page.tsx @ http://localhost:3000/_next/static/chunks/node_modules_next_dist_0u_w_5s._.js:1945
[ 1722954ms] [ERROR] ./app/admin/AdminDashboard.tsx:386:17
Expected '</', got 'jsx text'
  384 |           );
  385 |         })()}
> 386 |       </section>
      |                 ^^^^^^^^^^^^^^^^^^^^^^^^^^^^^^^^^^^^^^^^^^^^^^^^^^^^^^^^^^^^^^^^^^^^^^^^^^^^^^^^^^^^^^
> 387 |
      | ^
> 388 |       {/* Approval Queue */}
      | ^^^^^^
  389 |       <section>
  390 |         <h2 className="text-sm font-semibold mb-3"
  391 |           style={{ color: "var(--muted)", borderBottom: "1px solid var(--card-border)", paddingBott...

Parsing ecmascript source code failed

Import trace:
  Server Component:
    ./app/admin/AdminDashboard.tsx
    ./app/admin/page.tsx @ http://localhost:3000/_next/static/chunks/node_modules_next_dist_0u_w_5s._.js:1945
[ 1723018ms] [ERROR] ./app/admin/AdminDashboard.tsx:386:17
Expected '</', got 'jsx text'
  384 |           );
  385 |         })()}
> 386 |       </section>
      |                 ^^^^^^^^^^^^^^^^^^^^^^^^^^^^^^^^^^^^^^^^^^^^^^^^^^^^^^^^^^^^^^^^^^^^^^^^^^^^^^^^^^^^^^
> 387 |
      | ^
> 388 |       {/* Approval Queue */}
      | ^^^^^^
  389 |       <section>
  390 |         <h2 className="text-sm font-semibold mb-3"
  391 |           style={{ color: "var(--muted)", borderBottom: "1px solid var(--card-border)", paddingBott...

Parsing ecmascript source code failed

Import trace:
  Server Component:
    ./app/admin/AdminDashboard.tsx
    ./app/admin/page.tsx @ http://localhost:3000/_next/static/chunks/node_modules_next_dist_0u_w_5s._.js:1945
[ 1723082ms] [ERROR] ./app/admin/AdminDashboard.tsx:386:17
Expected '</', got 'jsx text'
  384 |           );
  385 |         })()}
> 386 |       </section>
      |                 ^^^^^^^^^^^^^^^^^^^^^^^^^^^^^^^^^^^^^^^^^^^^^^^^^^^^^^^^^^^^^^^^^^^^^^^^^^^^^^^^^^^^^^
> 387 |
      | ^
> 388 |       {/* Approval Queue */}
      | ^^^^^^
  389 |       <section>
  390 |         <h2 className="text-sm font-semibold mb-3"
  391 |           style={{ color: "var(--muted)", borderBottom: "1px solid var(--card-border)", paddingBott...

Parsing ecmascript source code failed

Import trace:
  Server Component:
    ./app/admin/AdminDashboard.tsx
    ./app/admin/page.tsx @ http://localhost:3000/_next/static/chunks/node_modules_next_dist_0u_w_5s._.js:1945
[ 1723145ms] [ERROR] ./app/admin/AdminDashboard.tsx:386:17
Expected '</', got 'jsx text'
  384 |           );
  385 |         })()}
> 386 |       </section>
      |                 ^^^^^^^^^^^^^^^^^^^^^^^^^^^^^^^^^^^^^^^^^^^^^^^^^^^^^^^^^^^^^^^^^^^^^^^^^^^^^^^^^^^^^^
> 387 |
      | ^
> 388 |       {/* Approval Queue */}
      | ^^^^^^
  389 |       <section>
  390 |         <h2 className="text-sm font-semibold mb-3"
  391 |           style={{ color: "var(--muted)", borderBottom: "1px solid var(--card-border)", paddingBott...

Parsing ecmascript source code failed

Import trace:
  Server Component:
    ./app/admin/AdminDashboard.tsx
    ./app/admin/page.tsx @ http://localhost:3000/_next/static/chunks/node_modules_next_dist_0u_w_5s._.js:1945
[ 1723199ms] [ERROR] ./app/admin/AdminDashboard.tsx:386:17
Expected '</', got 'jsx text'
  384 |           );
  385 |         })()}
> 386 |       </section>
      |                 ^^^^^^^^^^^^^^^^^^^^^^^^^^^^^^^^^^^^^^^^^^^^^^^^^^^^^^^^^^^^^^^^^^^^^^^^^^^^^^^^^^^^^^
> 387 |
      | ^
> 388 |       {/* Approval Queue */}
      | ^^^^^^
  389 |       <section>
  390 |         <h2 className="text-sm font-semibold mb-3"
  391 |           style={{ color: "var(--muted)", borderBottom: "1px solid var(--card-border)", paddingBott...

Parsing ecmascript source code failed

Import trace:
  Server Component:
    ./app/admin/AdminDashboard.tsx
    ./app/admin/page.tsx @ http://localhost:3000/_next/static/chunks/node_modules_next_dist_0u_w_5s._.js:1945
[ 1723263ms] [ERROR] ./app/admin/AdminDashboard.tsx:386:17
Expected '</', got 'jsx text'
  384 |           );
  385 |         })()}
> 386 |       </section>
      |                 ^^^^^^^^^^^^^^^^^^^^^^^^^^^^^^^^^^^^^^^^^^^^^^^^^^^^^^^^^^^^^^^^^^^^^^^^^^^^^^^^^^^^^^
> 387 |
      | ^
> 388 |       {/* Approval Queue */}
      | ^^^^^^
  389 |       <section>
  390 |         <h2 className="text-sm font-semibold mb-3"
  391 |           style={{ color: "var(--muted)", borderBottom: "1px solid var(--card-border)", paddingBott...

Parsing ecmascript source code failed

Import trace:
  Server Component:
    ./app/admin/AdminDashboard.tsx
    ./app/admin/page.tsx @ http://localhost:3000/_next/static/chunks/node_modules_next_dist_0u_w_5s._.js:1945
[ 1723325ms] [ERROR] ./app/admin/AdminDashboard.tsx:386:17
Expected '</', got 'jsx text'
  384 |           );
  385 |         })()}
> 386 |       </section>
      |                 ^^^^^^^^^^^^^^^^^^^^^^^^^^^^^^^^^^^^^^^^^^^^^^^^^^^^^^^^^^^^^^^^^^^^^^^^^^^^^^^^^^^^^^
> 387 |
      | ^
> 388 |       {/* Approval Queue */}
      | ^^^^^^
  389 |       <section>
  390 |         <h2 className="text-sm font-semibold mb-3"
  391 |           style={{ color: "var(--muted)", borderBottom: "1px solid var(--card-border)", paddingBott...

Parsing ecmascript source code failed

Import trace:
  Server Component:
    ./app/admin/AdminDashboard.tsx
    ./app/admin/page.tsx @ http://localhost:3000/_next/static/chunks/node_modules_next_dist_0u_w_5s._.js:1945
[ 1723391ms] [ERROR] ./app/admin/AdminDashboard.tsx:386:17
Expected '</', got 'jsx text'
  384 |           );
  385 |         })()}
> 386 |       </section>
      |                 ^^^^^^^^^^^^^^^^^^^^^^^^^^^^^^^^^^^^^^^^^^^^^^^^^^^^^^^^^^^^^^^^^^^^^^^^^^^^^^^^^^^^^^
> 387 |
      | ^
> 388 |       {/* Approval Queue */}
      | ^^^^^^
  389 |       <section>
  390 |         <h2 className="text-sm font-semibold mb-3"
  391 |           style={{ color: "var(--muted)", borderBottom: "1px solid var(--card-border)", paddingBott...

Parsing ecmascript source code failed

Import trace:
  Server Component:
    ./app/admin/AdminDashboard.tsx
    ./app/admin/page.tsx @ http://localhost:3000/_next/static/chunks/node_modules_next_dist_0u_w_5s._.js:1945
[ 1723455ms] [ERROR] ./app/admin/AdminDashboard.tsx:386:17
Expected '</', got 'jsx text'
  384 |           );
  385 |         })()}
> 386 |       </section>
      |                 ^^^^^^^^^^^^^^^^^^^^^^^^^^^^^^^^^^^^^^^^^^^^^^^^^^^^^^^^^^^^^^^^^^^^^^^^^^^^^^^^^^^^^^
> 387 |
      | ^
> 388 |       {/* Approval Queue */}
      | ^^^^^^
  389 |       <section>
  390 |         <h2 className="text-sm font-semibold mb-3"
  391 |           style={{ color: "var(--muted)", borderBottom: "1px solid var(--card-border)", paddingBott...

Parsing ecmascript source code failed

Import trace:
  Server Component:
    ./app/admin/AdminDashboard.tsx
    ./app/admin/page.tsx @ http://localhost:3000/_next/static/chunks/node_modules_next_dist_0u_w_5s._.js:1945
[ 1723517ms] [ERROR] ./app/admin/AdminDashboard.tsx:386:17
Expected '</', got 'jsx text'
  384 |           );
  385 |         })()}
> 386 |       </section>
      |                 ^^^^^^^^^^^^^^^^^^^^^^^^^^^^^^^^^^^^^^^^^^^^^^^^^^^^^^^^^^^^^^^^^^^^^^^^^^^^^^^^^^^^^^
> 387 |
      | ^
> 388 |       {/* Approval Queue */}
      | ^^^^^^
  389 |       <section>
  390 |         <h2 className="text-sm font-semibold mb-3"
  391 |           style={{ color: "var(--muted)", borderBottom: "1px solid var(--card-border)", paddingBott...

Parsing ecmascript source code failed

Import trace:
  Server Component:
    ./app/admin/AdminDashboard.tsx
    ./app/admin/page.tsx @ http://localhost:3000/_next/static/chunks/node_modules_next_dist_0u_w_5s._.js:1945
[ 1723580ms] [ERROR] ./app/admin/AdminDashboard.tsx:386:17
Expected '</', got 'jsx text'
  384 |           );
  385 |         })()}
> 386 |       </section>
      |                 ^^^^^^^^^^^^^^^^^^^^^^^^^^^^^^^^^^^^^^^^^^^^^^^^^^^^^^^^^^^^^^^^^^^^^^^^^^^^^^^^^^^^^^
> 387 |
      | ^
> 388 |       {/* Approval Queue */}
      | ^^^^^^
  389 |       <section>
  390 |         <h2 className="text-sm font-semibold mb-3"
  391 |           style={{ color: "var(--muted)", borderBottom: "1px solid var(--card-border)", paddingBott...

Parsing ecmascript source code failed

Import trace:
  Server Component:
    ./app/admin/AdminDashboard.tsx
    ./app/admin/page.tsx @ http://localhost:3000/_next/static/chunks/node_modules_next_dist_0u_w_5s._.js:1945
[ 1723643ms] [ERROR] ./app/admin/AdminDashboard.tsx:386:17
Expected '</', got 'jsx text'
  384 |           );
  385 |         })()}
> 386 |       </section>
      |                 ^^^^^^^^^^^^^^^^^^^^^^^^^^^^^^^^^^^^^^^^^^^^^^^^^^^^^^^^^^^^^^^^^^^^^^^^^^^^^^^^^^^^^^
> 387 |
      | ^
> 388 |       {/* Approval Queue */}
      | ^^^^^^
  389 |       <section>
  390 |         <h2 className="text-sm font-semibold mb-3"
  391 |           style={{ color: "var(--muted)", borderBottom: "1px solid var(--card-border)", paddingBott...

Parsing ecmascript source code failed

Import trace:
  Server Component:
    ./app/admin/AdminDashboard.tsx
    ./app/admin/page.tsx @ http://localhost:3000/_next/static/chunks/node_modules_next_dist_0u_w_5s._.js:1945
[ 1723707ms] [ERROR] ./app/admin/AdminDashboard.tsx:386:17
Expected '</', got 'jsx text'
  384 |           );
  385 |         })()}
> 386 |       </section>
      |                 ^^^^^^^^^^^^^^^^^^^^^^^^^^^^^^^^^^^^^^^^^^^^^^^^^^^^^^^^^^^^^^^^^^^^^^^^^^^^^^^^^^^^^^
> 387 |
      | ^
> 388 |       {/* Approval Queue */}
      | ^^^^^^
  389 |       <section>
  390 |         <h2 className="text-sm font-semibold mb-3"
  391 |           style={{ color: "var(--muted)", borderBottom: "1px solid var(--card-border)", paddingBott...

Parsing ecmascript source code failed

Import trace:
  Server Component:
    ./app/admin/AdminDashboard.tsx
    ./app/admin/page.tsx @ http://localhost:3000/_next/static/chunks/node_modules_next_dist_0u_w_5s._.js:1945
[ 1723769ms] [ERROR] ./app/admin/AdminDashboard.tsx:386:17
Expected '</', got 'jsx text'
  384 |           );
  385 |         })()}
> 386 |       </section>
      |                 ^^^^^^^^^^^^^^^^^^^^^^^^^^^^^^^^^^^^^^^^^^^^^^^^^^^^^^^^^^^^^^^^^^^^^^^^^^^^^^^^^^^^^^
> 387 |
      | ^
> 388 |       {/* Approval Queue */}
      | ^^^^^^
  389 |       <section>
  390 |         <h2 className="text-sm font-semibold mb-3"
  391 |           style={{ color: "var(--muted)", borderBottom: "1px solid var(--card-border)", paddingBott...

Parsing ecmascript source code failed

Import trace:
  Server Component:
    ./app/admin/AdminDashboard.tsx
    ./app/admin/page.tsx @ http://localhost:3000/_next/static/chunks/node_modules_next_dist_0u_w_5s._.js:1945
[ 1723833ms] [ERROR] ./app/admin/AdminDashboard.tsx:386:17
Expected '</', got 'jsx text'
  384 |           );
  385 |         })()}
> 386 |       </section>
      |                 ^^^^^^^^^^^^^^^^^^^^^^^^^^^^^^^^^^^^^^^^^^^^^^^^^^^^^^^^^^^^^^^^^^^^^^^^^^^^^^^^^^^^^^
> 387 |
      | ^
> 388 |       {/* Approval Queue */}
      | ^^^^^^
  389 |       <section>
  390 |         <h2 className="text-sm font-semibold mb-3"
  391 |           style={{ color: "var(--muted)", borderBottom: "1px solid var(--card-border)", paddingBott...

Parsing ecmascript source code failed

Import trace:
  Server Component:
    ./app/admin/AdminDashboard.tsx
    ./app/admin/page.tsx @ http://localhost:3000/_next/static/chunks/node_modules_next_dist_0u_w_5s._.js:1945
[ 1723898ms] [ERROR] ./app/admin/AdminDashboard.tsx:386:17
Expected '</', got 'jsx text'
  384 |           );
  385 |         })()}
> 386 |       </section>
      |                 ^^^^^^^^^^^^^^^^^^^^^^^^^^^^^^^^^^^^^^^^^^^^^^^^^^^^^^^^^^^^^^^^^^^^^^^^^^^^^^^^^^^^^^
> 387 |
      | ^
> 388 |       {/* Approval Queue */}
      | ^^^^^^
  389 |       <section>
  390 |         <h2 className="text-sm font-semibold mb-3"
  391 |           style={{ color: "var(--muted)", borderBottom: "1px solid var(--card-border)", paddingBott...

Parsing ecmascript source code failed

Import trace:
  Server Component:
    ./app/admin/AdminDashboard.tsx
    ./app/admin/page.tsx @ http://localhost:3000/_next/static/chunks/node_modules_next_dist_0u_w_5s._.js:1945
[ 1723975ms] [ERROR] ./app/admin/AdminDashboard.tsx:386:17
Expected '</', got 'jsx text'
  384 |           );
  385 |         })()}
> 386 |       </section>
      |                 ^^^^^^^^^^^^^^^^^^^^^^^^^^^^^^^^^^^^^^^^^^^^^^^^^^^^^^^^^^^^^^^^^^^^^^^^^^^^^^^^^^^^^^
> 387 |
      | ^
> 388 |       {/* Approval Queue */}
      | ^^^^^^
  389 |       <section>
  390 |         <h2 className="text-sm font-semibold mb-3"
  391 |           style={{ color: "var(--muted)", borderBottom: "1px solid var(--card-border)", paddingBott...

Parsing ecmascript source code failed

Import trace:
  Server Component:
    ./app/admin/AdminDashboard.tsx
    ./app/admin/page.tsx @ http://localhost:3000/_next/static/chunks/node_modules_next_dist_0u_w_5s._.js:1945
[ 1724052ms] [ERROR] ./app/admin/AdminDashboard.tsx:386:17
Expected '</', got 'jsx text'
  384 |           );
  385 |         })()}
> 386 |       </section>
      |                 ^^^^^^^^^^^^^^^^^^^^^^^^^^^^^^^^^^^^^^^^^^^^^^^^^^^^^^^^^^^^^^^^^^^^^^^^^^^^^^^^^^^^^^
> 387 |
      | ^
> 388 |       {/* Approval Queue */}
      | ^^^^^^
  389 |       <section>
  390 |         <h2 className="text-sm font-semibold mb-3"
  391 |           style={{ color: "var(--muted)", borderBottom: "1px solid var(--card-border)", paddingBott...

Parsing ecmascript source code failed

Import trace:
  Server Component:
    ./app/admin/AdminDashboard.tsx
    ./app/admin/page.tsx @ http://localhost:3000/_next/static/chunks/node_modules_next_dist_0u_w_5s._.js:1945
[ 1724148ms] [ERROR] ./app/admin/AdminDashboard.tsx:386:17
Expected '</', got 'jsx text'
  384 |           );
  385 |         })()}
> 386 |       </section>
      |                 ^^^^^^^^^^^^^^^^^^^^^^^^^^^^^^^^^^^^^^^^^^^^^^^^^^^^^^^^^^^^^^^^^^^^^^^^^^^^^^^^^^^^^^
> 387 |
      | ^
> 388 |       {/* Approval Queue */}
      | ^^^^^^
  389 |       <section>
  390 |         <h2 className="text-sm font-semibold mb-3"
  391 |           style={{ color: "var(--muted)", borderBottom: "1px solid var(--card-border)", paddingBott...

Parsing ecmascript source code failed

Import trace:
  Server Component:
    ./app/admin/AdminDashboard.tsx
    ./app/admin/page.tsx @ http://localhost:3000/_next/static/chunks/node_modules_next_dist_0u_w_5s._.js:1945
[ 1724203ms] [ERROR] ./app/admin/AdminDashboard.tsx:386:17
Expected '</', got 'jsx text'
  384 |           );
  385 |         })()}
> 386 |       </section>
      |                 ^^^^^^^^^^^^^^^^^^^^^^^^^^^^^^^^^^^^^^^^^^^^^^^^^^^^^^^^^^^^^^^^^^^^^^^^^^^^^^^^^^^^^^
> 387 |
      | ^
> 388 |       {/* Approval Queue */}
      | ^^^^^^
  389 |       <section>
  390 |         <h2 className="text-sm font-semibold mb-3"
  391 |           style={{ color: "var(--muted)", borderBottom: "1px solid var(--card-border)", paddingBott...

Parsing ecmascript source code failed

Import trace:
  Server Component:
    ./app/admin/AdminDashboard.tsx
    ./app/admin/page.tsx @ http://localhost:3000/_next/static/chunks/node_modules_next_dist_0u_w_5s._.js:1945
[ 1724266ms] [ERROR] ./app/admin/AdminDashboard.tsx:386:17
Expected '</', got 'jsx text'
  384 |           );
  385 |         })()}
> 386 |       </section>
      |                 ^^^^^^^^^^^^^^^^^^^^^^^^^^^^^^^^^^^^^^^^^^^^^^^^^^^^^^^^^^^^^^^^^^^^^^^^^^^^^^^^^^^^^^
> 387 |
      | ^
> 388 |       {/* Approval Queue */}
      | ^^^^^^
  389 |       <section>
  390 |         <h2 className="text-sm font-semibold mb-3"
  391 |           style={{ color: "var(--muted)", borderBottom: "1px solid var(--card-border)", paddingBott...

Parsing ecmascript source code failed

Import trace:
  Server Component:
    ./app/admin/AdminDashboard.tsx
    ./app/admin/page.tsx @ http://localhost:3000/_next/static/chunks/node_modules_next_dist_0u_w_5s._.js:1945
[ 1724328ms] [ERROR] ./app/admin/AdminDashboard.tsx:386:17
Expected '</', got 'jsx text'
  384 |           );
  385 |         })()}
> 386 |       </section>
      |                 ^^^^^^^^^^^^^^^^^^^^^^^^^^^^^^^^^^^^^^^^^^^^^^^^^^^^^^^^^^^^^^^^^^^^^^^^^^^^^^^^^^^^^^
> 387 |
      | ^
> 388 |       {/* Approval Queue */}
      | ^^^^^^
  389 |       <section>
  390 |         <h2 className="text-sm font-semibold mb-3"
  391 |           style={{ color: "var(--muted)", borderBottom: "1px solid var(--card-border)", paddingBott...

Parsing ecmascript source code failed

Import trace:
  Server Component:
    ./app/admin/AdminDashboard.tsx
    ./app/admin/page.tsx @ http://localhost:3000/_next/static/chunks/node_modules_next_dist_0u_w_5s._.js:1945
[ 1724392ms] [ERROR] ./app/admin/AdminDashboard.tsx:386:17
Expected '</', got 'jsx text'
  384 |           );
  385 |         })()}
> 386 |       </section>
      |                 ^^^^^^^^^^^^^^^^^^^^^^^^^^^^^^^^^^^^^^^^^^^^^^^^^^^^^^^^^^^^^^^^^^^^^^^^^^^^^^^^^^^^^^
> 387 |
      | ^
> 388 |       {/* Approval Queue */}
      | ^^^^^^
  389 |       <section>
  390 |         <h2 className="text-sm font-semibold mb-3"
  391 |           style={{ color: "var(--muted)", borderBottom: "1px solid var(--card-border)", paddingBott...

Parsing ecmascript source code failed

Import trace:
  Server Component:
    ./app/admin/AdminDashboard.tsx
    ./app/admin/page.tsx @ http://localhost:3000/_next/static/chunks/node_modules_next_dist_0u_w_5s._.js:1945
[ 1724456ms] [ERROR] ./app/admin/AdminDashboard.tsx:386:17
Expected '</', got 'jsx text'
  384 |           );
  385 |         })()}
> 386 |       </section>
      |                 ^^^^^^^^^^^^^^^^^^^^^^^^^^^^^^^^^^^^^^^^^^^^^^^^^^^^^^^^^^^^^^^^^^^^^^^^^^^^^^^^^^^^^^
> 387 |
      | ^
> 388 |       {/* Approval Queue */}
      | ^^^^^^
  389 |       <section>
  390 |         <h2 className="text-sm font-semibold mb-3"
  391 |           style={{ color: "var(--muted)", borderBottom: "1px solid var(--card-border)", paddingBott...

Parsing ecmascript source code failed

Import trace:
  Server Component:
    ./app/admin/AdminDashboard.tsx
    ./app/admin/page.tsx @ http://localhost:3000/_next/static/chunks/node_modules_next_dist_0u_w_5s._.js:1945
[ 1724518ms] [ERROR] ./app/admin/AdminDashboard.tsx:386:17
Expected '</', got 'jsx text'
  384 |           );
  385 |         })()}
> 386 |       </section>
      |                 ^^^^^^^^^^^^^^^^^^^^^^^^^^^^^^^^^^^^^^^^^^^^^^^^^^^^^^^^^^^^^^^^^^^^^^^^^^^^^^^^^^^^^^
> 387 |
      | ^
> 388 |       {/* Approval Queue */}
      | ^^^^^^
  389 |       <section>
  390 |         <h2 className="text-sm font-semibold mb-3"
  391 |           style={{ color: "var(--muted)", borderBottom: "1px solid var(--card-border)", paddingBott...

Parsing ecmascript source code failed

Import trace:
  Server Component:
    ./app/admin/AdminDashboard.tsx
    ./app/admin/page.tsx @ http://localhost:3000/_next/static/chunks/node_modules_next_dist_0u_w_5s._.js:1945
[ 1724581ms] [ERROR] ./app/admin/AdminDashboard.tsx:386:17
Expected '</', got 'jsx text'
  384 |           );
  385 |         })()}
> 386 |       </section>
      |                 ^^^^^^^^^^^^^^^^^^^^^^^^^^^^^^^^^^^^^^^^^^^^^^^^^^^^^^^^^^^^^^^^^^^^^^^^^^^^^^^^^^^^^^
> 387 |
      | ^
> 388 |       {/* Approval Queue */}
      | ^^^^^^
  389 |       <section>
  390 |         <h2 className="text-sm font-semibold mb-3"
  391 |           style={{ color: "var(--muted)", borderBottom: "1px solid var(--card-border)", paddingBott...

Parsing ecmascript source code failed

Import trace:
  Server Component:
    ./app/admin/AdminDashboard.tsx
    ./app/admin/page.tsx @ http://localhost:3000/_next/static/chunks/node_modules_next_dist_0u_w_5s._.js:1945
[ 1724648ms] [ERROR] ./app/admin/AdminDashboard.tsx:386:17
Expected '</', got 'jsx text'
  384 |           );
  385 |         })()}
> 386 |       </section>
      |                 ^^^^^^^^^^^^^^^^^^^^^^^^^^^^^^^^^^^^^^^^^^^^^^^^^^^^^^^^^^^^^^^^^^^^^^^^^^^^^^^^^^^^^^
> 387 |
      | ^
> 388 |       {/* Approval Queue */}
      | ^^^^^^
  389 |       <section>
  390 |         <h2 className="text-sm font-semibold mb-3"
  391 |           style={{ color: "var(--muted)", borderBottom: "1px solid var(--card-border)", paddingBott...

Parsing ecmascript source code failed

Import trace:
  Server Component:
    ./app/admin/AdminDashboard.tsx
    ./app/admin/page.tsx @ http://localhost:3000/_next/static/chunks/node_modules_next_dist_0u_w_5s._.js:1945
[ 1724712ms] [ERROR] ./app/admin/AdminDashboard.tsx:386:17
Expected '</', got 'jsx text'
  384 |           );
  385 |         })()}
> 386 |       </section>
      |                 ^^^^^^^^^^^^^^^^^^^^^^^^^^^^^^^^^^^^^^^^^^^^^^^^^^^^^^^^^^^^^^^^^^^^^^^^^^^^^^^^^^^^^^
> 387 |
      | ^
> 388 |       {/* Approval Queue */}
      | ^^^^^^
  389 |       <section>
  390 |         <h2 className="text-sm font-semibold mb-3"
  391 |           style={{ color: "var(--muted)", borderBottom: "1px solid var(--card-border)", paddingBott...

Parsing ecmascript source code failed

Import trace:
  Server Component:
    ./app/admin/AdminDashboard.tsx
    ./app/admin/page.tsx @ http://localhost:3000/_next/static/chunks/node_modules_next_dist_0u_w_5s._.js:1945
[ 1724773ms] [ERROR] ./app/admin/AdminDashboard.tsx:386:17
Expected '</', got 'jsx text'
  384 |           );
  385 |         })()}
> 386 |       </section>
      |                 ^^^^^^^^^^^^^^^^^^^^^^^^^^^^^^^^^^^^^^^^^^^^^^^^^^^^^^^^^^^^^^^^^^^^^^^^^^^^^^^^^^^^^^
> 387 |
      | ^
> 388 |       {/* Approval Queue */}
      | ^^^^^^
  389 |       <section>
  390 |         <h2 className="text-sm font-semibold mb-3"
  391 |           style={{ color: "var(--muted)", borderBottom: "1px solid var(--card-border)", paddingBott...

Parsing ecmascript source code failed

Import trace:
  Server Component:
    ./app/admin/AdminDashboard.tsx
    ./app/admin/page.tsx @ http://localhost:3000/_next/static/chunks/node_modules_next_dist_0u_w_5s._.js:1945
[ 1724838ms] [ERROR] ./app/admin/AdminDashboard.tsx:386:17
Expected '</', got 'jsx text'
  384 |           );
  385 |         })()}
> 386 |       </section>
      |                 ^^^^^^^^^^^^^^^^^^^^^^^^^^^^^^^^^^^^^^^^^^^^^^^^^^^^^^^^^^^^^^^^^^^^^^^^^^^^^^^^^^^^^^
> 387 |
      | ^
> 388 |       {/* Approval Queue */}
      | ^^^^^^
  389 |       <section>
  390 |         <h2 className="text-sm font-semibold mb-3"
  391 |           style={{ color: "var(--muted)", borderBottom: "1px solid var(--card-border)", paddingBott...

Parsing ecmascript source code failed

Import trace:
  Server Component:
    ./app/admin/AdminDashboard.tsx
    ./app/admin/page.tsx @ http://localhost:3000/_next/static/chunks/node_modules_next_dist_0u_w_5s._.js:1945
[ 1724899ms] [ERROR] ./app/admin/AdminDashboard.tsx:386:17
Expected '</', got 'jsx text'
  384 |           );
  385 |         })()}
> 386 |       </section>
      |                 ^^^^^^^^^^^^^^^^^^^^^^^^^^^^^^^^^^^^^^^^^^^^^^^^^^^^^^^^^^^^^^^^^^^^^^^^^^^^^^^^^^^^^^
> 387 |
      | ^
> 388 |       {/* Approval Queue */}
      | ^^^^^^
  389 |       <section>
  390 |         <h2 className="text-sm font-semibold mb-3"
  391 |           style={{ color: "var(--muted)", borderBottom: "1px solid var(--card-border)", paddingBott...

Parsing ecmascript source code failed

Import trace:
  Server Component:
    ./app/admin/AdminDashboard.tsx
    ./app/admin/page.tsx @ http://localhost:3000/_next/static/chunks/node_modules_next_dist_0u_w_5s._.js:1945
[ 1724962ms] [ERROR] ./app/admin/AdminDashboard.tsx:386:17
Expected '</', got 'jsx text'
  384 |           );
  385 |         })()}
> 386 |       </section>
      |                 ^^^^^^^^^^^^^^^^^^^^^^^^^^^^^^^^^^^^^^^^^^^^^^^^^^^^^^^^^^^^^^^^^^^^^^^^^^^^^^^^^^^^^^
> 387 |
      | ^
> 388 |       {/* Approval Queue */}
      | ^^^^^^
  389 |       <section>
  390 |         <h2 className="text-sm font-semibold mb-3"
  391 |           style={{ color: "var(--muted)", borderBottom: "1px solid var(--card-border)", paddingBott...

Parsing ecmascript source code failed

Import trace:
  Server Component:
    ./app/admin/AdminDashboard.tsx
    ./app/admin/page.tsx @ http://localhost:3000/_next/static/chunks/node_modules_next_dist_0u_w_5s._.js:1945
[ 1725026ms] [ERROR] ./app/admin/AdminDashboard.tsx:386:17
Expected '</', got 'jsx text'
  384 |           );
  385 |         })()}
> 386 |       </section>
      |                 ^^^^^^^^^^^^^^^^^^^^^^^^^^^^^^^^^^^^^^^^^^^^^^^^^^^^^^^^^^^^^^^^^^^^^^^^^^^^^^^^^^^^^^
> 387 |
      | ^
> 388 |       {/* Approval Queue */}
      | ^^^^^^
  389 |       <section>
  390 |         <h2 className="text-sm font-semibold mb-3"
  391 |           style={{ color: "var(--muted)", borderBottom: "1px solid var(--card-border)", paddingBott...

Parsing ecmascript source code failed

Import trace:
  Server Component:
    ./app/admin/AdminDashboard.tsx
    ./app/admin/page.tsx @ http://localhost:3000/_next/static/chunks/node_modules_next_dist_0u_w_5s._.js:1945
[ 1725089ms] [ERROR] ./app/admin/AdminDashboard.tsx:386:17
Expected '</', got 'jsx text'
  384 |           );
  385 |         })()}
> 386 |       </section>
      |                 ^^^^^^^^^^^^^^^^^^^^^^^^^^^^^^^^^^^^^^^^^^^^^^^^^^^^^^^^^^^^^^^^^^^^^^^^^^^^^^^^^^^^^^
> 387 |
      | ^
> 388 |       {/* Approval Queue */}
      | ^^^^^^
  389 |       <section>
  390 |         <h2 className="text-sm font-semibold mb-3"
  391 |           style={{ color: "var(--muted)", borderBottom: "1px solid var(--card-border)", paddingBott...

Parsing ecmascript source code failed

Import trace:
  Server Component:
    ./app/admin/AdminDashboard.tsx
    ./app/admin/page.tsx @ http://localhost:3000/_next/static/chunks/node_modules_next_dist_0u_w_5s._.js:1945
[ 1725153ms] [ERROR] ./app/admin/AdminDashboard.tsx:386:17
Expected '</', got 'jsx text'
  384 |           );
  385 |         })()}
> 386 |       </section>
      |                 ^^^^^^^^^^^^^^^^^^^^^^^^^^^^^^^^^^^^^^^^^^^^^^^^^^^^^^^^^^^^^^^^^^^^^^^^^^^^^^^^^^^^^^
> 387 |
      | ^
> 388 |       {/* Approval Queue */}
      | ^^^^^^
  389 |       <section>
  390 |         <h2 className="text-sm font-semibold mb-3"
  391 |           style={{ color: "var(--muted)", borderBottom: "1px solid var(--card-border)", paddingBott...

Parsing ecmascript source code failed

Import trace:
  Server Component:
    ./app/admin/AdminDashboard.tsx
    ./app/admin/page.tsx @ http://localhost:3000/_next/static/chunks/node_modules_next_dist_0u_w_5s._.js:1945
[ 1725217ms] [ERROR] ./app/admin/AdminDashboard.tsx:386:17
Expected '</', got 'jsx text'
  384 |           );
  385 |         })()}
> 386 |       </section>
      |                 ^^^^^^^^^^^^^^^^^^^^^^^^^^^^^^^^^^^^^^^^^^^^^^^^^^^^^^^^^^^^^^^^^^^^^^^^^^^^^^^^^^^^^^
> 387 |
      | ^
> 388 |       {/* Approval Queue */}
      | ^^^^^^
  389 |       <section>
  390 |         <h2 className="text-sm font-semibold mb-3"
  391 |           style={{ color: "var(--muted)", borderBottom: "1px solid var(--card-border)", paddingBott...

Parsing ecmascript source code failed

Import trace:
  Server Component:
    ./app/admin/AdminDashboard.tsx
    ./app/admin/page.tsx @ http://localhost:3000/_next/static/chunks/node_modules_next_dist_0u_w_5s._.js:1945
[ 1725280ms] [ERROR] ./app/admin/AdminDashboard.tsx:386:17
Expected '</', got 'jsx text'
  384 |           );
  385 |         })()}
> 386 |       </section>
      |                 ^^^^^^^^^^^^^^^^^^^^^^^^^^^^^^^^^^^^^^^^^^^^^^^^^^^^^^^^^^^^^^^^^^^^^^^^^^^^^^^^^^^^^^
> 387 |
      | ^
> 388 |       {/* Approval Queue */}
      | ^^^^^^
  389 |       <section>
  390 |         <h2 className="text-sm font-semibold mb-3"
  391 |           style={{ color: "var(--muted)", borderBottom: "1px solid var(--card-border)", paddingBott...

Parsing ecmascript source code failed

Import trace:
  Server Component:
    ./app/admin/AdminDashboard.tsx
    ./app/admin/page.tsx @ http://localhost:3000/_next/static/chunks/node_modules_next_dist_0u_w_5s._.js:1945
[ 1725342ms] [ERROR] ./app/admin/AdminDashboard.tsx:386:17
Expected '</', got 'jsx text'
  384 |           );
  385 |         })()}
> 386 |       </section>
      |                 ^^^^^^^^^^^^^^^^^^^^^^^^^^^^^^^^^^^^^^^^^^^^^^^^^^^^^^^^^^^^^^^^^^^^^^^^^^^^^^^^^^^^^^
> 387 |
      | ^
> 388 |       {/* Approval Queue */}
      | ^^^^^^
  389 |       <section>
  390 |         <h2 className="text-sm font-semibold mb-3"
  391 |           style={{ color: "var(--muted)", borderBottom: "1px solid var(--card-border)", paddingBott...

Parsing ecmascript source code failed

Import trace:
  Server Component:
    ./app/admin/AdminDashboard.tsx
    ./app/admin/page.tsx @ http://localhost:3000/_next/static/chunks/node_modules_next_dist_0u_w_5s._.js:1945
[ 1725406ms] [ERROR] ./app/admin/AdminDashboard.tsx:386:17
Expected '</', got 'jsx text'
  384 |           );
  385 |         })()}
> 386 |       </section>
      |                 ^^^^^^^^^^^^^^^^^^^^^^^^^^^^^^^^^^^^^^^^^^^^^^^^^^^^^^^^^^^^^^^^^^^^^^^^^^^^^^^^^^^^^^
> 387 |
      | ^
> 388 |       {/* Approval Queue */}
      | ^^^^^^
  389 |       <section>
  390 |         <h2 className="text-sm font-semibold mb-3"
  391 |           style={{ color: "var(--muted)", borderBottom: "1px solid var(--card-border)", paddingBott...

Parsing ecmascript source code failed

Import trace:
  Server Component:
    ./app/admin/AdminDashboard.tsx
    ./app/admin/page.tsx @ http://localhost:3000/_next/static/chunks/node_modules_next_dist_0u_w_5s._.js:1945
[ 1725468ms] [ERROR] ./app/admin/AdminDashboard.tsx:386:17
Expected '</', got 'jsx text'
  384 |           );
  385 |         })()}
> 386 |       </section>
      |                 ^^^^^^^^^^^^^^^^^^^^^^^^^^^^^^^^^^^^^^^^^^^^^^^^^^^^^^^^^^^^^^^^^^^^^^^^^^^^^^^^^^^^^^
> 387 |
      | ^
> 388 |       {/* Approval Queue */}
      | ^^^^^^
  389 |       <section>
  390 |         <h2 className="text-sm font-semibold mb-3"
  391 |           style={{ color: "var(--muted)", borderBottom: "1px solid var(--card-border)", paddingBott...

Parsing ecmascript source code failed

Import trace:
  Server Component:
    ./app/admin/AdminDashboard.tsx
    ./app/admin/page.tsx @ http://localhost:3000/_next/static/chunks/node_modules_next_dist_0u_w_5s._.js:1945
[ 1725531ms] [ERROR] ./app/admin/AdminDashboard.tsx:386:17
Expected '</', got 'jsx text'
  384 |           );
  385 |         })()}
> 386 |       </section>
      |                 ^^^^^^^^^^^^^^^^^^^^^^^^^^^^^^^^^^^^^^^^^^^^^^^^^^^^^^^^^^^^^^^^^^^^^^^^^^^^^^^^^^^^^^
> 387 |
      | ^
> 388 |       {/* Approval Queue */}
      | ^^^^^^
  389 |       <section>
  390 |         <h2 className="text-sm font-semibold mb-3"
  391 |           style={{ color: "var(--muted)", borderBottom: "1px solid var(--card-border)", paddingBott...

Parsing ecmascript source code failed

Import trace:
  Server Component:
    ./app/admin/AdminDashboard.tsx
    ./app/admin/page.tsx @ http://localhost:3000/_next/static/chunks/node_modules_next_dist_0u_w_5s._.js:1945
[ 1725613ms] [ERROR] ./app/admin/AdminDashboard.tsx:386:17
Expected '</', got 'jsx text'
  384 |           );
  385 |         })()}
> 386 |       </section>
      |                 ^^^^^^^^^^^^^^^^^^^^^^^^^^^^^^^^^^^^^^^^^^^^^^^^^^^^^^^^^^^^^^^^^^^^^^^^^^^^^^^^^^^^^^
> 387 |
      | ^
> 388 |       {/* Approval Queue */}
      | ^^^^^^
  389 |       <section>
  390 |         <h2 className="text-sm font-semibold mb-3"
  391 |           style={{ color: "var(--muted)", borderBottom: "1px solid var(--card-border)", paddingBott...

Parsing ecmascript source code failed

Import trace:
  Server Component:
    ./app/admin/AdminDashboard.tsx
    ./app/admin/page.tsx @ http://localhost:3000/_next/static/chunks/node_modules_next_dist_0u_w_5s._.js:1945
[ 1725690ms] [ERROR] ./app/admin/AdminDashboard.tsx:386:17
Expected '</', got 'jsx text'
  384 |           );
  385 |         })()}
> 386 |       </section>
      |                 ^^^^^^^^^^^^^^^^^^^^^^^^^^^^^^^^^^^^^^^^^^^^^^^^^^^^^^^^^^^^^^^^^^^^^^^^^^^^^^^^^^^^^^
> 387 |
      | ^
> 388 |       {/* Approval Queue */}
      | ^^^^^^
  389 |       <section>
  390 |         <h2 className="text-sm font-semibold mb-3"
  391 |           style={{ color: "var(--muted)", borderBottom: "1px solid var(--card-border)", paddingBott...

Parsing ecmascript source code failed

Import trace:
  Server Component:
    ./app/admin/AdminDashboard.tsx
    ./app/admin/page.tsx @ http://localhost:3000/_next/static/chunks/node_modules_next_dist_0u_w_5s._.js:1945
[ 1725716ms] [LOG] [Fast Refresh] rebuilding @ http://localhost:3000/_next/static/chunks/node_modules_next_dist_0u_w_5s._.js:1226
[ 1725772ms] [LOG] [Fast Refresh] done in 74ms @ http://localhost:3000/_next/static/chunks/node_modules_next_dist_0u_w_5s._.js:1226
[ 1725905ms] [LOG] [Fast Refresh] rebuilding @ http://localhost:3000/_next/static/chunks/node_modules_next_dist_0u_w_5s._.js:1226
[ 1725964ms] [LOG] [Fast Refresh] done in 162ms @ http://localhost:3000/_next/static/chunks/node_modules_next_dist_0u_w_5s._.js:1226
[ 1726137ms] [LOG] [Fast Refresh] rebuilding @ http://localhost:3000/_next/static/chunks/node_modules_next_dist_0u_w_5s._.js:1226
[ 1726347ms] [LOG] [Fast Refresh] done in 320ms @ http://localhost:3000/_next/static/chunks/node_modules_next_dist_0u_w_5s._.js:1226
[ 1726633ms] [LOG] [Fast Refresh] rebuilding @ http://localhost:3000/_next/static/chunks/node_modules_next_dist_0u_w_5s._.js:1226
[ 1726803ms] [LOG] [Fast Refresh] done in 275ms @ http://localhost:3000/_next/static/chunks/node_modules_next_dist_0u_w_5s._.js:1226
[ 1726939ms] [LOG] [Fast Refresh] rebuilding @ http://localhost:3000/_next/static/chunks/node_modules_next_dist_0u_w_5s._.js:1226
[ 1726974ms] [LOG] [Fast Refresh] done in 148ms @ http://localhost:3000/_next/static/chunks/node_modules_next_dist_0u_w_5s._.js:1226
[ 1727689ms] [INFO] %cDownload the React DevTools for a better development experience: https://react.dev/link/react-devtools font-weight:bold @ http://localhost:3000/_next/static/chunks/node_modules_next_dist_115brz8._.js:2477
[ 1727714ms] [LOG] [HMR] connected @ http://localhost:3000/_next/static/chunks/node_modules_next_dist_115brz8._.js:2477
