[      58ms] [INFO] %cDownload the React DevTools for a better development experience: https://react.dev/link/react-devtools font-weight:bold @ http://localhost:3000/_next/static/chunks/node_modules_next_dist_115brz8._.js:2477
[      83ms] [LOG] [HMR] connected @ http://localhost:3000/_next/static/chunks/node_modules_next_dist_115brz8._.js:2477
[   54388ms] [LOG] [Fast Refresh] rebuilding @ http://localhost:3000/_next/static/chunks/node_modules_next_dist_115brz8._.js:2477
[   54415ms] [LOG] [Fast Refresh] done in 135ms @ http://localhost:3000/_next/static/chunks/node_modules_next_dist_115brz8._.js:2477
[   55498ms] [INFO] %cDownload the React DevTools for a better development experience: https://react.dev/link/react-devtools font-weight:bold @ http://localhost:3000/_next/static/chunks/node_modules_next_dist_115brz8._.js:2477
[   55514ms] [LOG] [HMR] connected @ http://localhost:3000/_next/static/chunks/node_modules_next_dist_115brz8._.js:2477
[   57439ms] [ERROR] Failed to load resource: the server responded with a status of 404 (Not Found) @ http://localhost:3000/favicon.ico:0
[  155187ms] [LOG] [Fast Refresh] rebuilding @ http://localhost:3000/_next/static/chunks/node_modules_next_dist_115brz8._.js:2477
[  155216ms] [LOG] [Fast Refresh] done in 141ms @ http://localhost:3000/_next/static/chunks/node_modules_next_dist_115brz8._.js:2477
[  177149ms] [LOG] [Fast Refresh] rebuilding @ http://localhost:3000/_next/static/chunks/node_modules_next_dist_115brz8._.js:2477
[  177224ms] [LOG] [Fast Refresh] done in 73ms @ http://localhost:3000/_next/static/chunks/node_modules_next_dist_115brz8._.js:2477
[  177459ms] [LOG] [Fast Refresh] rebuilding @ http://localhost:3000/_next/static/chunks/node_modules_next_dist_115brz8._.js:2477
[  177596ms] [LOG] [Fast Refresh] done in 237ms @ http://localhost:3000/_next/static/chunks/node_modules_next_dist_115brz8._.js:2477
[  177725ms] [LOG] [Fast Refresh] rebuilding @ http://localhost:3000/_next/static/chunks/node_modules_next_dist_115brz8._.js:2477
[  177936ms] [LOG] [Fast Refresh] done in 319ms @ http://localhost:3000/_next/static/chunks/node_modules_next_dist_115brz8._.js:2477
[  194290ms] [LOG] [Fast Refresh] rebuilding @ http://localhost:3000/_next/static/chunks/node_modules_next_dist_115brz8._.js:2477
[  194313ms] [LOG] [Fast Refresh] done in 130ms @ http://localhost:3000/_next/static/chunks/node_modules_next_dist_115brz8._.js:2477
[  195550ms] [INFO] %cDownload the React DevTools for a better development experience: https://react.dev/link/react-devtools font-weight:bold @ http://localhost:3000/_next/static/chunks/node_modules_next_dist_115brz8._.js:2477
[  195590ms] [LOG] [HMR] connected @ http://localhost:3000/_next/static/chunks/node_modules_next_dist_115brz8._.js:2477
[  195746ms] [ERROR] Failed to load resource: the server responded with a status of 404 (Not Found) @ http://localhost:3000/favicon.ico:0
[  739351ms] [LOG] [Fast Refresh] rebuilding @ http://localhost:3000/_next/static/chunks/node_modules_next_dist_115brz8._.js:2477
[  741038ms] [LOG] [Fast Refresh] done in 1799ms @ http://localhost:3000/_next/static/chunks/node_modules_next_dist_115brz8._.js:2477
[  741113ms] [LOG] [Fast Refresh] rebuilding @ http://localhost:3000/_next/static/chunks/node_modules_next_dist_115brz8._.js:2477
[  741137ms] [LOG] [Fast Refresh] done in 82ms @ http://localhost:3000/_next/static/chunks/node_modules_next_dist_115brz8._.js:2477
[  741601ms] [LOG] [Fast Refresh] rebuilding @ http://localhost:3000/_next/static/chunks/node_modules_next_dist_115brz8._.js:2477
[  741928ms] [LOG] [Fast Refresh] done in 434ms @ http://localhost:3000/_next/static/chunks/node_modules_next_dist_115brz8._.js:2477
[  756083ms] [LOG] [Fast Refresh] rebuilding @ http://localhost:3000/_next/static/chunks/node_modules_next_dist_115brz8._.js:2477
[  756124ms] [LOG] [Fast Refresh] done in 146ms @ http://localhost:3000/_next/static/chunks/node_modules_next_dist_115brz8._.js:2477
[  756237ms] [LOG] [Fast Refresh] rebuilding @ http://localhost:3000/_next/static/chunks/node_modules_next_dist_115brz8._.js:2477
[  757123ms] [LOG] [Fast Refresh] done in 936ms @ http://localhost:3000/_next/static/chunks/node_modules_next_dist_115brz8._.js:2477
[  757225ms] [LOG] [Fast Refresh] rebuilding @ http://localhost:3000/_next/static/chunks/node_modules_next_dist_115brz8._.js:2477
[  757256ms] [LOG] [Fast Refresh] done in 132ms @ http://localhost:3000/_next/static/chunks/node_modules_next_dist_115brz8._.js:2477
[  757384ms] [LOG] [Fast Refresh] rebuilding @ http://localhost:3000/_next/static/chunks/node_modules_next_dist_115brz8._.js:2477
[  757465ms] [LOG] [Fast Refresh] done in 181ms @ http://localhost:3000/_next/static/chunks/node_modules_next_dist_115brz8._.js:2477
[  758368ms] [LOG] [Fast Refresh] rebuilding @ http://localhost:3000/_next/static/chunks/node_modules_next_dist_115brz8._.js:2477
[  758427ms] [LOG] [Fast Refresh] done in 163ms @ http://localhost:3000/_next/static/chunks/node_modules_next_dist_115brz8._.js:2477
[  759182ms] [LOG] [Fast Refresh] rebuilding @ http://localhost:3000/_next/static/chunks/node_modules_next_dist_115brz8._.js:2477
[  759238ms] [LOG] [Fast Refresh] done in 161ms @ http://localhost:3000/_next/static/chunks/node_modules_next_dist_115brz8._.js:2477
[  759543ms] [LOG] [Fast Refresh] rebuilding @ http://localhost:3000/_next/static/chunks/node_modules_next_dist_115brz8._.js:2477
[  759848ms] [LOG] [Fast Refresh] done in 407ms @ http://localhost:3000/_next/static/chunks/node_modules_next_dist_115brz8._.js:2477
[  760366ms] [LOG] [Fast Refresh] rebuilding @ http://localhost:3000/_next/static/chunks/node_modules_next_dist_115brz8._.js:2477
[  760404ms] [LOG] [Fast Refresh] done in 146ms @ http://localhost:3000/_next/static/chunks/node_modules_next_dist_115brz8._.js:2477
[  760533ms] [LOG] [Fast Refresh] rebuilding @ http://localhost:3000/_next/static/chunks/node_modules_next_dist_115brz8._.js:2477
[  760573ms] [LOG] [Fast Refresh] done in 155ms @ http://localhost:3000/_next/static/chunks/node_modules_next_dist_115brz8._.js:2477
[  760682ms] [LOG] [Fast Refresh] rebuilding @ http://localhost:3000/_next/static/chunks/node_modules_next_dist_115brz8._.js:2477
[  761138ms] [LOG] [Fast Refresh] done in 564ms @ http://localhost:3000/_next/static/chunks/node_modules_next_dist_115brz8._.js:2477
[  762008ms] [LOG] [Fast Refresh] rebuilding @ http://localhost:3000/_next/static/chunks/node_modules_next_dist_115brz8._.js:2477
[  762223ms] [LOG] [Fast Refresh] done in 315ms @ http://localhost:3000/_next/static/chunks/node_modules_next_dist_115brz8._.js:2477
[  762350ms] [LOG] [Fast Refresh] rebuilding @ http://localhost:3000/_next/static/chunks/node_modules_next_dist_115brz8._.js:2477
[  762790ms] [LOG] [Fast Refresh] done in 540ms @ http://localhost:3000/_next/static/chunks/node_modules_next_dist_115brz8._.js:2477
[  763275ms] [LOG] [Fast Refresh] rebuilding @ http://localhost:3000/_next/static/chunks/node_modules_next_dist_115brz8._.js:2477
[  763355ms] [LOG] [Fast Refresh] done in 190ms @ http://localhost:3000/_next/static/chunks/node_modules_next_dist_115brz8._.js:2477
[  764976ms] [LOG] [Fast Refresh] rebuilding @ http://localhost:3000/_next/static/chunks/node_modules_next_dist_115brz8._.js:2477
[  765072ms] [LOG] [Fast Refresh] done in 198ms @ http://localhost:3000/_next/static/chunks/node_modules_next_dist_115brz8._.js:2477
[  765318ms] [LOG] [Fast Refresh] rebuilding @ http://localhost:3000/_next/static/chunks/node_modules_next_dist_115brz8._.js:2477
[  765519ms] [LOG] [Fast Refresh] done in 308ms @ http://localhost:3000/_next/static/chunks/node_modules_next_dist_115brz8._.js:2477
[  765634ms] [LOG] [Fast Refresh] rebuilding @ http://localhost:3000/_next/static/chunks/node_modules_next_dist_115brz8._.js:2477
[  765765ms] [LOG] [Fast Refresh] done in 241ms @ http://localhost:3000/_next/static/chunks/node_modules_next_dist_115brz8._.js:2477
[  809894ms] [LOG] [Fast Refresh] rebuilding @ http://localhost:3000/_next/static/chunks/node_modules_next_dist_115brz8._.js:2477
[  809964ms] [LOG] [Fast Refresh] done in 64ms @ http://localhost:3000/_next/static/chunks/node_modules_next_dist_115brz8._.js:2477
[  810236ms] [LOG] [Fast Refresh] rebuilding @ http://localhost:3000/_next/static/chunks/node_modules_next_dist_115brz8._.js:2477
[  810443ms] [LOG] [Fast Refresh] done in 311ms @ http://localhost:3000/_next/static/chunks/node_modules_next_dist_115brz8._.js:2477
[  823479ms] [LOG] [Fast Refresh] rebuilding @ http://localhost:3000/_next/static/chunks/node_modules_next_dist_115brz8._.js:2477
[  823546ms] [LOG] [Fast Refresh] done in 67ms @ http://localhost:3000/_next/static/chunks/node_modules_next_dist_115brz8._.js:2477
[  823867ms] [LOG] [Fast Refresh] rebuilding @ http://localhost:3000/_next/static/chunks/node_modules_next_dist_115brz8._.js:2477
[  824273ms] [LOG] [Fast Refresh] done in 509ms @ http://localhost:3000/_next/static/chunks/node_modules_next_dist_115brz8._.js:2477
[  836289ms] [LOG] [Fast Refresh] rebuilding @ http://localhost:3000/_next/static/chunks/node_modules_next_dist_115brz8._.js:2477
[  836368ms] [LOG] [Fast Refresh] done in 60ms @ http://localhost:3000/_next/static/chunks/node_modules_next_dist_115brz8._.js:2477
[  836623ms] [LOG] [Fast Refresh] rebuilding @ http://localhost:3000/_next/static/chunks/node_modules_next_dist_115brz8._.js:2477
[  836795ms] [LOG] [Fast Refresh] done in 276ms @ http://localhost:3000/_next/static/chunks/node_modules_next_dist_115brz8._.js:2477
[  836913ms] [LOG] [Fast Refresh] rebuilding @ http://localhost:3000/_next/static/chunks/node_modules_next_dist_115brz8._.js:2477
[  837065ms] [LOG] [Fast Refresh] done in 252ms @ http://localhost:3000/_next/static/chunks/node_modules_next_dist_115brz8._.js:2477
[  848835ms] [LOG] [Fast Refresh] rebuilding @ http://localhost:3000/_next/static/chunks/node_modules_next_dist_115brz8._.js:2477
[  848918ms] [LOG] [Fast Refresh] done in 56ms @ http://localhost:3000/_next/static/chunks/node_modules_next_dist_115brz8._.js:2477
[  849153ms] [LOG] [Fast Refresh] rebuilding @ http://localhost:3000/_next/static/chunks/node_modules_next_dist_115brz8._.js:2477
[  849363ms] [LOG] [Fast Refresh] done in 316ms @ http://localhost:3000/_next/static/chunks/node_modules_next_dist_115brz8._.js:2477
[  850185ms] [LOG] [Fast Refresh] rebuilding @ http://localhost:3000/_next/static/chunks/node_modules_next_dist_115brz8._.js:2477
[  850282ms] [LOG] [Fast Refresh] done in 211ms @ http://localhost:3000/_next/static/chunks/node_modules_next_dist_115brz8._.js:2477
[  850402ms] [LOG] [Fast Refresh] rebuilding @ http://localhost:3000/_next/static/chunks/node_modules_next_dist_115brz8._.js:2477
[  850460ms] [LOG] [Fast Refresh] done in 165ms @ http://localhost:3000/_next/static/chunks/node_modules_next_dist_115brz8._.js:2477
[  858271ms] [LOG] [Fast Refresh] rebuilding @ http://localhost:3000/_next/static/chunks/node_modules_next_dist_115brz8._.js:2477
[  858348ms] [LOG] [Fast Refresh] done in 79ms @ http://localhost:3000/_next/static/chunks/node_modules_next_dist_115brz8._.js:2477
[  858619ms] [LOG] [Fast Refresh] rebuilding @ http://localhost:3000/_next/static/chunks/node_modules_next_dist_115brz8._.js:2477
[  858839ms] [LOG] [Fast Refresh] done in 321ms @ http://localhost:3000/_next/static/chunks/node_modules_next_dist_115brz8._.js:2477
[  866988ms] [LOG] [Fast Refresh] rebuilding @ http://localhost:3000/_next/static/chunks/node_modules_next_dist_115brz8._.js:2477
[  867227ms] [LOG] [Fast Refresh] done in 342ms @ http://localhost:3000/_next/static/chunks/node_modules_next_dist_115brz8._.js:2477
[  867277ms] [LOG] [Fast Refresh] rebuilding @ http://localhost:3000/_next/static/chunks/node_modules_next_dist_115brz8._.js:2477
[  867353ms] [LOG] [Fast Refresh] done in 67ms @ http://localhost:3000/_next/static/chunks/node_modules_next_dist_115brz8._.js:2477
[  867611ms] [LOG] [Fast Refresh] rebuilding @ http://localhost:3000/_next/static/chunks/node_modules_next_dist_115brz8._.js:2477
[  867744ms] [LOG] [Fast Refresh] done in 239ms @ http://localhost:3000/_next/static/chunks/node_modules_next_dist_115brz8._.js:2477
[  891689ms] [LOG] [Fast Refresh] rebuilding @ http://localhost:3000/_next/static/chunks/node_modules_next_dist_115brz8._.js:2477
[  891761ms] [LOG] [Fast Refresh] done in 77ms @ http://localhost:3000/_next/static/chunks/node_modules_next_dist_115brz8._.js:2477
[  892201ms] [LOG] [Fast Refresh] rebuilding @ http://localhost:3000/_next/static/chunks/node_modules_next_dist_115brz8._.js:2477
[  892441ms] [LOG] [Fast Refresh] done in 342ms @ http://localhost:3000/_next/static/chunks/node_modules_next_dist_115brz8._.js:2477
[  892562ms] [LOG] [Fast Refresh] rebuilding @ http://localhost:3000/_next/static/chunks/node_modules_next_dist_115brz8._.js:2477
[  893075ms] [LOG] [Fast Refresh] done in 614ms @ http://localhost:3000/_next/static/chunks/node_modules_next_dist_115brz8._.js:2477
[  903985ms] [LOG] [Fast Refresh] rebuilding @ http://localhost:3000/_next/static/chunks/node_modules_next_dist_115brz8._.js:2477
[  904056ms] [LOG] [Fast Refresh] done in 52ms @ http://localhost:3000/_next/static/chunks/node_modules_next_dist_115brz8._.js:2477
[  904303ms] [LOG] [Fast Refresh] rebuilding @ http://localhost:3000/_next/static/chunks/node_modules_next_dist_115brz8._.js:2477
[  904504ms] [LOG] [Fast Refresh] done in 311ms @ http://localhost:3000/_next/static/chunks/node_modules_next_dist_115brz8._.js:2477
[  904895ms] [LOG] [Fast Refresh] rebuilding @ http://localhost:3000/_next/static/chunks/node_modules_next_dist_115brz8._.js:2477
[  904950ms] [LOG] [Fast Refresh] done in 161ms @ http://localhost:3000/_next/static/chunks/node_modules_next_dist_115brz8._.js:2477
[  905070ms] [LOG] [Fast Refresh] rebuilding @ http://localhost:3000/_next/static/chunks/node_modules_next_dist_115brz8._.js:2477
[  905075ms] [LOG] [Fast Refresh] done in 110ms @ http://localhost:3000/_next/static/chunks/node_modules_next_dist_115brz8._.js:2477
[  905144ms] TypeError: Cannot read properties of undefined (reading 'data')
    at AdminPage (about://React/Server/D:%5C%D7%A7%D7%9C%D7%95%D7%93%20%D7%A7%D7%95%D7%93%5C%D7%A4%D7%A8%D7%95%D7%99%D7%A7%D7%98%20%D7%A0%D7%99%D7%94%D7%95%D7%9C%20%D7%90%D7%99%D7%A8%D7%95%D7%97%20%D7%97%D7%9B%D7%9D%5C.next%5Cdev%5Cserver%5Cchunks%5Cssr%5C%5Broot-of-the-server%5D__0wjpq72._.js?18:104:250)
    at resolveErrorDev (http://localhost:3000/_next/static/chunks/node_modules_next_dist_compiled_react-server-dom-turbopack_0p3wegg._.js:1919:150)
    at processFullStringRow (http://localhost:3000/_next/static/chunks/node_modules_next_dist_compiled_react-server-dom-turbopack_0p3wegg._.js:2434:29)
    at processFullBinaryRow (http://localhost:3000/_next/static/chunks/node_modules_next_dist_compiled_react-server-dom-turbopack_0p3wegg._.js:2393:9)
    at processBinaryChunk (http://localhost:3000/_next/static/chunks/node_modules_next_dist_compiled_react-server-dom-turbopack_0p3wegg._.js:2502:221)
    at progress (http://localhost:3000/_next/static/chunks/node_modules_next_dist_compiled_react-server-dom-turbopack_0p3wegg._.js:2689:13)
[  923935ms] [LOG] [Fast Refresh] rebuilding @ http://localhost:3000/_next/static/chunks/node_modules_next_dist_115brz8._.js:2477
[  924024ms] [LOG] [Fast Refresh] done in 60ms @ http://localhost:3000/_next/static/chunks/node_modules_next_dist_115brz8._.js:2477
[  924255ms] [LOG] [Fast Refresh] rebuilding @ http://localhost:3000/_next/static/chunks/node_modules_next_dist_115brz8._.js:2477
[  924457ms] [LOG] [Fast Refresh] done in 308ms @ http://localhost:3000/_next/static/chunks/node_modules_next_dist_115brz8._.js:2477
[  924568ms] [LOG] [Fast Refresh] rebuilding @ http://localhost:3000/_next/static/chunks/node_modules_next_dist_115brz8._.js:2477
[  924579ms] [LOG] [Fast Refresh] done in 119ms @ http://localhost:3000/_next/static/chunks/node_modules_next_dist_115brz8._.js:2477
[  925233ms] [LOG] [Fast Refresh] rebuilding @ http://localhost:3000/_next/static/chunks/node_modules_next_dist_115brz8._.js:2477
[  925381ms] [LOG] [Fast Refresh] done in 261ms @ http://localhost:3000/_next/static/chunks/node_modules_next_dist_115brz8._.js:2477
[  926056ms] [INFO] %cDownload the React DevTools for a better development experience: https://react.dev/link/react-devtools font-weight:bold @ http://localhost:3000/_next/static/chunks/node_modules_next_dist_115brz8._.js:2477
[  926094ms] [LOG] [HMR] connected @ http://localhost:3000/_next/static/chunks/node_modules_next_dist_115brz8._.js:2477
[ 1036465ms] [INFO] %cDownload the React DevTools for a better development experience: https://react.dev/link/react-devtools font-weight:bold @ http://localhost:3000/_next/static/chunks/node_modules_next_dist_115brz8._.js:2477
[ 1036482ms] [LOG] [HMR] connected @ http://localhost:3000/_next/static/chunks/node_modules_next_dist_115brz8._.js:2477
[ 1036551ms] [ERROR] Failed to load resource: the server responded with a status of 404 (Not Found) @ http://localhost:3000/favicon.ico:0
[ 1325230ms] [LOG] [Fast Refresh] rebuilding @ http://localhost:3000/_next/static/chunks/node_modules_next_dist_115brz8._.js:2477
[ 1326924ms] [LOG] [Fast Refresh] done in 1803ms @ http://localhost:3000/_next/static/chunks/node_modules_next_dist_115brz8._.js:2477
[ 1326999ms] [LOG] [Fast Refresh] rebuilding @ http://localhost:3000/_next/static/chunks/node_modules_next_dist_115brz8._.js:2477
[ 1327054ms] [LOG] [Fast Refresh] done in 91ms @ http://localhost:3000/_next/static/chunks/node_modules_next_dist_115brz8._.js:2477
[ 1327576ms] [LOG] [Fast Refresh] rebuilding @ http://localhost:3000/_next/static/chunks/node_modules_next_dist_115brz8._.js:2477
[ 1327866ms] [LOG] [Fast Refresh] done in 390ms @ http://localhost:3000/_next/static/chunks/node_modules_next_dist_115brz8._.js:2477
[ 1327982ms] [LOG] [Fast Refresh] rebuilding @ http://localhost:3000/_next/static/chunks/node_modules_next_dist_115brz8._.js:2477
[ 1327999ms] [LOG] [Fast Refresh] done in 120ms @ http://localhost:3000/_next/static/chunks/node_modules_next_dist_115brz8._.js:2477
[ 1345797ms] [LOG] [Fast Refresh] rebuilding @ http://localhost:3000/_next/static/chunks/node_modules_next_dist_115brz8._.js:2477
[ 1345859ms] [LOG] [Fast Refresh] done in 51ms @ http://localhost:3000/_next/static/chunks/node_modules_next_dist_115brz8._.js:2477
[ 1346138ms] [LOG] [Fast Refresh] rebuilding @ http://localhost:3000/_next/static/chunks/node_modules_next_dist_115brz8._.js:2477
[ 1346356ms] [LOG] [Fast Refresh] done in 326ms @ http://localhost:3000/_next/static/chunks/node_modules_next_dist_115brz8._.js:2477
[ 1375757ms] [LOG] [Fast Refresh] rebuilding @ http://localhost:3000/_next/static/chunks/node_modules_next_dist_115brz8._.js:2477
[ 1375883ms] [LOG] [Fast Refresh] done in 210ms @ http://localhost:3000/_next/static/chunks/node_modules_next_dist_115brz8._.js:2477
[ 1376020ms] [LOG] [Fast Refresh] rebuilding @ http://localhost:3000/_next/static/chunks/node_modules_next_dist_115brz8._.js:2477
[ 1376113ms] [LOG] [Fast Refresh] done in 84ms @ http://localhost:3000/_next/static/chunks/node_modules_next_dist_115brz8._.js:2477
[ 1376511ms] [LOG] [Fast Refresh] rebuilding @ http://localhost:3000/_next/static/chunks/node_modules_next_dist_115brz8._.js:2477
[ 1377094ms] [LOG] [Fast Refresh] done in 687ms @ http://localhost:3000/_next/static/chunks/node_modules_next_dist_115brz8._.js:2477
[ 2307654ms] [LOG] [Fast Refresh] rebuilding @ http://localhost:3000/_next/static/chunks/node_modules_next_dist_115brz8._.js:2477
[ 2309392ms] [LOG] [Fast Refresh] done in 1840ms @ http://localhost:3000/_next/static/chunks/node_modules_next_dist_115brz8._.js:2477
[ 2309447ms] [LOG] [Fast Refresh] rebuilding @ http://localhost:3000/_next/static/chunks/node_modules_next_dist_115brz8._.js:2477
[ 2309532ms] [LOG] [Fast Refresh] done in 76ms @ http://localhost:3000/_next/static/chunks/node_modules_next_dist_115brz8._.js:2477
[ 2310294ms] [LOG] [Fast Refresh] rebuilding @ http://localhost:3000/_next/static/chunks/node_modules_next_dist_115brz8._.js:2477
[ 2310556ms] [LOG] [Fast Refresh] done in 368ms @ http://localhost:3000/_next/static/chunks/node_modules_next_dist_115brz8._.js:2477
[ 2324995ms] [LOG] [Fast Refresh] rebuilding @ http://localhost:3000/_next/static/chunks/node_modules_next_dist_115brz8._.js:2477
[ 2325099ms] [LOG] [Fast Refresh] done in 171ms @ http://localhost:3000/_next/static/chunks/node_modules_next_dist_115brz8._.js:2477
[ 2325361ms] [LOG] [Fast Refresh] rebuilding @ http://localhost:3000/_next/static/chunks/node_modules_next_dist_115brz8._.js:2477
[ 2325492ms] [LOG] [Fast Refresh] done in 244ms @ http://localhost:3000/_next/static/chunks/node_modules_next_dist_115brz8._.js:2477
[ 2325625ms] [LOG] [Fast Refresh] rebuilding @ http://localhost:3000/_next/static/chunks/node_modules_next_dist_115brz8._.js:2477
[ 2326360ms] [LOG] [Fast Refresh] done in 846ms @ http://localhost:3000/_next/static/chunks/node_modules_next_dist_115brz8._.js:2477
[ 2388107ms] [LOG] [Fast Refresh] rebuilding @ http://localhost:3000/_next/static/chunks/node_modules_next_dist_115brz8._.js:2477
[ 2389856ms] [LOG] [Fast Refresh] done in 1857ms @ http://localhost:3000/_next/static/chunks/node_modules_next_dist_115brz8._.js:2477
[ 2389913ms] [LOG] [Fast Refresh] rebuilding @ http://localhost:3000/_next/static/chunks/node_modules_next_dist_115brz8._.js:2477
[ 2389996ms] [LOG] [Fast Refresh] done in 74ms @ http://localhost:3000/_next/static/chunks/node_modules_next_dist_115brz8._.js:2477
[ 2390413ms] [LOG] [Fast Refresh] rebuilding @ http://localhost:3000/_next/static/chunks/node_modules_next_dist_115brz8._.js:2477
[ 2390773ms] [LOG] [Fast Refresh] done in 461ms @ http://localhost:3000/_next/static/chunks/node_modules_next_dist_115brz8._.js:2477
[ 2422463ms] [LOG] [Fast Refresh] rebuilding @ http://localhost:3000/_next/static/chunks/node_modules_next_dist_115brz8._.js:2477
[ 2422717ms] [LOG] [Fast Refresh] done in 355ms @ http://localhost:3000/_next/static/chunks/node_modules_next_dist_115brz8._.js:2477
[ 2422824ms] [LOG] [Fast Refresh] rebuilding @ http://localhost:3000/_next/static/chunks/node_modules_next_dist_115brz8._.js:2477
[ 2422903ms] [LOG] [Fast Refresh] done in 101ms @ http://localhost:3000/_next/static/chunks/node_modules_next_dist_115brz8._.js:2477
[ 2423158ms] [LOG] [Fast Refresh] rebuilding @ http://localhost:3000/_next/static/chunks/node_modules_next_dist_115brz8._.js:2477
[ 2423308ms] [LOG] [Fast Refresh] done in 254ms @ http://localhost:3000/_next/static/chunks/node_modules_next_dist_115brz8._.js:2477
[ 2423421ms] [LOG] [Fast Refresh] rebuilding @ http://localhost:3000/_next/static/chunks/node_modules_next_dist_115brz8._.js:2477
[ 2423662ms] [LOG] [Fast Refresh] done in 343ms @ http://localhost:3000/_next/static/chunks/node_modules_next_dist_115brz8._.js:2477
[ 2459465ms] [LOG] [Fast Refresh] rebuilding @ http://localhost:3000/_next/static/chunks/node_modules_next_dist_115brz8._.js:2477
[ 2459711ms] [LOG] [Fast Refresh] done in 346ms @ http://localhost:3000/_next/static/chunks/node_modules_next_dist_115brz8._.js:2477
[ 2459818ms] [LOG] [Fast Refresh] rebuilding @ http://localhost:3000/_next/static/chunks/node_modules_next_dist_115brz8._.js:2477
[ 2459895ms] [LOG] [Fast Refresh] done in 72ms @ http://localhost:3000/_next/static/chunks/node_modules_next_dist_115brz8._.js:2477
[ 2496902ms] [LOG] [Fast Refresh] rebuilding @ http://localhost:3000/_next/static/chunks/node_modules_next_dist_115brz8._.js:2477
[ 2496917ms] [LOG] [Fast Refresh] done in 116ms @ http://localhost:3000/_next/static/chunks/node_modules_next_dist_115brz8._.js:2477
[ 2497099ms] [LOG] [Fast Refresh] rebuilding @ http://localhost:3000/_next/static/chunks/node_modules_next_dist_115brz8._.js:2477
[ 2497175ms] [LOG] [Fast Refresh] done in 88ms @ http://localhost:3000/_next/static/chunks/node_modules_next_dist_115brz8._.js:2477
[ 2497432ms] [LOG] [Fast Refresh] rebuilding @ http://localhost:3000/_next/static/chunks/node_modules_next_dist_115brz8._.js:2477
[ 2497797ms] [LOG] [Fast Refresh] done in 466ms @ http://localhost:3000/_next/static/chunks/node_modules_next_dist_115brz8._.js:2477
[ 2521834ms] [LOG] [Fast Refresh] rebuilding @ http://localhost:3000/_next/static/chunks/node_modules_next_dist_115brz8._.js:2477
[ 2521834ms] [LOG] [Fast Refresh] done in 105ms @ http://localhost:3000/_next/static/chunks/node_modules_next_dist_115brz8._.js:2477
[ 2521916ms] [LOG] [Fast Refresh] rebuilding @ http://localhost:3000/_next/static/chunks/node_modules_next_dist_115brz8._.js:2477
[ 2521987ms] [LOG] [Fast Refresh] done in 67ms @ http://localhost:3000/_next/static/chunks/node_modules_next_dist_115brz8._.js:2477
[ 2522297ms] [LOG] [Fast Refresh] rebuilding @ http://localhost:3000/_next/static/chunks/node_modules_next_dist_115brz8._.js:2477
[ 2522429ms] [LOG] [Fast Refresh] done in 239ms @ http://localhost:3000/_next/static/chunks/node_modules_next_dist_115brz8._.js:2477
[ 2523447ms] [LOG] [Fast Refresh] rebuilding @ http://localhost:3000/_next/static/chunks/node_modules_next_dist_115brz8._.js:2477
[ 2523479ms] [LOG] [Fast Refresh] done in 136ms @ http://localhost:3000/_next/static/chunks/node_modules_next_dist_115brz8._.js:2477
[ 2523682ms] [LOG] [Fast Refresh] rebuilding @ http://localhost:3000/_next/static/chunks/node_modules_next_dist_115brz8._.js:2477
[ 2523736ms] [LOG] [Fast Refresh] done in 155ms @ http://localhost:3000/_next/static/chunks/node_modules_next_dist_115brz8._.js:2477
[ 2544975ms] [LOG] [Fast Refresh] rebuilding @ http://localhost:3000/_next/static/chunks/node_modules_next_dist_115brz8._.js:2477
[ 2545214ms] [LOG] [Fast Refresh] done in 344ms @ http://localhost:3000/_next/static/chunks/node_modules_next_dist_115brz8._.js:2477
[ 2545307ms] [LOG] [Fast Refresh] rebuilding @ http://localhost:3000/_next/static/chunks/node_modules_next_dist_115brz8._.js:2477
[ 2545395ms] [LOG] [Fast Refresh] done in 47ms @ http://localhost:3000/_next/static/chunks/node_modules_next_dist_115brz8._.js:2477
[ 2545741ms] [LOG] [Fast Refresh] rebuilding @ http://localhost:3000/_next/static/chunks/node_modules_next_dist_115brz8._.js:2477
[ 2546046ms] [LOG] [Fast Refresh] done in 413ms @ http://localhost:3000/_next/static/chunks/node_modules_next_dist_115brz8._.js:2477
[ 2546181ms] [LOG] [Fast Refresh] rebuilding @ http://localhost:3000/_next/static/chunks/node_modules_next_dist_115brz8._.js:2477
[ 2546207ms] [LOG] [Fast Refresh] done in 140ms @ http://localhost:3000/_next/static/chunks/node_modules_next_dist_115brz8._.js:2477
[ 2546399ms] [LOG] [Fast Refresh] rebuilding @ http://localhost:3000/_next/static/chunks/node_modules_next_dist_115brz8._.js:2477
[ 2546438ms] [LOG] [Fast Refresh] done in 140ms @ http://localhost:3000/_next/static/chunks/node_modules_next_dist_115brz8._.js:2477
[ 2741530ms] [LOG] [Fast Refresh] rebuilding @ http://localhost:3000/_next/static/chunks/node_modules_next_dist_115brz8._.js:2477
[ 2743122ms] [LOG] [Fast Refresh] done in 1695ms @ http://localhost:3000/_next/static/chunks/node_modules_next_dist_115brz8._.js:2477
[ 2743267ms] [LOG] [Fast Refresh] rebuilding @ http://localhost:3000/_next/static/chunks/node_modules_next_dist_115brz8._.js:2477
[ 2743312ms] [LOG] [Fast Refresh] done in 91ms @ http://localhost:3000/_next/static/chunks/node_modules_next_dist_115brz8._.js:2477
[ 2743935ms] [LOG] [Fast Refresh] rebuilding @ http://localhost:3000/_next/static/chunks/node_modules_next_dist_115brz8._.js:2477
[ 2744154ms] [LOG] [Fast Refresh] done in 324ms @ http://localhost:3000/_next/static/chunks/node_modules_next_dist_115brz8._.js:2477
[ 2744268ms] [LOG] [Fast Refresh] rebuilding @ http://localhost:3000/_next/static/chunks/node_modules_next_dist_115brz8._.js:2477
[ 2744346ms] [LOG] [Fast Refresh] done in 180ms @ http://localhost:3000/_next/static/chunks/node_modules_next_dist_115brz8._.js:2477
[ 2744482ms] [LOG] [Fast Refresh] rebuilding @ http://localhost:3000/_next/static/chunks/node_modules_next_dist_115brz8._.js:2477
[ 2744625ms] [LOG] [Fast Refresh] done in 255ms @ http://localhost:3000/_next/static/chunks/node_modules_next_dist_115brz8._.js:2477
[ 2801234ms] [LOG] [Fast Refresh] rebuilding @ http://localhost:3000/_next/static/chunks/node_modules_next_dist_115brz8._.js:2477
[ 2802946ms] [LOG] [Fast Refresh] done in 1813ms @ http://localhost:3000/_next/static/chunks/node_modules_next_dist_115brz8._.js:2477
[ 2802994ms] [LOG] [Fast Refresh] rebuilding @ http://localhost:3000/_next/static/chunks/node_modules_next_dist_115brz8._.js:2477
[ 2803078ms] [LOG] [Fast Refresh] done in 64ms @ http://localhost:3000/_next/static/chunks/node_modules_next_dist_115brz8._.js:2477
[ 2803368ms] [LOG] [Fast Refresh] rebuilding @ http://localhost:3000/_next/static/chunks/node_modules_next_dist_115brz8._.js:2477
[ 2803721ms] [LOG] [Fast Refresh] done in 458ms @ http://localhost:3000/_next/static/chunks/node_modules_next_dist_115brz8._.js:2477
[ 3917727ms] [LOG] [Fast Refresh] rebuilding @ http://localhost:3000/_next/static/chunks/node_modules_next_dist_115brz8._.js:2477
[ 3919293ms] [LOG] [Fast Refresh] done in 1679ms @ http://localhost:3000/_next/static/chunks/node_modules_next_dist_115brz8._.js:2477
[ 3919436ms] [LOG] [Fast Refresh] rebuilding @ http://localhost:3000/_next/static/chunks/node_modules_next_dist_115brz8._.js:2477
[ 3919512ms] [LOG] [Fast Refresh] done in 96ms @ http://localhost:3000/_next/static/chunks/node_modules_next_dist_115brz8._.js:2477
[ 3920320ms] [LOG] [Fast Refresh] rebuilding @ http://localhost:3000/_next/static/chunks/node_modules_next_dist_115brz8._.js:2477
[ 3920518ms] [LOG] [Fast Refresh] done in 299ms @ http://localhost:3000/_next/static/chunks/node_modules_next_dist_115brz8._.js:2477
[ 3927512ms] [LOG] [Fast Refresh] rebuilding @ http://localhost:3000/_next/static/chunks/node_modules_next_dist_115brz8._.js:2477
[ 3927594ms] [LOG] [Fast Refresh] done in 76ms @ http://localhost:3000/_next/static/chunks/node_modules_next_dist_115brz8._.js:2477
[ 3927839ms] [LOG] [Fast Refresh] rebuilding @ http://localhost:3000/_next/static/chunks/node_modules_next_dist_115brz8._.js:2477
[ 3928548ms] [LOG] [Fast Refresh] done in 822ms @ http://localhost:3000/_next/static/chunks/node_modules_next_dist_115brz8._.js:2477
[ 3928672ms] [LOG] [Fast Refresh] rebuilding @ http://localhost:3000/_next/static/chunks/node_modules_next_dist_115brz8._.js:2477
[ 3928691ms] [LOG] [Fast Refresh] done in 132ms @ http://localhost:3000/_next/static/chunks/node_modules_next_dist_115brz8._.js:2477
[ 3950137ms] [LOG] [Fast Refresh] rebuilding @ http://localhost:3000/_next/static/chunks/node_modules_next_dist_115brz8._.js:2477
[ 3950202ms] [LOG] [Fast Refresh] done in 75ms @ http://localhost:3000/_next/static/chunks/node_modules_next_dist_115brz8._.js:2477
[ 3950475ms] [LOG] [Fast Refresh] rebuilding @ http://localhost:3000/_next/static/chunks/node_modules_next_dist_115brz8._.js:2477
[ 3950825ms] [LOG] [Fast Refresh] done in 465ms @ http://localhost:3000/_next/static/chunks/node_modules_next_dist_115brz8._.js:2477
[ 3957991ms] [LOG] [Fast Refresh] rebuilding @ http://localhost:3000/_next/static/chunks/node_modules_next_dist_115brz8._.js:2477
[ 3958309ms] [ERROR] ./app/admin/AdminDashboard.tsx:908:9
Expected corresponding JSX closing tag for <main>
  906 |           </div>
  907 |         </div>
> 908 |       </section>
      |         ^^^^^^^
  909 |
  910 |       {/* תוצאות חיפוש */}
  911 |       <div>

Parsing ecmascript source code failed

Import trace:
  Server Component:
    ./app/admin/AdminDashboard.tsx
    ./app/admin/page.tsx @ http://localhost:3000/_next/static/chunks/node_modules_next_dist_115brz8._.js:3318
[ 3958380ms] [ERROR] ./app/admin/AdminDashboard.tsx:908:9
Expected corresponding JSX closing tag for <main>
  906 |           </div>
  907 |         </div>
> 908 |       </section>
      |         ^^^^^^^
  909 |
  910 |       {/* תוצאות חיפוש */}
  911 |       <div>

Parsing ecmascript source code failed

Import trace:
  Server Component:
    ./app/admin/AdminDashboard.tsx
    ./app/admin/page.tsx @ http://localhost:3000/_next/static/chunks/node_modules_next_dist_115brz8._.js:3318
[ 3958445ms] [ERROR] ./app/admin/AdminDashboard.tsx:908:9
Expected corresponding JSX closing tag for <main>
  906 |           </div>
  907 |         </div>
> 908 |       </section>
      |         ^^^^^^^
  909 |
  910 |       {/* תוצאות חיפוש */}
  911 |       <div>

Parsing ecmascript source code failed

Import trace:
  Server Component:
    ./app/admin/AdminDashboard.tsx
    ./app/admin/page.tsx @ http://localhost:3000/_next/static/chunks/node_modules_next_dist_115brz8._.js:3318
[ 3958503ms] [ERROR] ./app/admin/AdminDashboard.tsx:908:9
Expected corresponding JSX closing tag for <main>
  906 |           </div>
  907 |         </div>
> 908 |       </section>
      |         ^^^^^^^
  909 |
  910 |       {/* תוצאות חיפוש */}
  911 |       <div>

Parsing ecmascript source code failed

Import trace:
  Server Component:
    ./app/admin/AdminDashboard.tsx
    ./app/admin/page.tsx @ http://localhost:3000/_next/static/chunks/node_modules_next_dist_115brz8._.js:3318
[ 3958628ms] [LOG] [Fast Refresh] rebuilding @ http://localhost:3000/_next/static/chunks/node_modules_next_dist_115brz8._.js:2477
[ 3958656ms] [ERROR] ./app/admin/AdminDashboard.tsx:908:9
Expected corresponding JSX closing tag for <main>
  906 |           </div>
  907 |         </div>
> 908 |       </section>
      |         ^^^^^^^
  909 |
  910 |       {/* תוצאות חיפוש */}
  911 |       <div>

Parsing ecmascript source code failed

Import trace:
  Server Component:
    ./app/admin/AdminDashboard.tsx
    ./app/admin/page.tsx @ http://localhost:3000/_next/static/chunks/node_modules_next_dist_115brz8._.js:3318
[ 3958660ms] [ERROR] Failed to load resource: the server responded with a status of 500 (Internal Server Error) @ http://localhost:3000/admin?_rsc=sfA7Dkwq5TKmib31:0
[ 3958721ms] [ERROR] ./app/admin/AdminDashboard.tsx:908:9
Expected corresponding JSX closing tag for <main>
  906 |           </div>
  907 |         </div>
> 908 |       </section>
      |         ^^^^^^^
  909 |
  910 |       {/* תוצאות חיפוש */}
  911 |       <div>

Parsing ecmascript source code failed

Import trace:
  Server Component:
    ./app/admin/AdminDashboard.tsx
    ./app/admin/page.tsx @ http://localhost:3000/_next/static/chunks/node_modules_next_dist_115brz8._.js:3318
[ 3958723ms] [ERROR] ./app/admin/AdminDashboard.tsx:908:9
Expected corresponding JSX closing tag for <main>
  906 |           </div>
  907 |         </div>
> 908 |       </section>
      |         ^^^^^^^
  909 |
  910 |       {/* תוצאות חיפוש */}
  911 |       <div>

Parsing ecmascript source code failed

Import trace:
  Server Component:
    ./app/admin/AdminDashboard.tsx
    ./app/admin/page.tsx @ http://localhost:3000/_next/static/chunks/node_modules_next_dist_115brz8._.js:3318
[ 3958780ms] [ERROR] ./app/admin/AdminDashboard.tsx:908:9
Expected corresponding JSX closing tag for <main>
  906 |           </div>
  907 |         </div>
> 908 |       </section>
      |         ^^^^^^^
  909 |
  910 |       {/* תוצאות חיפוש */}
  911 |       <div>

Parsing ecmascript source code failed

Import trace:
  Server Component:
    ./app/admin/AdminDashboard.tsx
    ./app/admin/page.tsx @ http://localhost:3000/_next/static/chunks/node_modules_next_dist_115brz8._.js:3318
[ 3958852ms] [ERROR] Failed to load resource: the server responded with a status of 500 (Internal Server Error) @ http://localhost:3000/admin?_rsc=sfA7Dkwq5TKmib31:0
[ 3958903ms] [LOG] [Fast Refresh] rebuilding @ http://localhost:3000/_next/static/chunks/node_modules_next_dist_115brz8._.js:2477
[ 3959042ms] [ERROR] Failed to load resource: the server responded with a status of 500 (Internal Server Error) @ http://localhost:3000/admin:0
[ 3959275ms] [INFO] %cDownload the React DevTools for a better development experience: https://react.dev/link/react-devtools font-weight:bold @ http://localhost:3000/_next/static/chunks/node_modules_react-dom_0bruynb._.js:15305
[ 3959289ms] Error: ./app/admin/AdminDashboard.tsx:908:9
Expected corresponding JSX closing tag for <main>
  906 |           </div>
  907 |         </div>
> 908 |       </section>
      |         ^^^^^^^
  909 |
  910 |       {/* תוצאות חיפוש */}
  911 |       <div>

Parsing ecmascript source code failed

Import trace:
  Server Component:
    ./app/admin/AdminDashboard.tsx
    ./app/admin/page.tsx


    at <unknown> (Error: ./app/admin/AdminDashboard.tsx:908:9)
    at Object.getCompilationErrors (file://D:\קלוד קוד\פרויקט ניהול אירוח חכם\node_modules\next\dist\server\dev\hot-reloader-turbopack.js:1186:59)
    at DevBundlerService.getCompilationError (file://D:\קלוד קוד\פרויקט ניהול אירוח חכם\node_modules\next\dist\server\lib\dev-bundler-service.js:44:55)
    at DevServer.getCompilationError (file://D:\קלוד קוד\פרויקט ניהול אירוח חכם\node_modules\next\dist\server\dev\next-dev-server.js:720:42)
    at DevServer.findPageComponents (file://D:\קלוד קוד\פרויקט ניהול אירוח חכם\node_modules\next\dist\server\dev\next-dev-server.js:690:43)
    at async DevServer.renderErrorToResponseImpl (file://D:\קלוד קוד\פרויקט ניהול אירוח חכם\node_modules\next\dist\server\base-server.js:1753:26)
[ 3959609ms] [LOG] [HMR] connected @ http://localhost:3000/_next/static/chunks/node_modules_next_dist_0u_w_5s._.js:1226
[ 3959757ms] [ERROR] ./app/admin/AdminDashboard.tsx:908:9
Expected corresponding JSX closing tag for <main>
  906 |           </div>
  907 |         </div>
> 908 |       </section>
      |         ^^^^^^^
  909 |
  910 |       {/* תוצאות חיפוש */}
  911 |       <div>

Parsing ecmascript source code failed

Import trace:
  Server Component:
    ./app/admin/AdminDashboard.tsx
    ./app/admin/page.tsx @ http://localhost:3000/_next/static/chunks/node_modules_next_dist_0u_w_5s._.js:1945
[ 3959759ms] [ERROR] ./app/admin/AdminDashboard.tsx:908:9
Expected corresponding JSX closing tag for <main>
  906 |           </div>
  907 |         </div>
> 908 |       </section>
      |         ^^^^^^^
  909 |
  910 |       {/* תוצאות חיפוש */}
  911 |       <div>

Parsing ecmascript source code failed

Import trace:
  Server Component:
    ./app/admin/AdminDashboard.tsx
    ./app/admin/page.tsx @ http://localhost:3000/_next/static/chunks/node_modules_next_dist_0u_w_5s._.js:1945
[ 3959797ms] [ERROR] ./app/admin/AdminDashboard.tsx:908:9
Expected corresponding JSX closing tag for <main>
  906 |           </div>
  907 |         </div>
> 908 |       </section>
      |         ^^^^^^^
  909 |
  910 |       {/* תוצאות חיפוש */}
  911 |       <div>

Parsing ecmascript source code failed

Import trace:
  Server Component:
    ./app/admin/AdminDashboard.tsx
    ./app/admin/page.tsx @ http://localhost:3000/_next/static/chunks/node_modules_next_dist_0u_w_5s._.js:1945
[ 3959801ms] [ERROR] ./app/admin/AdminDashboard.tsx:908:9
Expected corresponding JSX closing tag for <main>
  906 |           </div>
  907 |         </div>
> 908 |       </section>
      |         ^^^^^^^
  909 |
  910 |       {/* תוצאות חיפוש */}
  911 |       <div>

Parsing ecmascript source code failed

Import trace:
  Server Component:
    ./app/admin/AdminDashboard.tsx
    ./app/admin/page.tsx @ http://localhost:3000/_next/static/chunks/node_modules_next_dist_0u_w_5s._.js:1945
[ 3959876ms] [ERROR] ./app/admin/AdminDashboard.tsx:908:9
Expected corresponding JSX closing tag for <main>
  906 |           </div>
  907 |         </div>
> 908 |       </section>
      |         ^^^^^^^
  909 |
  910 |       {/* תוצאות חיפוש */}
  911 |       <div>

Parsing ecmascript source code failed

Import trace:
  Server Component:
    ./app/admin/AdminDashboard.tsx
    ./app/admin/page.tsx @ http://localhost:3000/_next/static/chunks/node_modules_next_dist_0u_w_5s._.js:1945
[ 3959937ms] [ERROR] ./app/admin/AdminDashboard.tsx:908:9
Expected corresponding JSX closing tag for <main>
  906 |           </div>
  907 |         </div>
> 908 |       </section>
      |         ^^^^^^^
  909 |
  910 |       {/* תוצאות חיפוש */}
  911 |       <div>

Parsing ecmascript source code failed

Import trace:
  Server Component:
    ./app/admin/AdminDashboard.tsx
    ./app/admin/page.tsx @ http://localhost:3000/_next/static/chunks/node_modules_next_dist_0u_w_5s._.js:1945
[ 3959998ms] [ERROR] ./app/admin/AdminDashboard.tsx:908:9
Expected corresponding JSX closing tag for <main>
  906 |           </div>
  907 |         </div>
> 908 |       </section>
      |         ^^^^^^^
  909 |
  910 |       {/* תוצאות חיפוש */}
  911 |       <div>

Parsing ecmascript source code failed

Import trace:
  Server Component:
    ./app/admin/AdminDashboard.tsx
    ./app/admin/page.tsx @ http://localhost:3000/_next/static/chunks/node_modules_next_dist_0u_w_5s._.js:1945
[ 3960060ms] [ERROR] ./app/admin/AdminDashboard.tsx:908:9
Expected corresponding JSX closing tag for <main>
  906 |           </div>
  907 |         </div>
> 908 |       </section>
      |         ^^^^^^^
  909 |
  910 |       {/* תוצאות חיפוש */}
  911 |       <div>

Parsing ecmascript source code failed

Import trace:
  Server Component:
    ./app/admin/AdminDashboard.tsx
    ./app/admin/page.tsx @ http://localhost:3000/_next/static/chunks/node_modules_next_dist_0u_w_5s._.js:1945
[ 3960126ms] [ERROR] ./app/admin/AdminDashboard.tsx:908:9
Expected corresponding JSX closing tag for <main>
  906 |           </div>
  907 |         </div>
> 908 |       </section>
      |         ^^^^^^^
  909 |
  910 |       {/* תוצאות חיפוש */}
  911 |       <div>

Parsing ecmascript source code failed

Import trace:
  Server Component:
    ./app/admin/AdminDashboard.tsx
    ./app/admin/page.tsx @ http://localhost:3000/_next/static/chunks/node_modules_next_dist_0u_w_5s._.js:1945
[ 3960191ms] [ERROR] ./app/admin/AdminDashboard.tsx:908:9
Expected corresponding JSX closing tag for <main>
  906 |           </div>
  907 |         </div>
> 908 |       </section>
      |         ^^^^^^^
  909 |
  910 |       {/* תוצאות חיפוש */}
  911 |       <div>

Parsing ecmascript source code failed

Import trace:
  Server Component:
    ./app/admin/AdminDashboard.tsx
    ./app/admin/page.tsx @ http://localhost:3000/_next/static/chunks/node_modules_next_dist_0u_w_5s._.js:1945
[ 3960267ms] [ERROR] ./app/admin/AdminDashboard.tsx:908:9
Expected corresponding JSX closing tag for <main>
  906 |           </div>
  907 |         </div>
> 908 |       </section>
      |         ^^^^^^^
  909 |
  910 |       {/* תוצאות חיפוש */}
  911 |       <div>

Parsing ecmascript source code failed

Import trace:
  Server Component:
    ./app/admin/AdminDashboard.tsx
    ./app/admin/page.tsx @ http://localhost:3000/_next/static/chunks/node_modules_next_dist_0u_w_5s._.js:1945
[ 3960345ms] [ERROR] ./app/admin/AdminDashboard.tsx:908:9
Expected corresponding JSX closing tag for <main>
  906 |           </div>
  907 |         </div>
> 908 |       </section>
      |         ^^^^^^^
  909 |
  910 |       {/* תוצאות חיפוש */}
  911 |       <div>

Parsing ecmascript source code failed

Import trace:
  Server Component:
    ./app/admin/AdminDashboard.tsx
    ./app/admin/page.tsx @ http://localhost:3000/_next/static/chunks/node_modules_next_dist_0u_w_5s._.js:1945
[ 3960425ms] [ERROR] ./app/admin/AdminDashboard.tsx:908:9
Expected corresponding JSX closing tag for <main>
  906 |           </div>
  907 |         </div>
> 908 |       </section>
      |         ^^^^^^^
  909 |
  910 |       {/* תוצאות חיפוש */}
  911 |       <div>

Parsing ecmascript source code failed

Import trace:
  Server Component:
    ./app/admin/AdminDashboard.tsx
    ./app/admin/page.tsx @ http://localhost:3000/_next/static/chunks/node_modules_next_dist_0u_w_5s._.js:1945
[ 3960493ms] [ERROR] ./app/admin/AdminDashboard.tsx:908:9
Expected corresponding JSX closing tag for <main>
  906 |           </div>
  907 |         </div>
> 908 |       </section>
      |         ^^^^^^^
  909 |
  910 |       {/* תוצאות חיפוש */}
  911 |       <div>

Parsing ecmascript source code failed

Import trace:
  Server Component:
    ./app/admin/AdminDashboard.tsx
    ./app/admin/page.tsx @ http://localhost:3000/_next/static/chunks/node_modules_next_dist_0u_w_5s._.js:1945
[ 3960553ms] [ERROR] ./app/admin/AdminDashboard.tsx:908:9
Expected corresponding JSX closing tag for <main>
  906 |           </div>
  907 |         </div>
> 908 |       </section>
      |         ^^^^^^^
  909 |
  910 |       {/* תוצאות חיפוש */}
  911 |       <div>

Parsing ecmascript source code failed

Import trace:
  Server Component:
    ./app/admin/AdminDashboard.tsx
    ./app/admin/page.tsx @ http://localhost:3000/_next/static/chunks/node_modules_next_dist_0u_w_5s._.js:1945
[ 3960609ms] [ERROR] ./app/admin/AdminDashboard.tsx:908:9
Expected corresponding JSX closing tag for <main>
  906 |           </div>
  907 |         </div>
> 908 |       </section>
      |         ^^^^^^^
  909 |
  910 |       {/* תוצאות חיפוש */}
  911 |       <div>

Parsing ecmascript source code failed

Import trace:
  Server Component:
    ./app/admin/AdminDashboard.tsx
    ./app/admin/page.tsx @ http://localhost:3000/_next/static/chunks/node_modules_next_dist_0u_w_5s._.js:1945
[ 3960669ms] [ERROR] ./app/admin/AdminDashboard.tsx:908:9
Expected corresponding JSX closing tag for <main>
  906 |           </div>
  907 |         </div>
> 908 |       </section>
      |         ^^^^^^^
  909 |
  910 |       {/* תוצאות חיפוש */}
  911 |       <div>

Parsing ecmascript source code failed

Import trace:
  Server Component:
    ./app/admin/AdminDashboard.tsx
    ./app/admin/page.tsx @ http://localhost:3000/_next/static/chunks/node_modules_next_dist_0u_w_5s._.js:1945
[ 3960733ms] [ERROR] ./app/admin/AdminDashboard.tsx:908:9
Expected corresponding JSX closing tag for <main>
  906 |           </div>
  907 |         </div>
> 908 |       </section>
      |         ^^^^^^^
  909 |
  910 |       {/* תוצאות חיפוש */}
  911 |       <div>

Parsing ecmascript source code failed

Import trace:
  Server Component:
    ./app/admin/AdminDashboard.tsx
    ./app/admin/page.tsx @ http://localhost:3000/_next/static/chunks/node_modules_next_dist_0u_w_5s._.js:1945
[ 3960802ms] [ERROR] ./app/admin/AdminDashboard.tsx:908:9
Expected corresponding JSX closing tag for <main>
  906 |           </div>
  907 |         </div>
> 908 |       </section>
      |         ^^^^^^^
  909 |
  910 |       {/* תוצאות חיפוש */}
  911 |       <div>

Parsing ecmascript source code failed

Import trace:
  Server Component:
    ./app/admin/AdminDashboard.tsx
    ./app/admin/page.tsx @ http://localhost:3000/_next/static/chunks/node_modules_next_dist_0u_w_5s._.js:1945
[ 3960865ms] [ERROR] ./app/admin/AdminDashboard.tsx:908:9
Expected corresponding JSX closing tag for <main>
  906 |           </div>
  907 |         </div>
> 908 |       </section>
      |         ^^^^^^^
  909 |
  910 |       {/* תוצאות חיפוש */}
  911 |       <div>

Parsing ecmascript source code failed

Import trace:
  Server Component:
    ./app/admin/AdminDashboard.tsx
    ./app/admin/page.tsx @ http://localhost:3000/_next/static/chunks/node_modules_next_dist_0u_w_5s._.js:1945
[ 3960919ms] [ERROR] ./app/admin/AdminDashboard.tsx:908:9
Expected corresponding JSX closing tag for <main>
  906 |           </div>
  907 |         </div>
> 908 |       </section>
      |         ^^^^^^^
  909 |
  910 |       {/* תוצאות חיפוש */}
  911 |       <div>

Parsing ecmascript source code failed

Import trace:
  Server Component:
    ./app/admin/AdminDashboard.tsx
    ./app/admin/page.tsx @ http://localhost:3000/_next/static/chunks/node_modules_next_dist_0u_w_5s._.js:1945
[ 3960979ms] [ERROR] ./app/admin/AdminDashboard.tsx:908:9
Expected corresponding JSX closing tag for <main>
  906 |           </div>
  907 |         </div>
> 908 |       </section>
      |         ^^^^^^^
  909 |
  910 |       {/* תוצאות חיפוש */}
  911 |       <div>

Parsing ecmascript source code failed

Import trace:
  Server Component:
    ./app/admin/AdminDashboard.tsx
    ./app/admin/page.tsx @ http://localhost:3000/_next/static/chunks/node_modules_next_dist_0u_w_5s._.js:1945
[ 3961038ms] [ERROR] ./app/admin/AdminDashboard.tsx:908:9
Expected corresponding JSX closing tag for <main>
  906 |           </div>
  907 |         </div>
> 908 |       </section>
      |         ^^^^^^^
  909 |
  910 |       {/* תוצאות חיפוש */}
  911 |       <div>

Parsing ecmascript source code failed

Import trace:
  Server Component:
    ./app/admin/AdminDashboard.tsx
    ./app/admin/page.tsx @ http://localhost:3000/_next/static/chunks/node_modules_next_dist_0u_w_5s._.js:1945
[ 3961101ms] [ERROR] ./app/admin/AdminDashboard.tsx:908:9
Expected corresponding JSX closing tag for <main>
  906 |           </div>
  907 |         </div>
> 908 |       </section>
      |         ^^^^^^^
  909 |
  910 |       {/* תוצאות חיפוש */}
  911 |       <div>

Parsing ecmascript source code failed

Import trace:
  Server Component:
    ./app/admin/AdminDashboard.tsx
    ./app/admin/page.tsx @ http://localhost:3000/_next/static/chunks/node_modules_next_dist_0u_w_5s._.js:1945
[ 3961170ms] [ERROR] ./app/admin/AdminDashboard.tsx:908:9
Expected corresponding JSX closing tag for <main>
  906 |           </div>
  907 |         </div>
> 908 |       </section>
      |         ^^^^^^^
  909 |
  910 |       {/* תוצאות חיפוש */}
  911 |       <div>

Parsing ecmascript source code failed

Import trace:
  Server Component:
    ./app/admin/AdminDashboard.tsx
    ./app/admin/page.tsx @ http://localhost:3000/_next/static/chunks/node_modules_next_dist_0u_w_5s._.js:1945
[ 3961240ms] [ERROR] ./app/admin/AdminDashboard.tsx:908:9
Expected corresponding JSX closing tag for <main>
  906 |           </div>
  907 |         </div>
> 908 |       </section>
      |         ^^^^^^^
  909 |
  910 |       {/* תוצאות חיפוש */}
  911 |       <div>

Parsing ecmascript source code failed

Import trace:
  Server Component:
    ./app/admin/AdminDashboard.tsx
    ./app/admin/page.tsx @ http://localhost:3000/_next/static/chunks/node_modules_next_dist_0u_w_5s._.js:1945
[ 3961303ms] [ERROR] ./app/admin/AdminDashboard.tsx:908:9
Expected corresponding JSX closing tag for <main>
  906 |           </div>
  907 |         </div>
> 908 |       </section>
      |         ^^^^^^^
  909 |
  910 |       {/* תוצאות חיפוש */}
  911 |       <div>

Parsing ecmascript source code failed

Import trace:
  Server Component:
    ./app/admin/AdminDashboard.tsx
    ./app/admin/page.tsx @ http://localhost:3000/_next/static/chunks/node_modules_next_dist_0u_w_5s._.js:1945
[ 3961373ms] [ERROR] ./app/admin/AdminDashboard.tsx:908:9
Expected corresponding JSX closing tag for <main>
  906 |           </div>
  907 |         </div>
> 908 |       </section>
      |         ^^^^^^^
  909 |
  910 |       {/* תוצאות חיפוש */}
  911 |       <div>

Parsing ecmascript source code failed

Import trace:
  Server Component:
    ./app/admin/AdminDashboard.tsx
    ./app/admin/page.tsx @ http://localhost:3000/_next/static/chunks/node_modules_next_dist_0u_w_5s._.js:1945
[ 3961440ms] [ERROR] ./app/admin/AdminDashboard.tsx:908:9
Expected corresponding JSX closing tag for <main>
  906 |           </div>
  907 |         </div>
> 908 |       </section>
      |         ^^^^^^^
  909 |
  910 |       {/* תוצאות חיפוש */}
  911 |       <div>

Parsing ecmascript source code failed

Import trace:
  Server Component:
    ./app/admin/AdminDashboard.tsx
    ./app/admin/page.tsx @ http://localhost:3000/_next/static/chunks/node_modules_next_dist_0u_w_5s._.js:1945
[ 3961506ms] [ERROR] ./app/admin/AdminDashboard.tsx:908:9
Expected corresponding JSX closing tag for <main>
  906 |           </div>
  907 |         </div>
> 908 |       </section>
      |         ^^^^^^^
  909 |
  910 |       {/* תוצאות חיפוש */}
  911 |       <div>

Parsing ecmascript source code failed

Import trace:
  Server Component:
    ./app/admin/AdminDashboard.tsx
    ./app/admin/page.tsx @ http://localhost:3000/_next/static/chunks/node_modules_next_dist_0u_w_5s._.js:1945
[ 3961570ms] [ERROR] ./app/admin/AdminDashboard.tsx:908:9
Expected corresponding JSX closing tag for <main>
  906 |           </div>
  907 |         </div>
> 908 |       </section>
      |         ^^^^^^^
  909 |
  910 |       {/* תוצאות חיפוש */}
  911 |       <div>

Parsing ecmascript source code failed

Import trace:
  Server Component:
    ./app/admin/AdminDashboard.tsx
    ./app/admin/page.tsx @ http://localhost:3000/_next/static/chunks/node_modules_next_dist_0u_w_5s._.js:1945
[ 3961635ms] [ERROR] ./app/admin/AdminDashboard.tsx:908:9
Expected corresponding JSX closing tag for <main>
  906 |           </div>
  907 |         </div>
> 908 |       </section>
      |         ^^^^^^^
  909 |
  910 |       {/* תוצאות חיפוש */}
  911 |       <div>

Parsing ecmascript source code failed

Import trace:
  Server Component:
    ./app/admin/AdminDashboard.tsx
    ./app/admin/page.tsx @ http://localhost:3000/_next/static/chunks/node_modules_next_dist_0u_w_5s._.js:1945
[ 3961705ms] [ERROR] ./app/admin/AdminDashboard.tsx:908:9
Expected corresponding JSX closing tag for <main>
  906 |           </div>
  907 |         </div>
> 908 |       </section>
      |         ^^^^^^^
  909 |
  910 |       {/* תוצאות חיפוש */}
  911 |       <div>

Parsing ecmascript source code failed

Import trace:
  Server Component:
    ./app/admin/AdminDashboard.tsx
    ./app/admin/page.tsx @ http://localhost:3000/_next/static/chunks/node_modules_next_dist_0u_w_5s._.js:1945
[ 3961768ms] [ERROR] ./app/admin/AdminDashboard.tsx:908:9
Expected corresponding JSX closing tag for <main>
  906 |           </div>
  907 |         </div>
> 908 |       </section>
      |         ^^^^^^^
  909 |
  910 |       {/* תוצאות חיפוש */}
  911 |       <div>

Parsing ecmascript source code failed

Import trace:
  Server Component:
    ./app/admin/AdminDashboard.tsx
    ./app/admin/page.tsx @ http://localhost:3000/_next/static/chunks/node_modules_next_dist_0u_w_5s._.js:1945
[ 3961837ms] [ERROR] ./app/admin/AdminDashboard.tsx:908:9
Expected corresponding JSX closing tag for <main>
  906 |           </div>
  907 |         </div>
> 908 |       </section>
      |         ^^^^^^^
  909 |
  910 |       {/* תוצאות חיפוש */}
  911 |       <div>

Parsing ecmascript source code failed

Import trace:
  Server Component:
    ./app/admin/AdminDashboard.tsx
    ./app/admin/page.tsx @ http://localhost:3000/_next/static/chunks/node_modules_next_dist_0u_w_5s._.js:1945
[ 3961908ms] [ERROR] ./app/admin/AdminDashboard.tsx:908:9
Expected corresponding JSX closing tag for <main>
  906 |           </div>
  907 |         </div>
> 908 |       </section>
      |         ^^^^^^^
  909 |
  910 |       {/* תוצאות חיפוש */}
  911 |       <div>

Parsing ecmascript source code failed

Import trace:
  Server Component:
    ./app/admin/AdminDashboard.tsx
    ./app/admin/page.tsx @ http://localhost:3000/_next/static/chunks/node_modules_next_dist_0u_w_5s._.js:1945
[ 3961985ms] [ERROR] ./app/admin/AdminDashboard.tsx:908:9
Expected corresponding JSX closing tag for <main>
  906 |           </div>
  907 |         </div>
> 908 |       </section>
      |         ^^^^^^^
  909 |
  910 |       {/* תוצאות חיפוש */}
  911 |       <div>

Parsing ecmascript source code failed

Import trace:
  Server Component:
    ./app/admin/AdminDashboard.tsx
    ./app/admin/page.tsx @ http://localhost:3000/_next/static/chunks/node_modules_next_dist_0u_w_5s._.js:1945
[ 3962053ms] [ERROR] ./app/admin/AdminDashboard.tsx:908:9
Expected corresponding JSX closing tag for <main>
  906 |           </div>
  907 |         </div>
> 908 |       </section>
      |         ^^^^^^^
  909 |
  910 |       {/* תוצאות חיפוש */}
  911 |       <div>

Parsing ecmascript source code failed

Import trace:
  Server Component:
    ./app/admin/AdminDashboard.tsx
    ./app/admin/page.tsx @ http://localhost:3000/_next/static/chunks/node_modules_next_dist_0u_w_5s._.js:1945
[ 3962109ms] [ERROR] ./app/admin/AdminDashboard.tsx:908:9
Expected corresponding JSX closing tag for <main>
  906 |           </div>
  907 |         </div>
> 908 |       </section>
      |         ^^^^^^^
  909 |
  910 |       {/* תוצאות חיפוש */}
  911 |       <div>

Parsing ecmascript source code failed

Import trace:
  Server Component:
    ./app/admin/AdminDashboard.tsx
    ./app/admin/page.tsx @ http://localhost:3000/_next/static/chunks/node_modules_next_dist_0u_w_5s._.js:1945
[ 3962177ms] [ERROR] ./app/admin/AdminDashboard.tsx:908:9
Expected corresponding JSX closing tag for <main>
  906 |           </div>
  907 |         </div>
> 908 |       </section>
      |         ^^^^^^^
  909 |
  910 |       {/* תוצאות חיפוש */}
  911 |       <div>

Parsing ecmascript source code failed

Import trace:
  Server Component:
    ./app/admin/AdminDashboard.tsx
    ./app/admin/page.tsx @ http://localhost:3000/_next/static/chunks/node_modules_next_dist_0u_w_5s._.js:1945
[ 3962239ms] [ERROR] ./app/admin/AdminDashboard.tsx:908:9
Expected corresponding JSX closing tag for <main>
  906 |           </div>
  907 |         </div>
> 908 |       </section>
      |         ^^^^^^^
  909 |
  910 |       {/* תוצאות חיפוש */}
  911 |       <div>

Parsing ecmascript source code failed

Import trace:
  Server Component:
    ./app/admin/AdminDashboard.tsx
    ./app/admin/page.tsx @ http://localhost:3000/_next/static/chunks/node_modules_next_dist_0u_w_5s._.js:1945
[ 3962309ms] [ERROR] ./app/admin/AdminDashboard.tsx:908:9
Expected corresponding JSX closing tag for <main>
  906 |           </div>
  907 |         </div>
> 908 |       </section>
      |         ^^^^^^^
  909 |
  910 |       {/* תוצאות חיפוש */}
  911 |       <div>

Parsing ecmascript source code failed

Import trace:
  Server Component:
    ./app/admin/AdminDashboard.tsx
    ./app/admin/page.tsx @ http://localhost:3000/_next/static/chunks/node_modules_next_dist_0u_w_5s._.js:1945
[ 3962393ms] [ERROR] ./app/admin/AdminDashboard.tsx:908:9
Expected corresponding JSX closing tag for <main>
  906 |           </div>
  907 |         </div>
> 908 |       </section>
      |         ^^^^^^^
  909 |
  910 |       {/* תוצאות חיפוש */}
  911 |       <div>

Parsing ecmascript source code failed

Import trace:
  Server Component:
    ./app/admin/AdminDashboard.tsx
    ./app/admin/page.tsx @ http://localhost:3000/_next/static/chunks/node_modules_next_dist_0u_w_5s._.js:1945
[ 3962459ms] [ERROR] ./app/admin/AdminDashboard.tsx:908:9
Expected corresponding JSX closing tag for <main>
  906 |           </div>
  907 |         </div>
> 908 |       </section>
      |         ^^^^^^^
  909 |
  910 |       {/* תוצאות חיפוש */}
  911 |       <div>

Parsing ecmascript source code failed

Import trace:
  Server Component:
    ./app/admin/AdminDashboard.tsx
    ./app/admin/page.tsx @ http://localhost:3000/_next/static/chunks/node_modules_next_dist_0u_w_5s._.js:1945
[ 3962542ms] [ERROR] ./app/admin/AdminDashboard.tsx:908:9
Expected corresponding JSX closing tag for <main>
  906 |           </div>
  907 |         </div>
> 908 |       </section>
      |         ^^^^^^^
  909 |
  910 |       {/* תוצאות חיפוש */}
  911 |       <div>

Parsing ecmascript source code failed

Import trace:
  Server Component:
    ./app/admin/AdminDashboard.tsx
    ./app/admin/page.tsx @ http://localhost:3000/_next/static/chunks/node_modules_next_dist_0u_w_5s._.js:1945
[ 3962625ms] [ERROR] ./app/admin/AdminDashboard.tsx:908:9
Expected corresponding JSX closing tag for <main>
  906 |           </div>
  907 |         </div>
> 908 |       </section>
      |         ^^^^^^^
  909 |
  910 |       {/* תוצאות חיפוש */}
  911 |       <div>

Parsing ecmascript source code failed

Import trace:
  Server Component:
    ./app/admin/AdminDashboard.tsx
    ./app/admin/page.tsx @ http://localhost:3000/_next/static/chunks/node_modules_next_dist_0u_w_5s._.js:1945
[ 3962709ms] [ERROR] ./app/admin/AdminDashboard.tsx:908:9
Expected corresponding JSX closing tag for <main>
  906 |           </div>
  907 |         </div>
> 908 |       </section>
      |         ^^^^^^^
  909 |
  910 |       {/* תוצאות חיפוש */}
  911 |       <div>

Parsing ecmascript source code failed

Import trace:
  Server Component:
    ./app/admin/AdminDashboard.tsx
    ./app/admin/page.tsx @ http://localhost:3000/_next/static/chunks/node_modules_next_dist_0u_w_5s._.js:1945
[ 3962776ms] [ERROR] ./app/admin/AdminDashboard.tsx:908:9
Expected corresponding JSX closing tag for <main>
  906 |           </div>
  907 |         </div>
> 908 |       </section>
      |         ^^^^^^^
  909 |
  910 |       {/* תוצאות חיפוש */}
  911 |       <div>

Parsing ecmascript source code failed

Import trace:
  Server Component:
    ./app/admin/AdminDashboard.tsx
    ./app/admin/page.tsx @ http://localhost:3000/_next/static/chunks/node_modules_next_dist_0u_w_5s._.js:1945
[ 3962844ms] [ERROR] ./app/admin/AdminDashboard.tsx:908:9
Expected corresponding JSX closing tag for <main>
  906 |           </div>
  907 |         </div>
> 908 |       </section>
      |         ^^^^^^^
  909 |
  910 |       {/* תוצאות חיפוש */}
  911 |       <div>

Parsing ecmascript source code failed

Import trace:
  Server Component:
    ./app/admin/AdminDashboard.tsx
    ./app/admin/page.tsx @ http://localhost:3000/_next/static/chunks/node_modules_next_dist_0u_w_5s._.js:1945
[ 3962918ms] [ERROR] ./app/admin/AdminDashboard.tsx:908:9
Expected corresponding JSX closing tag for <main>
  906 |           </div>
  907 |         </div>
> 908 |       </section>
      |         ^^^^^^^
  909 |
  910 |       {/* תוצאות חיפוש */}
  911 |       <div>

Parsing ecmascript source code failed

Import trace:
  Server Component:
    ./app/admin/AdminDashboard.tsx
    ./app/admin/page.tsx @ http://localhost:3000/_next/static/chunks/node_modules_next_dist_0u_w_5s._.js:1945
[ 3962986ms] [ERROR] ./app/admin/AdminDashboard.tsx:908:9
Expected corresponding JSX closing tag for <main>
  906 |           </div>
  907 |         </div>
> 908 |       </section>
      |         ^^^^^^^
  909 |
  910 |       {/* תוצאות חיפוש */}
  911 |       <div>

Parsing ecmascript source code failed

Import trace:
  Server Component:
    ./app/admin/AdminDashboard.tsx
    ./app/admin/page.tsx @ http://localhost:3000/_next/static/chunks/node_modules_next_dist_0u_w_5s._.js:1945
[ 3963063ms] [ERROR] ./app/admin/AdminDashboard.tsx:908:9
Expected corresponding JSX closing tag for <main>
  906 |           </div>
  907 |         </div>
> 908 |       </section>
      |         ^^^^^^^
  909 |
  910 |       {/* תוצאות חיפוש */}
  911 |       <div>

Parsing ecmascript source code failed

Import trace:
  Server Component:
    ./app/admin/AdminDashboard.tsx
    ./app/admin/page.tsx @ http://localhost:3000/_next/static/chunks/node_modules_next_dist_0u_w_5s._.js:1945
[ 3963127ms] [ERROR] ./app/admin/AdminDashboard.tsx:908:9
Expected corresponding JSX closing tag for <main>
  906 |           </div>
  907 |         </div>
> 908 |       </section>
      |         ^^^^^^^
  909 |
  910 |       {/* תוצאות חיפוש */}
  911 |       <div>

Parsing ecmascript source code failed

Import trace:
  Server Component:
    ./app/admin/AdminDashboard.tsx
    ./app/admin/page.tsx @ http://localhost:3000/_next/static/chunks/node_modules_next_dist_0u_w_5s._.js:1945
[ 3963194ms] [ERROR] ./app/admin/AdminDashboard.tsx:908:9
Expected corresponding JSX closing tag for <main>
  906 |           </div>
  907 |         </div>
> 908 |       </section>
      |         ^^^^^^^
  909 |
  910 |       {/* תוצאות חיפוש */}
  911 |       <div>

Parsing ecmascript source code failed

Import trace:
  Server Component:
    ./app/admin/AdminDashboard.tsx
    ./app/admin/page.tsx @ http://localhost:3000/_next/static/chunks/node_modules_next_dist_0u_w_5s._.js:1945
[ 3963261ms] [ERROR] ./app/admin/AdminDashboard.tsx:908:9
Expected corresponding JSX closing tag for <main>
  906 |           </div>
  907 |         </div>
> 908 |       </section>
      |         ^^^^^^^
  909 |
  910 |       {/* תוצאות חיפוש */}
  911 |       <div>

Parsing ecmascript source code failed

Import trace:
  Server Component:
    ./app/admin/AdminDashboard.tsx
    ./app/admin/page.tsx @ http://localhost:3000/_next/static/chunks/node_modules_next_dist_0u_w_5s._.js:1945
[ 3963326ms] [ERROR] ./app/admin/AdminDashboard.tsx:908:9
Expected corresponding JSX closing tag for <main>
  906 |           </div>
  907 |         </div>
> 908 |       </section>
      |         ^^^^^^^
  909 |
  910 |       {/* תוצאות חיפוש */}
  911 |       <div>

Parsing ecmascript source code failed

Import trace:
  Server Component:
    ./app/admin/AdminDashboard.tsx
    ./app/admin/page.tsx @ http://localhost:3000/_next/static/chunks/node_modules_next_dist_0u_w_5s._.js:1945
[ 3963394ms] [ERROR] ./app/admin/AdminDashboard.tsx:908:9
Expected corresponding JSX closing tag for <main>
  906 |           </div>
  907 |         </div>
> 908 |       </section>
      |         ^^^^^^^
  909 |
  910 |       {/* תוצאות חיפוש */}
  911 |       <div>

Parsing ecmascript source code failed

Import trace:
  Server Component:
    ./app/admin/AdminDashboard.tsx
    ./app/admin/page.tsx @ http://localhost:3000/_next/static/chunks/node_modules_next_dist_0u_w_5s._.js:1945
[ 3963457ms] [ERROR] ./app/admin/AdminDashboard.tsx:908:9
Expected corresponding JSX closing tag for <main>
  906 |           </div>
  907 |         </div>
> 908 |       </section>
      |         ^^^^^^^
  909 |
  910 |       {/* תוצאות חיפוש */}
  911 |       <div>

Parsing ecmascript source code failed

Import trace:
  Server Component:
    ./app/admin/AdminDashboard.tsx
    ./app/admin/page.tsx @ http://localhost:3000/_next/static/chunks/node_modules_next_dist_0u_w_5s._.js:1945
[ 3963522ms] [ERROR] ./app/admin/AdminDashboard.tsx:908:9
Expected corresponding JSX closing tag for <main>
  906 |           </div>
  907 |         </div>
> 908 |       </section>
      |         ^^^^^^^
  909 |
  910 |       {/* תוצאות חיפוש */}
  911 |       <div>

Parsing ecmascript source code failed

Import trace:
  Server Component:
    ./app/admin/AdminDashboard.tsx
    ./app/admin/page.tsx @ http://localhost:3000/_next/static/chunks/node_modules_next_dist_0u_w_5s._.js:1945
[ 3963585ms] [ERROR] ./app/admin/AdminDashboard.tsx:908:9
Expected corresponding JSX closing tag for <main>
  906 |           </div>
  907 |         </div>
> 908 |       </section>
      |         ^^^^^^^
  909 |
  910 |       {/* תוצאות חיפוש */}
  911 |       <div>

Parsing ecmascript source code failed

Import trace:
  Server Component:
    ./app/admin/AdminDashboard.tsx
    ./app/admin/page.tsx @ http://localhost:3000/_next/static/chunks/node_modules_next_dist_0u_w_5s._.js:1945
[ 3963650ms] [ERROR] ./app/admin/AdminDashboard.tsx:908:9
Expected corresponding JSX closing tag for <main>
  906 |           </div>
  907 |         </div>
> 908 |       </section>
      |         ^^^^^^^
  909 |
  910 |       {/* תוצאות חיפוש */}
  911 |       <div>

Parsing ecmascript source code failed

Import trace:
  Server Component:
    ./app/admin/AdminDashboard.tsx
    ./app/admin/page.tsx @ http://localhost:3000/_next/static/chunks/node_modules_next_dist_0u_w_5s._.js:1945
[ 3963713ms] [ERROR] ./app/admin/AdminDashboard.tsx:908:9
Expected corresponding JSX closing tag for <main>
  906 |           </div>
  907 |         </div>
> 908 |       </section>
      |         ^^^^^^^
  909 |
  910 |       {/* תוצאות חיפוש */}
  911 |       <div>

Parsing ecmascript source code failed

Import trace:
  Server Component:
    ./app/admin/AdminDashboard.tsx
    ./app/admin/page.tsx @ http://localhost:3000/_next/static/chunks/node_modules_next_dist_0u_w_5s._.js:1945
[ 3963775ms] [ERROR] ./app/admin/AdminDashboard.tsx:908:9
Expected corresponding JSX closing tag for <main>
  906 |           </div>
  907 |         </div>
> 908 |       </section>
      |         ^^^^^^^
  909 |
  910 |       {/* תוצאות חיפוש */}
  911 |       <div>

Parsing ecmascript source code failed

Import trace:
  Server Component:
    ./app/admin/AdminDashboard.tsx
    ./app/admin/page.tsx @ http://localhost:3000/_next/static/chunks/node_modules_next_dist_0u_w_5s._.js:1945
[ 3963837ms] [ERROR] ./app/admin/AdminDashboard.tsx:908:9
Expected corresponding JSX closing tag for <main>
  906 |           </div>
  907 |         </div>
> 908 |       </section>
      |         ^^^^^^^
  909 |
  910 |       {/* תוצאות חיפוש */}
  911 |       <div>

Parsing ecmascript source code failed

Import trace:
  Server Component:
    ./app/admin/AdminDashboard.tsx
    ./app/admin/page.tsx @ http://localhost:3000/_next/static/chunks/node_modules_next_dist_0u_w_5s._.js:1945
[ 3963900ms] [ERROR] ./app/admin/AdminDashboard.tsx:908:9
Expected corresponding JSX closing tag for <main>
  906 |           </div>
  907 |         </div>
> 908 |       </section>
      |         ^^^^^^^
  909 |
  910 |       {/* תוצאות חיפוש */}
  911 |       <div>

Parsing ecmascript source code failed

Import trace:
  Server Component:
    ./app/admin/AdminDashboard.tsx
    ./app/admin/page.tsx @ http://localhost:3000/_next/static/chunks/node_modules_next_dist_0u_w_5s._.js:1945
[ 3963963ms] [ERROR] ./app/admin/AdminDashboard.tsx:908:9
Expected corresponding JSX closing tag for <main>
  906 |           </div>
  907 |         </div>
> 908 |       </section>
      |         ^^^^^^^
  909 |
  910 |       {/* תוצאות חיפוש */}
  911 |       <div>

Parsing ecmascript source code failed

Import trace:
  Server Component:
    ./app/admin/AdminDashboard.tsx
    ./app/admin/page.tsx @ http://localhost:3000/_next/static/chunks/node_modules_next_dist_0u_w_5s._.js:1945
[ 3964025ms] [ERROR] ./app/admin/AdminDashboard.tsx:908:9
Expected corresponding JSX closing tag for <main>
  906 |           </div>
  907 |         </div>
> 908 |       </section>
      |         ^^^^^^^
  909 |
  910 |       {/* תוצאות חיפוש */}
  911 |       <div>

Parsing ecmascript source code failed

Import trace:
  Server Component:
    ./app/admin/AdminDashboard.tsx
    ./app/admin/page.tsx @ http://localhost:3000/_next/static/chunks/node_modules_next_dist_0u_w_5s._.js:1945
[ 3964088ms] [ERROR] ./app/admin/AdminDashboard.tsx:908:9
Expected corresponding JSX closing tag for <main>
  906 |           </div>
  907 |         </div>
> 908 |       </section>
      |         ^^^^^^^
  909 |
  910 |       {/* תוצאות חיפוש */}
  911 |       <div>

Parsing ecmascript source code failed

Import trace:
  Server Component:
    ./app/admin/AdminDashboard.tsx
    ./app/admin/page.tsx @ http://localhost:3000/_next/static/chunks/node_modules_next_dist_0u_w_5s._.js:1945
[ 3964133ms] [ERROR] ./app/admin/AdminDashboard.tsx:908:9
Expected corresponding JSX closing tag for <main>
  906 |           </div>
  907 |         </div>
> 908 |       </section>
      |         ^^^^^^^
  909 |
  910 |       {/* תוצאות חיפוש */}
  911 |       <div>

Parsing ecmascript source code failed

Import trace:
  Server Component:
    ./app/admin/AdminDashboard.tsx
    ./app/admin/page.tsx @ http://localhost:3000/_next/static/chunks/node_modules_next_dist_0u_w_5s._.js:1945
[ 3964190ms] [ERROR] ./app/admin/AdminDashboard.tsx:908:9
Expected corresponding JSX closing tag for <main>
  906 |           </div>
  907 |         </div>
> 908 |       </section>
      |         ^^^^^^^
  909 |
  910 |       {/* תוצאות חיפוש */}
  911 |       <div>

Parsing ecmascript source code failed

Import trace:
  Server Component:
    ./app/admin/AdminDashboard.tsx
    ./app/admin/page.tsx @ http://localhost:3000/_next/static/chunks/node_modules_next_dist_0u_w_5s._.js:1945
[ 3964257ms] [ERROR] ./app/admin/AdminDashboard.tsx:908:9
Expected corresponding JSX closing tag for <main>
  906 |           </div>
  907 |         </div>
> 908 |       </section>
      |         ^^^^^^^
  909 |
  910 |       {/* תוצאות חיפוש */}
  911 |       <div>

Parsing ecmascript source code failed

Import trace:
  Server Component:
    ./app/admin/AdminDashboard.tsx
    ./app/admin/page.tsx @ http://localhost:3000/_next/static/chunks/node_modules_next_dist_0u_w_5s._.js:1945
[ 3964321ms] [ERROR] ./app/admin/AdminDashboard.tsx:908:9
Expected corresponding JSX closing tag for <main>
  906 |           </div>
  907 |         </div>
> 908 |       </section>
      |         ^^^^^^^
  909 |
  910 |       {/* תוצאות חיפוש */}
  911 |       <div>

Parsing ecmascript source code failed

Import trace:
  Server Component:
    ./app/admin/AdminDashboard.tsx
    ./app/admin/page.tsx @ http://localhost:3000/_next/static/chunks/node_modules_next_dist_0u_w_5s._.js:1945
[ 3964384ms] [ERROR] ./app/admin/AdminDashboard.tsx:908:9
Expected corresponding JSX closing tag for <main>
  906 |           </div>
  907 |         </div>
> 908 |       </section>
      |         ^^^^^^^
  909 |
  910 |       {/* תוצאות חיפוש */}
  911 |       <div>

Parsing ecmascript source code failed

Import trace:
  Server Component:
    ./app/admin/AdminDashboard.tsx
    ./app/admin/page.tsx @ http://localhost:3000/_next/static/chunks/node_modules_next_dist_0u_w_5s._.js:1945
[ 3964439ms] [ERROR] ./app/admin/AdminDashboard.tsx:908:9
Expected corresponding JSX closing tag for <main>
  906 |           </div>
  907 |         </div>
> 908 |       </section>
      |         ^^^^^^^
  909 |
  910 |       {/* תוצאות חיפוש */}
  911 |       <div>

Parsing ecmascript source code failed

Import trace:
  Server Component:
    ./app/admin/AdminDashboard.tsx
    ./app/admin/page.tsx @ http://localhost:3000/_next/static/chunks/node_modules_next_dist_0u_w_5s._.js:1945
[ 3964506ms] [ERROR] ./app/admin/AdminDashboard.tsx:908:9
Expected corresponding JSX closing tag for <main>
  906 |           </div>
  907 |         </div>
> 908 |       </section>
      |         ^^^^^^^
  909 |
  910 |       {/* תוצאות חיפוש */}
  911 |       <div>

Parsing ecmascript source code failed

Import trace:
  Server Component:
    ./app/admin/AdminDashboard.tsx
    ./app/admin/page.tsx @ http://localhost:3000/_next/static/chunks/node_modules_next_dist_0u_w_5s._.js:1945
[ 3964572ms] [ERROR] ./app/admin/AdminDashboard.tsx:908:9
Expected corresponding JSX closing tag for <main>
  906 |           </div>
  907 |         </div>
> 908 |       </section>
      |         ^^^^^^^
  909 |
  910 |       {/* תוצאות חיפוש */}
  911 |       <div>

Parsing ecmascript source code failed

Import trace:
  Server Component:
    ./app/admin/AdminDashboard.tsx
    ./app/admin/page.tsx @ http://localhost:3000/_next/static/chunks/node_modules_next_dist_0u_w_5s._.js:1945
[ 3964641ms] [ERROR] ./app/admin/AdminDashboard.tsx:908:9
Expected corresponding JSX closing tag for <main>
  906 |           </div>
  907 |         </div>
> 908 |       </section>
      |         ^^^^^^^
  909 |
  910 |       {/* תוצאות חיפוש */}
  911 |       <div>

Parsing ecmascript source code failed

Import trace:
  Server Component:
    ./app/admin/AdminDashboard.tsx
    ./app/admin/page.tsx @ http://localhost:3000/_next/static/chunks/node_modules_next_dist_0u_w_5s._.js:1945
[ 3964704ms] [ERROR] ./app/admin/AdminDashboard.tsx:908:9
Expected corresponding JSX closing tag for <main>
  906 |           </div>
  907 |         </div>
> 908 |       </section>
      |         ^^^^^^^
  909 |
  910 |       {/* תוצאות חיפוש */}
  911 |       <div>

Parsing ecmascript source code failed

Import trace:
  Server Component:
    ./app/admin/AdminDashboard.tsx
    ./app/admin/page.tsx @ http://localhost:3000/_next/static/chunks/node_modules_next_dist_0u_w_5s._.js:1945
[ 3964773ms] [ERROR] ./app/admin/AdminDashboard.tsx:908:9
Expected corresponding JSX closing tag for <main>
  906 |           </div>
  907 |         </div>
> 908 |       </section>
      |         ^^^^^^^
  909 |
  910 |       {/* תוצאות חיפוש */}
  911 |       <div>

Parsing ecmascript source code failed

Import trace:
  Server Component:
    ./app/admin/AdminDashboard.tsx
    ./app/admin/page.tsx @ http://localhost:3000/_next/static/chunks/node_modules_next_dist_0u_w_5s._.js:1945
[ 3964836ms] [ERROR] ./app/admin/AdminDashboard.tsx:908:9
Expected corresponding JSX closing tag for <main>
  906 |           </div>
  907 |         </div>
> 908 |       </section>
      |         ^^^^^^^
  909 |
  910 |       {/* תוצאות חיפוש */}
  911 |       <div>

Parsing ecmascript source code failed

Import trace:
  Server Component:
    ./app/admin/AdminDashboard.tsx
    ./app/admin/page.tsx @ http://localhost:3000/_next/static/chunks/node_modules_next_dist_0u_w_5s._.js:1945
[ 3964892ms] [ERROR] ./app/admin/AdminDashboard.tsx:908:9
Expected corresponding JSX closing tag for <main>
  906 |           </div>
  907 |         </div>
> 908 |       </section>
      |         ^^^^^^^
  909 |
  910 |       {/* תוצאות חיפוש */}
  911 |       <div>

Parsing ecmascript source code failed

Import trace:
  Server Component:
    ./app/admin/AdminDashboard.tsx
    ./app/admin/page.tsx @ http://localhost:3000/_next/static/chunks/node_modules_next_dist_0u_w_5s._.js:1945
[ 3964958ms] [ERROR] ./app/admin/AdminDashboard.tsx:908:9
Expected corresponding JSX closing tag for <main>
  906 |           </div>
  907 |         </div>
> 908 |       </section>
      |         ^^^^^^^
  909 |
  910 |       {/* תוצאות חיפוש */}
  911 |       <div>

Parsing ecmascript source code failed

Import trace:
  Server Component:
    ./app/admin/AdminDashboard.tsx
    ./app/admin/page.tsx @ http://localhost:3000/_next/static/chunks/node_modules_next_dist_0u_w_5s._.js:1945
[ 3965016ms] [ERROR] ./app/admin/AdminDashboard.tsx:908:9
Expected corresponding JSX closing tag for <main>
  906 |           </div>
  907 |         </div>
> 908 |       </section>
      |         ^^^^^^^
  909 |
  910 |       {/* תוצאות חיפוש */}
  911 |       <div>

Parsing ecmascript source code failed

Import trace:
  Server Component:
    ./app/admin/AdminDashboard.tsx
    ./app/admin/page.tsx @ http://localhost:3000/_next/static/chunks/node_modules_next_dist_0u_w_5s._.js:1945
[ 3965077ms] [ERROR] ./app/admin/AdminDashboard.tsx:908:9
Expected corresponding JSX closing tag for <main>
  906 |           </div>
  907 |         </div>
> 908 |       </section>
      |         ^^^^^^^
  909 |
  910 |       {/* תוצאות חיפוש */}
  911 |       <div>

Parsing ecmascript source code failed

Import trace:
  Server Component:
    ./app/admin/AdminDashboard.tsx
    ./app/admin/page.tsx @ http://localhost:3000/_next/static/chunks/node_modules_next_dist_0u_w_5s._.js:1945
[ 3965140ms] [ERROR] ./app/admin/AdminDashboard.tsx:908:9
Expected corresponding JSX closing tag for <main>
  906 |           </div>
  907 |         </div>
> 908 |       </section>
      |         ^^^^^^^
  909 |
  910 |       {/* תוצאות חיפוש */}
  911 |       <div>

Parsing ecmascript source code failed

Import trace:
  Server Component:
    ./app/admin/AdminDashboard.tsx
    ./app/admin/page.tsx @ http://localhost:3000/_next/static/chunks/node_modules_next_dist_0u_w_5s._.js:1945
[ 3965201ms] [ERROR] ./app/admin/AdminDashboard.tsx:908:9
Expected corresponding JSX closing tag for <main>
  906 |           </div>
  907 |         </div>
> 908 |       </section>
      |         ^^^^^^^
  909 |
  910 |       {/* תוצאות חיפוש */}
  911 |       <div>

Parsing ecmascript source code failed

Import trace:
  Server Component:
    ./app/admin/AdminDashboard.tsx
    ./app/admin/page.tsx @ http://localhost:3000/_next/static/chunks/node_modules_next_dist_0u_w_5s._.js:1945
[ 3965258ms] [ERROR] ./app/admin/AdminDashboard.tsx:908:9
Expected corresponding JSX closing tag for <main>
  906 |           </div>
  907 |         </div>
> 908 |       </section>
      |         ^^^^^^^
  909 |
  910 |       {/* תוצאות חיפוש */}
  911 |       <div>

Parsing ecmascript source code failed

Import trace:
  Server Component:
    ./app/admin/AdminDashboard.tsx
    ./app/admin/page.tsx @ http://localhost:3000/_next/static/chunks/node_modules_next_dist_0u_w_5s._.js:1945
[ 3965322ms] [ERROR] ./app/admin/AdminDashboard.tsx:908:9
Expected corresponding JSX closing tag for <main>
  906 |           </div>
  907 |         </div>
> 908 |       </section>
      |         ^^^^^^^
  909 |
  910 |       {/* תוצאות חיפוש */}
  911 |       <div>

Parsing ecmascript source code failed

Import trace:
  Server Component:
    ./app/admin/AdminDashboard.tsx
    ./app/admin/page.tsx @ http://localhost:3000/_next/static/chunks/node_modules_next_dist_0u_w_5s._.js:1945
[ 3965394ms] [ERROR] ./app/admin/AdminDashboard.tsx:908:9
Expected corresponding JSX closing tag for <main>
  906 |           </div>
  907 |         </div>
> 908 |       </section>
      |         ^^^^^^^
  909 |
  910 |       {/* תוצאות חיפוש */}
  911 |       <div>

Parsing ecmascript source code failed

Import trace:
  Server Component:
    ./app/admin/AdminDashboard.tsx
    ./app/admin/page.tsx @ http://localhost:3000/_next/static/chunks/node_modules_next_dist_0u_w_5s._.js:1945
[ 3965460ms] [ERROR] ./app/admin/AdminDashboard.tsx:908:9
Expected corresponding JSX closing tag for <main>
  906 |           </div>
  907 |         </div>
> 908 |       </section>
      |         ^^^^^^^
  909 |
  910 |       {/* תוצאות חיפוש */}
  911 |       <div>

Parsing ecmascript source code failed

Import trace:
  Server Component:
    ./app/admin/AdminDashboard.tsx
    ./app/admin/page.tsx @ http://localhost:3000/_next/static/chunks/node_modules_next_dist_0u_w_5s._.js:1945
[ 3965545ms] [ERROR] ./app/admin/AdminDashboard.tsx:908:9
Expected corresponding JSX closing tag for <main>
  906 |           </div>
  907 |         </div>
> 908 |       </section>
      |         ^^^^^^^
  909 |
  910 |       {/* תוצאות חיפוש */}
  911 |       <div>

Parsing ecmascript source code failed

Import trace:
  Server Component:
    ./app/admin/AdminDashboard.tsx
    ./app/admin/page.tsx @ http://localhost:3000/_next/static/chunks/node_modules_next_dist_0u_w_5s._.js:1945
[ 3965624ms] [ERROR] ./app/admin/AdminDashboard.tsx:908:9
Expected corresponding JSX closing tag for <main>
  906 |           </div>
  907 |         </div>
> 908 |       </section>
      |         ^^^^^^^
  909 |
  910 |       {/* תוצאות חיפוש */}
  911 |       <div>

Parsing ecmascript source code failed

Import trace:
  Server Component:
    ./app/admin/AdminDashboard.tsx
    ./app/admin/page.tsx @ http://localhost:3000/_next/static/chunks/node_modules_next_dist_0u_w_5s._.js:1945
[ 3965707ms] [ERROR] ./app/admin/AdminDashboard.tsx:908:9
Expected corresponding JSX closing tag for <main>
  906 |           </div>
  907 |         </div>
> 908 |       </section>
      |         ^^^^^^^
  909 |
  910 |       {/* תוצאות חיפוש */}
  911 |       <div>

Parsing ecmascript source code failed

Import trace:
  Server Component:
    ./app/admin/AdminDashboard.tsx
    ./app/admin/page.tsx @ http://localhost:3000/_next/static/chunks/node_modules_next_dist_0u_w_5s._.js:1945
[ 3965795ms] [ERROR] ./app/admin/AdminDashboard.tsx:908:9
Expected corresponding JSX closing tag for <main>
  906 |           </div>
  907 |         </div>
> 908 |       </section>
      |         ^^^^^^^
  909 |
  910 |       {/* תוצאות חיפוש */}
  911 |       <div>

Parsing ecmascript source code failed

Import trace:
  Server Component:
    ./app/admin/AdminDashboard.tsx
    ./app/admin/page.tsx @ http://localhost:3000/_next/static/chunks/node_modules_next_dist_0u_w_5s._.js:1945
[ 3965878ms] [ERROR] ./app/admin/AdminDashboard.tsx:908:9
Expected corresponding JSX closing tag for <main>
  906 |           </div>
  907 |         </div>
> 908 |       </section>
      |         ^^^^^^^
  909 |
  910 |       {/* תוצאות חיפוש */}
  911 |       <div>

Parsing ecmascript source code failed

Import trace:
  Server Component:
    ./app/admin/AdminDashboard.tsx
    ./app/admin/page.tsx @ http://localhost:3000/_next/static/chunks/node_modules_next_dist_0u_w_5s._.js:1945
[ 3965958ms] [ERROR] ./app/admin/AdminDashboard.tsx:908:9
Expected corresponding JSX closing tag for <main>
  906 |           </div>
  907 |         </div>
> 908 |       </section>
      |         ^^^^^^^
  909 |
  910 |       {/* תוצאות חיפוש */}
  911 |       <div>

Parsing ecmascript source code failed

Import trace:
  Server Component:
    ./app/admin/AdminDashboard.tsx
    ./app/admin/page.tsx @ http://localhost:3000/_next/static/chunks/node_modules_next_dist_0u_w_5s._.js:1945
[ 3966026ms] [ERROR] ./app/admin/AdminDashboard.tsx:908:9
Expected corresponding JSX closing tag for <main>
  906 |           </div>
  907 |         </div>
> 908 |       </section>
      |         ^^^^^^^
  909 |
  910 |       {/* תוצאות חיפוש */}
  911 |       <div>

Parsing ecmascript source code failed

Import trace:
  Server Component:
    ./app/admin/AdminDashboard.tsx
    ./app/admin/page.tsx @ http://localhost:3000/_next/static/chunks/node_modules_next_dist_0u_w_5s._.js:1945
[ 3966107ms] [ERROR] ./app/admin/AdminDashboard.tsx:908:9
Expected corresponding JSX closing tag for <main>
  906 |           </div>
  907 |         </div>
> 908 |       </section>
      |         ^^^^^^^
  909 |
  910 |       {/* תוצאות חיפוש */}
  911 |       <div>

Parsing ecmascript source code failed

Import trace:
  Server Component:
    ./app/admin/AdminDashboard.tsx
    ./app/admin/page.tsx @ http://localhost:3000/_next/static/chunks/node_modules_next_dist_0u_w_5s._.js:1945
[ 3966171ms] [ERROR] ./app/admin/AdminDashboard.tsx:908:9
Expected corresponding JSX closing tag for <main>
  906 |           </div>
  907 |         </div>
> 908 |       </section>
      |         ^^^^^^^
  909 |
  910 |       {/* תוצאות חיפוש */}
  911 |       <div>

Parsing ecmascript source code failed

Import trace:
  Server Component:
    ./app/admin/AdminDashboard.tsx
    ./app/admin/page.tsx @ http://localhost:3000/_next/static/chunks/node_modules_next_dist_0u_w_5s._.js:1945
[ 3966225ms] [ERROR] ./app/admin/AdminDashboard.tsx:908:9
Expected corresponding JSX closing tag for <main>
  906 |           </div>
  907 |         </div>
> 908 |       </section>
      |         ^^^^^^^
  909 |
  910 |       {/* תוצאות חיפוש */}
  911 |       <div>

Parsing ecmascript source code failed

Import trace:
  Server Component:
    ./app/admin/AdminDashboard.tsx
    ./app/admin/page.tsx @ http://localhost:3000/_next/static/chunks/node_modules_next_dist_0u_w_5s._.js:1945
[ 3966290ms] [ERROR] ./app/admin/AdminDashboard.tsx:908:9
Expected corresponding JSX closing tag for <main>
  906 |           </div>
  907 |         </div>
> 908 |       </section>
      |         ^^^^^^^
  909 |
  910 |       {/* תוצאות חיפוש */}
  911 |       <div>

Parsing ecmascript source code failed

Import trace:
  Server Component:
    ./app/admin/AdminDashboard.tsx
    ./app/admin/page.tsx @ http://localhost:3000/_next/static/chunks/node_modules_next_dist_0u_w_5s._.js:1945
[ 3966356ms] [ERROR] ./app/admin/AdminDashboard.tsx:908:9
Expected corresponding JSX closing tag for <main>
  906 |           </div>
  907 |         </div>
> 908 |       </section>
      |         ^^^^^^^
  909 |
  910 |       {/* תוצאות חיפוש */}
  911 |       <div>

Parsing ecmascript source code failed

Import trace:
  Server Component:
    ./app/admin/AdminDashboard.tsx
    ./app/admin/page.tsx @ http://localhost:3000/_next/static/chunks/node_modules_next_dist_0u_w_5s._.js:1945
[ 3966418ms] [ERROR] ./app/admin/AdminDashboard.tsx:908:9
Expected corresponding JSX closing tag for <main>
  906 |           </div>
  907 |         </div>
> 908 |       </section>
      |         ^^^^^^^
  909 |
  910 |       {/* תוצאות חיפוש */}
  911 |       <div>

Parsing ecmascript source code failed

Import trace:
  Server Component:
    ./app/admin/AdminDashboard.tsx
    ./app/admin/page.tsx @ http://localhost:3000/_next/static/chunks/node_modules_next_dist_0u_w_5s._.js:1945
[ 3966474ms] [ERROR] ./app/admin/AdminDashboard.tsx:908:9
Expected corresponding JSX closing tag for <main>
  906 |           </div>
  907 |         </div>
> 908 |       </section>
      |         ^^^^^^^
  909 |
  910 |       {/* תוצאות חיפוש */}
  911 |       <div>

Parsing ecmascript source code failed

Import trace:
  Server Component:
    ./app/admin/AdminDashboard.tsx
    ./app/admin/page.tsx @ http://localhost:3000/_next/static/chunks/node_modules_next_dist_0u_w_5s._.js:1945
[ 3966541ms] [ERROR] ./app/admin/AdminDashboard.tsx:908:9
Expected corresponding JSX closing tag for <main>
  906 |           </div>
  907 |         </div>
> 908 |       </section>
      |         ^^^^^^^
  909 |
  910 |       {/* תוצאות חיפוש */}
  911 |       <div>

Parsing ecmascript source code failed

Import trace:
  Server Component:
    ./app/admin/AdminDashboard.tsx
    ./app/admin/page.tsx @ http://localhost:3000/_next/static/chunks/node_modules_next_dist_0u_w_5s._.js:1945
[ 3966607ms] [ERROR] ./app/admin/AdminDashboard.tsx:908:9
Expected corresponding JSX closing tag for <main>
  906 |           </div>
  907 |         </div>
> 908 |       </section>
      |         ^^^^^^^
  909 |
  910 |       {/* תוצאות חיפוש */}
  911 |       <div>

Parsing ecmascript source code failed

Import trace:
  Server Component:
    ./app/admin/AdminDashboard.tsx
    ./app/admin/page.tsx @ http://localhost:3000/_next/static/chunks/node_modules_next_dist_0u_w_5s._.js:1945
[ 3966674ms] [ERROR] ./app/admin/AdminDashboard.tsx:908:9
Expected corresponding JSX closing tag for <main>
  906 |           </div>
  907 |         </div>
> 908 |       </section>
      |         ^^^^^^^
  909 |
  910 |       {/* תוצאות חיפוש */}
  911 |       <div>

Parsing ecmascript source code failed

Import trace:
  Server Component:
    ./app/admin/AdminDashboard.tsx
    ./app/admin/page.tsx @ http://localhost:3000/_next/static/chunks/node_modules_next_dist_0u_w_5s._.js:1945
[ 3966742ms] [ERROR] ./app/admin/AdminDashboard.tsx:908:9
Expected corresponding JSX closing tag for <main>
  906 |           </div>
  907 |         </div>
> 908 |       </section>
      |         ^^^^^^^
  909 |
  910 |       {/* תוצאות חיפוש */}
  911 |       <div>

Parsing ecmascript source code failed

Import trace:
  Server Component:
    ./app/admin/AdminDashboard.tsx
    ./app/admin/page.tsx @ http://localhost:3000/_next/static/chunks/node_modules_next_dist_0u_w_5s._.js:1945
[ 3966810ms] [ERROR] ./app/admin/AdminDashboard.tsx:908:9
Expected corresponding JSX closing tag for <main>
  906 |           </div>
  907 |         </div>
> 908 |       </section>
      |         ^^^^^^^
  909 |
  910 |       {/* תוצאות חיפוש */}
  911 |       <div>

Parsing ecmascript source code failed

Import trace:
  Server Component:
    ./app/admin/AdminDashboard.tsx
    ./app/admin/page.tsx @ http://localhost:3000/_next/static/chunks/node_modules_next_dist_0u_w_5s._.js:1945
[ 3966890ms] [ERROR] ./app/admin/AdminDashboard.tsx:908:9
Expected corresponding JSX closing tag for <main>
  906 |           </div>
  907 |         </div>
> 908 |       </section>
      |         ^^^^^^^
  909 |
  910 |       {/* תוצאות חיפוש */}
  911 |       <div>

Parsing ecmascript source code failed

Import trace:
  Server Component:
    ./app/admin/AdminDashboard.tsx
    ./app/admin/page.tsx @ http://localhost:3000/_next/static/chunks/node_modules_next_dist_0u_w_5s._.js:1945
[ 3966953ms] [ERROR] ./app/admin/AdminDashboard.tsx:908:9
Expected corresponding JSX closing tag for <main>
  906 |           </div>
  907 |         </div>
> 908 |       </section>
      |         ^^^^^^^
  909 |
  910 |       {/* תוצאות חיפוש */}
  911 |       <div>

Parsing ecmascript source code failed

Import trace:
  Server Component:
    ./app/admin/AdminDashboard.tsx
    ./app/admin/page.tsx @ http://localhost:3000/_next/static/chunks/node_modules_next_dist_0u_w_5s._.js:1945
[ 3967027ms] [ERROR] ./app/admin/AdminDashboard.tsx:908:9
Expected corresponding JSX closing tag for <main>
  906 |           </div>
  907 |         </div>
> 908 |       </section>
      |         ^^^^^^^
  909 |
  910 |       {/* תוצאות חיפוש */}
  911 |       <div>

Parsing ecmascript source code failed

Import trace:
  Server Component:
    ./app/admin/AdminDashboard.tsx
    ./app/admin/page.tsx @ http://localhost:3000/_next/static/chunks/node_modules_next_dist_0u_w_5s._.js:1945
[ 3967090ms] [ERROR] ./app/admin/AdminDashboard.tsx:908:9
Expected corresponding JSX closing tag for <main>
  906 |           </div>
  907 |         </div>
> 908 |       </section>
      |         ^^^^^^^
  909 |
  910 |       {/* תוצאות חיפוש */}
  911 |       <div>

Parsing ecmascript source code failed

Import trace:
  Server Component:
    ./app/admin/AdminDashboard.tsx
    ./app/admin/page.tsx @ http://localhost:3000/_next/static/chunks/node_modules_next_dist_0u_w_5s._.js:1945
[ 3967159ms] [ERROR] ./app/admin/AdminDashboard.tsx:908:9
Expected corresponding JSX closing tag for <main>
  906 |           </div>
  907 |         </div>
> 908 |       </section>
      |         ^^^^^^^
  909 |
  910 |       {/* תוצאות חיפוש */}
  911 |       <div>

Parsing ecmascript source code failed

Import trace:
  Server Component:
    ./app/admin/AdminDashboard.tsx
    ./app/admin/page.tsx @ http://localhost:3000/_next/static/chunks/node_modules_next_dist_0u_w_5s._.js:1945
[ 3967226ms] [ERROR] ./app/admin/AdminDashboard.tsx:908:9
Expected corresponding JSX closing tag for <main>
  906 |           </div>
  907 |         </div>
> 908 |       </section>
      |         ^^^^^^^
  909 |
  910 |       {/* תוצאות חיפוש */}
  911 |       <div>

Parsing ecmascript source code failed

Import trace:
  Server Component:
    ./app/admin/AdminDashboard.tsx
    ./app/admin/page.tsx @ http://localhost:3000/_next/static/chunks/node_modules_next_dist_0u_w_5s._.js:1945
[ 3967306ms] [ERROR] ./app/admin/AdminDashboard.tsx:908:9
Expected corresponding JSX closing tag for <main>
  906 |           </div>
  907 |         </div>
> 908 |       </section>
      |         ^^^^^^^
  909 |
  910 |       {/* תוצאות חיפוש */}
  911 |       <div>

Parsing ecmascript source code failed

Import trace:
  Server Component:
    ./app/admin/AdminDashboard.tsx
    ./app/admin/page.tsx @ http://localhost:3000/_next/static/chunks/node_modules_next_dist_0u_w_5s._.js:1945
[ 3967373ms] [ERROR] ./app/admin/AdminDashboard.tsx:908:9
Expected corresponding JSX closing tag for <main>
  906 |           </div>
  907 |         </div>
> 908 |       </section>
      |         ^^^^^^^
  909 |
  910 |       {/* תוצאות חיפוש */}
  911 |       <div>

Parsing ecmascript source code failed

Import trace:
  Server Component:
    ./app/admin/AdminDashboard.tsx
    ./app/admin/page.tsx @ http://localhost:3000/_next/static/chunks/node_modules_next_dist_0u_w_5s._.js:1945
[ 3967440ms] [ERROR] ./app/admin/AdminDashboard.tsx:908:9
Expected corresponding JSX closing tag for <main>
  906 |           </div>
  907 |         </div>
> 908 |       </section>
      |         ^^^^^^^
  909 |
  910 |       {/* תוצאות חיפוש */}
  911 |       <div>

Parsing ecmascript source code failed

Import trace:
  Server Component:
    ./app/admin/AdminDashboard.tsx
    ./app/admin/page.tsx @ http://localhost:3000/_next/static/chunks/node_modules_next_dist_0u_w_5s._.js:1945
[ 3967507ms] [ERROR] ./app/admin/AdminDashboard.tsx:908:9
Expected corresponding JSX closing tag for <main>
  906 |           </div>
  907 |         </div>
> 908 |       </section>
      |         ^^^^^^^
  909 |
  910 |       {/* תוצאות חיפוש */}
  911 |       <div>

Parsing ecmascript source code failed

Import trace:
  Server Component:
    ./app/admin/AdminDashboard.tsx
    ./app/admin/page.tsx @ http://localhost:3000/_next/static/chunks/node_modules_next_dist_0u_w_5s._.js:1945
[ 3967572ms] [ERROR] ./app/admin/AdminDashboard.tsx:908:9
Expected corresponding JSX closing tag for <main>
  906 |           </div>
  907 |         </div>
> 908 |       </section>
      |         ^^^^^^^
  909 |
  910 |       {/* תוצאות חיפוש */}
  911 |       <div>

Parsing ecmascript source code failed

Import trace:
  Server Component:
    ./app/admin/AdminDashboard.tsx
    ./app/admin/page.tsx @ http://localhost:3000/_next/static/chunks/node_modules_next_dist_0u_w_5s._.js:1945
[ 3967640ms] [ERROR] ./app/admin/AdminDashboard.tsx:908:9
Expected corresponding JSX closing tag for <main>
  906 |           </div>
  907 |         </div>
> 908 |       </section>
      |         ^^^^^^^
  909 |
  910 |       {/* תוצאות חיפוש */}
  911 |       <div>

Parsing ecmascript source code failed

Import trace:
  Server Component:
    ./app/admin/AdminDashboard.tsx
    ./app/admin/page.tsx @ http://localhost:3000/_next/static/chunks/node_modules_next_dist_0u_w_5s._.js:1945
[ 3967707ms] [ERROR] ./app/admin/AdminDashboard.tsx:908:9
Expected corresponding JSX closing tag for <main>
  906 |           </div>
  907 |         </div>
> 908 |       </section>
      |         ^^^^^^^
  909 |
  910 |       {/* תוצאות חיפוש */}
  911 |       <div>

Parsing ecmascript source code failed

Import trace:
  Server Component:
    ./app/admin/AdminDashboard.tsx
    ./app/admin/page.tsx @ http://localhost:3000/_next/static/chunks/node_modules_next_dist_0u_w_5s._.js:1945
[ 3967762ms] [ERROR] ./app/admin/AdminDashboard.tsx:908:9
Expected corresponding JSX closing tag for <main>
  906 |           </div>
  907 |         </div>
> 908 |       </section>
      |         ^^^^^^^
  909 |
  910 |       {/* תוצאות חיפוש */}
  911 |       <div>

Parsing ecmascript source code failed

Import trace:
  Server Component:
    ./app/admin/AdminDashboard.tsx
    ./app/admin/page.tsx @ http://localhost:3000/_next/static/chunks/node_modules_next_dist_0u_w_5s._.js:1945
[ 3967827ms] [ERROR] ./app/admin/AdminDashboard.tsx:908:9
Expected corresponding JSX closing tag for <main>
  906 |           </div>
  907 |         </div>
> 908 |       </section>
      |         ^^^^^^^
  909 |
  910 |       {/* תוצאות חיפוש */}
  911 |       <div>

Parsing ecmascript source code failed

Import trace:
  Server Component:
    ./app/admin/AdminDashboard.tsx
    ./app/admin/page.tsx @ http://localhost:3000/_next/static/chunks/node_modules_next_dist_0u_w_5s._.js:1945
[ 3967895ms] [ERROR] ./app/admin/AdminDashboard.tsx:908:9
Expected corresponding JSX closing tag for <main>
  906 |           </div>
  907 |         </div>
> 908 |       </section>
      |         ^^^^^^^
  909 |
  910 |       {/* תוצאות חיפוש */}
  911 |       <div>

Parsing ecmascript source code failed

Import trace:
  Server Component:
    ./app/admin/AdminDashboard.tsx
    ./app/admin/page.tsx @ http://localhost:3000/_next/static/chunks/node_modules_next_dist_0u_w_5s._.js:1945
[ 3967957ms] [ERROR] ./app/admin/AdminDashboard.tsx:908:9
Expected corresponding JSX closing tag for <main>
  906 |           </div>
  907 |         </div>
> 908 |       </section>
      |         ^^^^^^^
  909 |
  910 |       {/* תוצאות חיפוש */}
  911 |       <div>

Parsing ecmascript source code failed

Import trace:
  Server Component:
    ./app/admin/AdminDashboard.tsx
    ./app/admin/page.tsx @ http://localhost:3000/_next/static/chunks/node_modules_next_dist_0u_w_5s._.js:1945
[ 3968022ms] [ERROR] ./app/admin/AdminDashboard.tsx:908:9
Expected corresponding JSX closing tag for <main>
  906 |           </div>
  907 |         </div>
> 908 |       </section>
      |         ^^^^^^^
  909 |
  910 |       {/* תוצאות חיפוש */}
  911 |       <div>

Parsing ecmascript source code failed

Import trace:
  Server Component:
    ./app/admin/AdminDashboard.tsx
    ./app/admin/page.tsx @ http://localhost:3000/_next/static/chunks/node_modules_next_dist_0u_w_5s._.js:1945
[ 3968085ms] [ERROR] ./app/admin/AdminDashboard.tsx:908:9
Expected corresponding JSX closing tag for <main>
  906 |           </div>
  907 |         </div>
> 908 |       </section>
      |         ^^^^^^^
  909 |
  910 |       {/* תוצאות חיפוש */}
  911 |       <div>

Parsing ecmascript source code failed

Import trace:
  Server Component:
    ./app/admin/AdminDashboard.tsx
    ./app/admin/page.tsx @ http://localhost:3000/_next/static/chunks/node_modules_next_dist_0u_w_5s._.js:1945
[ 3968143ms] [ERROR] ./app/admin/AdminDashboard.tsx:908:9
Expected corresponding JSX closing tag for <main>
  906 |           </div>
  907 |         </div>
> 908 |       </section>
      |         ^^^^^^^
  909 |
  910 |       {/* תוצאות חיפוש */}
  911 |       <div>

Parsing ecmascript source code failed

Import trace:
  Server Component:
    ./app/admin/AdminDashboard.tsx
    ./app/admin/page.tsx @ http://localhost:3000/_next/static/chunks/node_modules_next_dist_0u_w_5s._.js:1945
[ 3968207ms] [ERROR] ./app/admin/AdminDashboard.tsx:908:9
Expected corresponding JSX closing tag for <main>
  906 |           </div>
  907 |         </div>
> 908 |       </section>
      |         ^^^^^^^
  909 |
  910 |       {/* תוצאות חיפוש */}
  911 |       <div>

Parsing ecmascript source code failed

Import trace:
  Server Component:
    ./app/admin/AdminDashboard.tsx
    ./app/admin/page.tsx @ http://localhost:3000/_next/static/chunks/node_modules_next_dist_0u_w_5s._.js:1945
[ 3968268ms] [ERROR] ./app/admin/AdminDashboard.tsx:908:9
Expected corresponding JSX closing tag for <main>
  906 |           </div>
  907 |         </div>
> 908 |       </section>
      |         ^^^^^^^
  909 |
  910 |       {/* תוצאות חיפוש */}
  911 |       <div>

Parsing ecmascript source code failed

Import trace:
  Server Component:
    ./app/admin/AdminDashboard.tsx
    ./app/admin/page.tsx @ http://localhost:3000/_next/static/chunks/node_modules_next_dist_0u_w_5s._.js:1945
[ 3968328ms] [ERROR] ./app/admin/AdminDashboard.tsx:908:9
Expected corresponding JSX closing tag for <main>
  906 |           </div>
  907 |         </div>
> 908 |       </section>
      |         ^^^^^^^
  909 |
  910 |       {/* תוצאות חיפוש */}
  911 |       <div>

Parsing ecmascript source code failed

Import trace:
  Server Component:
    ./app/admin/AdminDashboard.tsx
    ./app/admin/page.tsx @ http://localhost:3000/_next/static/chunks/node_modules_next_dist_0u_w_5s._.js:1945
[ 3968391ms] [ERROR] ./app/admin/AdminDashboard.tsx:908:9
Expected corresponding JSX closing tag for <main>
  906 |           </div>
  907 |         </div>
> 908 |       </section>
      |         ^^^^^^^
  909 |
  910 |       {/* תוצאות חיפוש */}
  911 |       <div>

Parsing ecmascript source code failed

Import trace:
  Server Component:
    ./app/admin/AdminDashboard.tsx
    ./app/admin/page.tsx @ http://localhost:3000/_next/static/chunks/node_modules_next_dist_0u_w_5s._.js:1945
[ 3968458ms] [ERROR] ./app/admin/AdminDashboard.tsx:908:9
Expected corresponding JSX closing tag for <main>
  906 |           </div>
  907 |         </div>
> 908 |       </section>
      |         ^^^^^^^
  909 |
  910 |       {/* תוצאות חיפוש */}
  911 |       <div>

Parsing ecmascript source code failed

Import trace:
  Server Component:
    ./app/admin/AdminDashboard.tsx
    ./app/admin/page.tsx @ http://localhost:3000/_next/static/chunks/node_modules_next_dist_0u_w_5s._.js:1945
[ 3968521ms] [ERROR] ./app/admin/AdminDashboard.tsx:908:9
Expected corresponding JSX closing tag for <main>
  906 |           </div>
  907 |         </div>
> 908 |       </section>
      |         ^^^^^^^
  909 |
  910 |       {/* תוצאות חיפוש */}
  911 |       <div>

Parsing ecmascript source code failed

Import trace:
  Server Component:
    ./app/admin/AdminDashboard.tsx
    ./app/admin/page.tsx @ http://localhost:3000/_next/static/chunks/node_modules_next_dist_0u_w_5s._.js:1945
[ 3968590ms] [ERROR] ./app/admin/AdminDashboard.tsx:908:9
Expected corresponding JSX closing tag for <main>
  906 |           </div>
  907 |         </div>
> 908 |       </section>
      |         ^^^^^^^
  909 |
  910 |       {/* תוצאות חיפוש */}
  911 |       <div>

Parsing ecmascript source code failed

Import trace:
  Server Component:
    ./app/admin/AdminDashboard.tsx
    ./app/admin/page.tsx @ http://localhost:3000/_next/static/chunks/node_modules_next_dist_0u_w_5s._.js:1945
[ 3968650ms] [ERROR] ./app/admin/AdminDashboard.tsx:908:9
Expected corresponding JSX closing tag for <main>
  906 |           </div>
  907 |         </div>
> 908 |       </section>
      |         ^^^^^^^
  909 |
  910 |       {/* תוצאות חיפוש */}
  911 |       <div>

Parsing ecmascript source code failed

Import trace:
  Server Component:
    ./app/admin/AdminDashboard.tsx
    ./app/admin/page.tsx @ http://localhost:3000/_next/static/chunks/node_modules_next_dist_0u_w_5s._.js:1945
[ 3968713ms] [ERROR] ./app/admin/AdminDashboard.tsx:908:9
Expected corresponding JSX closing tag for <main>
  906 |           </div>
  907 |         </div>
> 908 |       </section>
      |         ^^^^^^^
  909 |
  910 |       {/* תוצאות חיפוש */}
  911 |       <div>

Parsing ecmascript source code failed

Import trace:
  Server Component:
    ./app/admin/AdminDashboard.tsx
    ./app/admin/page.tsx @ http://localhost:3000/_next/static/chunks/node_modules_next_dist_0u_w_5s._.js:1945
[ 3968777ms] [ERROR] ./app/admin/AdminDashboard.tsx:908:9
Expected corresponding JSX closing tag for <main>
  906 |           </div>
  907 |         </div>
> 908 |       </section>
      |         ^^^^^^^
  909 |
  910 |       {/* תוצאות חיפוש */}
  911 |       <div>

Parsing ecmascript source code failed

Import trace:
  Server Component:
    ./app/admin/AdminDashboard.tsx
    ./app/admin/page.tsx @ http://localhost:3000/_next/static/chunks/node_modules_next_dist_0u_w_5s._.js:1945
[ 3968839ms] [ERROR] ./app/admin/AdminDashboard.tsx:908:9
Expected corresponding JSX closing tag for <main>
  906 |           </div>
  907 |         </div>
> 908 |       </section>
      |         ^^^^^^^
  909 |
  910 |       {/* תוצאות חיפוש */}
  911 |       <div>

Parsing ecmascript source code failed

Import trace:
  Server Component:
    ./app/admin/AdminDashboard.tsx
    ./app/admin/page.tsx @ http://localhost:3000/_next/static/chunks/node_modules_next_dist_0u_w_5s._.js:1945
[ 3968902ms] [ERROR] ./app/admin/AdminDashboard.tsx:908:9
Expected corresponding JSX closing tag for <main>
  906 |           </div>
  907 |         </div>
> 908 |       </section>
      |         ^^^^^^^
  909 |
  910 |       {/* תוצאות חיפוש */}
  911 |       <div>

Parsing ecmascript source code failed

Import trace:
  Server Component:
    ./app/admin/AdminDashboard.tsx
    ./app/admin/page.tsx @ http://localhost:3000/_next/static/chunks/node_modules_next_dist_0u_w_5s._.js:1945
[ 3968964ms] [ERROR] ./app/admin/AdminDashboard.tsx:908:9
Expected corresponding JSX closing tag for <main>
  906 |           </div>
  907 |         </div>
> 908 |       </section>
      |         ^^^^^^^
  909 |
  910 |       {/* תוצאות חיפוש */}
  911 |       <div>

Parsing ecmascript source code failed

Import trace:
  Server Component:
    ./app/admin/AdminDashboard.tsx
    ./app/admin/page.tsx @ http://localhost:3000/_next/static/chunks/node_modules_next_dist_0u_w_5s._.js:1945
[ 3969029ms] [ERROR] ./app/admin/AdminDashboard.tsx:908:9
Expected corresponding JSX closing tag for <main>
  906 |           </div>
  907 |         </div>
> 908 |       </section>
      |         ^^^^^^^
  909 |
  910 |       {/* תוצאות חיפוש */}
  911 |       <div>

Parsing ecmascript source code failed

Import trace:
  Server Component:
    ./app/admin/AdminDashboard.tsx
    ./app/admin/page.tsx @ http://localhost:3000/_next/static/chunks/node_modules_next_dist_0u_w_5s._.js:1945
[ 3969091ms] [ERROR] ./app/admin/AdminDashboard.tsx:908:9
Expected corresponding JSX closing tag for <main>
  906 |           </div>
  907 |         </div>
> 908 |       </section>
      |         ^^^^^^^
  909 |
  910 |       {/* תוצאות חיפוש */}
  911 |       <div>

Parsing ecmascript source code failed

Import trace:
  Server Component:
    ./app/admin/AdminDashboard.tsx
    ./app/admin/page.tsx @ http://localhost:3000/_next/static/chunks/node_modules_next_dist_0u_w_5s._.js:1945
[ 3969165ms] [ERROR] ./app/admin/AdminDashboard.tsx:908:9
Expected corresponding JSX closing tag for <main>
  906 |           </div>
  907 |         </div>
> 908 |       </section>
      |         ^^^^^^^
  909 |
  910 |       {/* תוצאות חיפוש */}
  911 |       <div>

Parsing ecmascript source code failed

Import trace:
  Server Component:
    ./app/admin/AdminDashboard.tsx
    ./app/admin/page.tsx @ http://localhost:3000/_next/static/chunks/node_modules_next_dist_0u_w_5s._.js:1945
[ 3969223ms] [ERROR] ./app/admin/AdminDashboard.tsx:908:9
Expected corresponding JSX closing tag for <main>
  906 |           </div>
  907 |         </div>
> 908 |       </section>
      |         ^^^^^^^
  909 |
  910 |       {/* תוצאות חיפוש */}
  911 |       <div>

Parsing ecmascript source code failed

Import trace:
  Server Component:
    ./app/admin/AdminDashboard.tsx
    ./app/admin/page.tsx @ http://localhost:3000/_next/static/chunks/node_modules_next_dist_0u_w_5s._.js:1945
[ 3969289ms] [ERROR] ./app/admin/AdminDashboard.tsx:908:9
Expected corresponding JSX closing tag for <main>
  906 |           </div>
  907 |         </div>
> 908 |       </section>
      |         ^^^^^^^
  909 |
  910 |       {/* תוצאות חיפוש */}
  911 |       <div>

Parsing ecmascript source code failed

Import trace:
  Server Component:
    ./app/admin/AdminDashboard.tsx
    ./app/admin/page.tsx @ http://localhost:3000/_next/static/chunks/node_modules_next_dist_0u_w_5s._.js:1945
[ 3969357ms] [ERROR] ./app/admin/AdminDashboard.tsx:908:9
Expected corresponding JSX closing tag for <main>
  906 |           </div>
  907 |         </div>
> 908 |       </section>
      |         ^^^^^^^
  909 |
  910 |       {/* תוצאות חיפוש */}
  911 |       <div>

Parsing ecmascript source code failed

Import trace:
  Server Component:
    ./app/admin/AdminDashboard.tsx
    ./app/admin/page.tsx @ http://localhost:3000/_next/static/chunks/node_modules_next_dist_0u_w_5s._.js:1945
[ 3969419ms] [ERROR] ./app/admin/AdminDashboard.tsx:908:9
Expected corresponding JSX closing tag for <main>
  906 |           </div>
  907 |         </div>
> 908 |       </section>
      |         ^^^^^^^
  909 |
  910 |       {/* תוצאות חיפוש */}
  911 |       <div>

Parsing ecmascript source code failed

Import trace:
  Server Component:
    ./app/admin/AdminDashboard.tsx
    ./app/admin/page.tsx @ http://localhost:3000/_next/static/chunks/node_modules_next_dist_0u_w_5s._.js:1945
[ 3969475ms] [ERROR] ./app/admin/AdminDashboard.tsx:908:9
Expected corresponding JSX closing tag for <main>
  906 |           </div>
  907 |         </div>
> 908 |       </section>
      |         ^^^^^^^
  909 |
  910 |       {/* תוצאות חיפוש */}
  911 |       <div>

Parsing ecmascript source code failed

Import trace:
  Server Component:
    ./app/admin/AdminDashboard.tsx
    ./app/admin/page.tsx @ http://localhost:3000/_next/static/chunks/node_modules_next_dist_0u_w_5s._.js:1945
[ 3969541ms] [ERROR] ./app/admin/AdminDashboard.tsx:908:9
Expected corresponding JSX closing tag for <main>
  906 |           </div>
  907 |         </div>
> 908 |       </section>
      |         ^^^^^^^
  909 |
  910 |       {/* תוצאות חיפוש */}
  911 |       <div>

Parsing ecmascript source code failed

Import trace:
  Server Component:
    ./app/admin/AdminDashboard.tsx
    ./app/admin/page.tsx @ http://localhost:3000/_next/static/chunks/node_modules_next_dist_0u_w_5s._.js:1945
[ 3969607ms] [ERROR] ./app/admin/AdminDashboard.tsx:908:9
Expected corresponding JSX closing tag for <main>
  906 |           </div>
  907 |         </div>
> 908 |       </section>
      |         ^^^^^^^
  909 |
  910 |       {/* תוצאות חיפוש */}
  911 |       <div>

Parsing ecmascript source code failed

Import trace:
  Server Component:
    ./app/admin/AdminDashboard.tsx
    ./app/admin/page.tsx @ http://localhost:3000/_next/static/chunks/node_modules_next_dist_0u_w_5s._.js:1945
[ 3969672ms] [ERROR] ./app/admin/AdminDashboard.tsx:908:9
Expected corresponding JSX closing tag for <main>
  906 |           </div>
  907 |         </div>
> 908 |       </section>
      |         ^^^^^^^
  909 |
  910 |       {/* תוצאות חיפוש */}
  911 |       <div>

Parsing ecmascript source code failed

Import trace:
  Server Component:
    ./app/admin/AdminDashboard.tsx
    ./app/admin/page.tsx @ http://localhost:3000/_next/static/chunks/node_modules_next_dist_0u_w_5s._.js:1945
[ 3969740ms] [ERROR] ./app/admin/AdminDashboard.tsx:908:9
Expected corresponding JSX closing tag for <main>
  906 |           </div>
  907 |         </div>
> 908 |       </section>
      |         ^^^^^^^
  909 |
  910 |       {/* תוצאות חיפוש */}
  911 |       <div>

Parsing ecmascript source code failed

Import trace:
  Server Component:
    ./app/admin/AdminDashboard.tsx
    ./app/admin/page.tsx @ http://localhost:3000/_next/static/chunks/node_modules_next_dist_0u_w_5s._.js:1945
[ 3969807ms] [ERROR] ./app/admin/AdminDashboard.tsx:908:9
Expected corresponding JSX closing tag for <main>
  906 |           </div>
  907 |         </div>
> 908 |       </section>
      |         ^^^^^^^
  909 |
  910 |       {/* תוצאות חיפוש */}
  911 |       <div>

Parsing ecmascript source code failed

Import trace:
  Server Component:
    ./app/admin/AdminDashboard.tsx
    ./app/admin/page.tsx @ http://localhost:3000/_next/static/chunks/node_modules_next_dist_0u_w_5s._.js:1945
[ 3969874ms] [ERROR] ./app/admin/AdminDashboard.tsx:908:9
Expected corresponding JSX closing tag for <main>
  906 |           </div>
  907 |         </div>
> 908 |       </section>
      |         ^^^^^^^
  909 |
  910 |       {/* תוצאות חיפוש */}
  911 |       <div>

Parsing ecmascript source code failed

Import trace:
  Server Component:
    ./app/admin/AdminDashboard.tsx
    ./app/admin/page.tsx @ http://localhost:3000/_next/static/chunks/node_modules_next_dist_0u_w_5s._.js:1945
[ 3969940ms] [ERROR] ./app/admin/AdminDashboard.tsx:908:9
Expected corresponding JSX closing tag for <main>
  906 |           </div>
  907 |         </div>
> 908 |       </section>
      |         ^^^^^^^
  909 |
  910 |       {/* תוצאות חיפוש */}
  911 |       <div>

Parsing ecmascript source code failed

Import trace:
  Server Component:
    ./app/admin/AdminDashboard.tsx
    ./app/admin/page.tsx @ http://localhost:3000/_next/static/chunks/node_modules_next_dist_0u_w_5s._.js:1945
[ 3970005ms] [ERROR] ./app/admin/AdminDashboard.tsx:908:9
Expected corresponding JSX closing tag for <main>
  906 |           </div>
  907 |         </div>
> 908 |       </section>
      |         ^^^^^^^
  909 |
  910 |       {/* תוצאות חיפוש */}
  911 |       <div>

Parsing ecmascript source code failed

Import trace:
  Server Component:
    ./app/admin/AdminDashboard.tsx
    ./app/admin/page.tsx @ http://localhost:3000/_next/static/chunks/node_modules_next_dist_0u_w_5s._.js:1945
[ 3970061ms] [LOG] [Fast Refresh] rebuilding @ http://localhost:3000/_next/static/chunks/node_modules_next_dist_0u_w_5s._.js:1226
[ 3970171ms] [ERROR] ./app/admin/AdminDashboard.tsx:908:9
Expected corresponding JSX closing tag for <main>
  906 |           </div>
  907 |         </div>
> 908 |       </section>
      |         ^^^^^^^
  909 |
  910 |       {/* תוצאות חיפוש */}
  911 |       <div>

Parsing ecmascript source code failed

Import trace:
  Server Component:
    ./app/admin/AdminDashboard.tsx
    ./app/admin/page.tsx @ http://localhost:3000/_next/static/chunks/node_modules_next_dist_0u_w_5s._.js:1945
[ 3970241ms] [ERROR] ./app/admin/AdminDashboard.tsx:908:9
Expected corresponding JSX closing tag for <main>
  906 |           </div>
  907 |         </div>
> 908 |       </section>
      |         ^^^^^^^
  909 |
  910 |       {/* תוצאות חיפוש */}
  911 |       <div>

Parsing ecmascript source code failed

Import trace:
  Server Component:
    ./app/admin/AdminDashboard.tsx
    ./app/admin/page.tsx @ http://localhost:3000/_next/static/chunks/node_modules_next_dist_0u_w_5s._.js:1945
[ 3970307ms] [ERROR] ./app/admin/AdminDashboard.tsx:908:9
Expected corresponding JSX closing tag for <main>
  906 |           </div>
  907 |         </div>
> 908 |       </section>
      |         ^^^^^^^
  909 |
  910 |       {/* תוצאות חיפוש */}
  911 |       <div>

Parsing ecmascript source code failed

Import trace:
  Server Component:
    ./app/admin/AdminDashboard.tsx
    ./app/admin/page.tsx @ http://localhost:3000/_next/static/chunks/node_modules_next_dist_0u_w_5s._.js:1945
[ 3970374ms] [ERROR] ./app/admin/AdminDashboard.tsx:908:9
Expected corresponding JSX closing tag for <main>
  906 |           </div>
  907 |         </div>
> 908 |       </section>
      |         ^^^^^^^
  909 |
  910 |       {/* תוצאות חיפוש */}
  911 |       <div>

Parsing ecmascript source code failed

Import trace:
  Server Component:
    ./app/admin/AdminDashboard.tsx
    ./app/admin/page.tsx @ http://localhost:3000/_next/static/chunks/node_modules_next_dist_0u_w_5s._.js:1945
[ 3970429ms] [ERROR] ./app/admin/AdminDashboard.tsx:908:9
Expected corresponding JSX closing tag for <main>
  906 |           </div>
  907 |         </div>
> 908 |       </section>
      |         ^^^^^^^
  909 |
  910 |       {/* תוצאות חיפוש */}
  911 |       <div>

Parsing ecmascript source code failed

Import trace:
  Server Component:
    ./app/admin/AdminDashboard.tsx
    ./app/admin/page.tsx @ http://localhost:3000/_next/static/chunks/node_modules_next_dist_0u_w_5s._.js:1945
[ 3970491ms] [ERROR] ./app/admin/AdminDashboard.tsx:908:9
Expected corresponding JSX closing tag for <main>
  906 |           </div>
  907 |         </div>
> 908 |       </section>
      |         ^^^^^^^
  909 |
  910 |       {/* תוצאות חיפוש */}
  911 |       <div>

Parsing ecmascript source code failed

Import trace:
  Server Component:
    ./app/admin/AdminDashboard.tsx
    ./app/admin/page.tsx @ http://localhost:3000/_next/static/chunks/node_modules_next_dist_0u_w_5s._.js:1945
[ 3970555ms] [ERROR] ./app/admin/AdminDashboard.tsx:908:9
Expected corresponding JSX closing tag for <main>
  906 |           </div>
  907 |         </div>
> 908 |       </section>
      |         ^^^^^^^
  909 |
  910 |       {/* תוצאות חיפוש */}
  911 |       <div>

Parsing ecmascript source code failed

Import trace:
  Server Component:
    ./app/admin/AdminDashboard.tsx
    ./app/admin/page.tsx @ http://localhost:3000/_next/static/chunks/node_modules_next_dist_0u_w_5s._.js:1945
[ 3970623ms] [ERROR] ./app/admin/AdminDashboard.tsx:908:9
Expected corresponding JSX closing tag for <main>
  906 |           </div>
  907 |         </div>
> 908 |       </section>
      |         ^^^^^^^
  909 |
  910 |       {/* תוצאות חיפוש */}
  911 |       <div>

Parsing ecmascript source code failed

Import trace:
  Server Component:
    ./app/admin/AdminDashboard.tsx
    ./app/admin/page.tsx @ http://localhost:3000/_next/static/chunks/node_modules_next_dist_0u_w_5s._.js:1945
[ 3970692ms] [ERROR] ./app/admin/AdminDashboard.tsx:908:9
Expected corresponding JSX closing tag for <main>
  906 |           </div>
  907 |         </div>
> 908 |       </section>
      |         ^^^^^^^
  909 |
  910 |       {/* תוצאות חיפוש */}
  911 |       <div>

Parsing ecmascript source code failed

Import trace:
  Server Component:
    ./app/admin/AdminDashboard.tsx
    ./app/admin/page.tsx @ http://localhost:3000/_next/static/chunks/node_modules_next_dist_0u_w_5s._.js:1945
[ 3970757ms] [ERROR] ./app/admin/AdminDashboard.tsx:908:9
Expected corresponding JSX closing tag for <main>
  906 |           </div>
  907 |         </div>
> 908 |       </section>
      |         ^^^^^^^
  909 |
  910 |       {/* תוצאות חיפוש */}
  911 |       <div>

Parsing ecmascript source code failed

Import trace:
  Server Component:
    ./app/admin/AdminDashboard.tsx
    ./app/admin/page.tsx @ http://localhost:3000/_next/static/chunks/node_modules_next_dist_0u_w_5s._.js:1945
[ 3970823ms] [ERROR] ./app/admin/AdminDashboard.tsx:908:9
Expected corresponding JSX closing tag for <main>
  906 |           </div>
  907 |         </div>
> 908 |       </section>
      |         ^^^^^^^
  909 |
  910 |       {/* תוצאות חיפוש */}
  911 |       <div>

Parsing ecmascript source code failed

Import trace:
  Server Component:
    ./app/admin/AdminDashboard.tsx
    ./app/admin/page.tsx @ http://localhost:3000/_next/static/chunks/node_modules_next_dist_0u_w_5s._.js:1945
[ 3970889ms] [ERROR] ./app/admin/AdminDashboard.tsx:908:9
Expected corresponding JSX closing tag for <main>
  906 |           </div>
  907 |         </div>
> 908 |       </section>
      |         ^^^^^^^
  909 |
  910 |       {/* תוצאות חיפוש */}
  911 |       <div>

Parsing ecmascript source code failed

Import trace:
  Server Component:
    ./app/admin/AdminDashboard.tsx
    ./app/admin/page.tsx @ http://localhost:3000/_next/static/chunks/node_modules_next_dist_0u_w_5s._.js:1945
[ 3970951ms] [ERROR] ./app/admin/AdminDashboard.tsx:908:9
Expected corresponding JSX closing tag for <main>
  906 |           </div>
  907 |         </div>
> 908 |       </section>
      |         ^^^^^^^
  909 |
  910 |       {/* תוצאות חיפוש */}
  911 |       <div>

Parsing ecmascript source code failed

Import trace:
  Server Component:
    ./app/admin/AdminDashboard.tsx
    ./app/admin/page.tsx @ http://localhost:3000/_next/static/chunks/node_modules_next_dist_0u_w_5s._.js:1945
[ 3971007ms] [ERROR] ./app/admin/AdminDashboard.tsx:908:9
Expected corresponding JSX closing tag for <main>
  906 |           </div>
  907 |         </div>
> 908 |       </section>
      |         ^^^^^^^
  909 |
  910 |       {/* תוצאות חיפוש */}
  911 |       <div>

Parsing ecmascript source code failed

Import trace:
  Server Component:
    ./app/admin/AdminDashboard.tsx
    ./app/admin/page.tsx @ http://localhost:3000/_next/static/chunks/node_modules_next_dist_0u_w_5s._.js:1945
[ 3971078ms] [ERROR] ./app/admin/AdminDashboard.tsx:908:9
Expected corresponding JSX closing tag for <main>
  906 |           </div>
  907 |         </div>
> 908 |       </section>
      |         ^^^^^^^
  909 |
  910 |       {/* תוצאות חיפוש */}
  911 |       <div>

Parsing ecmascript source code failed

Import trace:
  Server Component:
    ./app/admin/AdminDashboard.tsx
    ./app/admin/page.tsx @ http://localhost:3000/_next/static/chunks/node_modules_next_dist_0u_w_5s._.js:1945
[ 3971142ms] [ERROR] ./app/admin/AdminDashboard.tsx:908:9
Expected corresponding JSX closing tag for <main>
  906 |           </div>
  907 |         </div>
> 908 |       </section>
      |         ^^^^^^^
  909 |
  910 |       {/* תוצאות חיפוש */}
  911 |       <div>

Parsing ecmascript source code failed

Import trace:
  Server Component:
    ./app/admin/AdminDashboard.tsx
    ./app/admin/page.tsx @ http://localhost:3000/_next/static/chunks/node_modules_next_dist_0u_w_5s._.js:1945
[ 3971212ms] [ERROR] ./app/admin/AdminDashboard.tsx:908:9
Expected corresponding JSX closing tag for <main>
  906 |           </div>
  907 |         </div>
> 908 |       </section>
      |         ^^^^^^^
  909 |
  910 |       {/* תוצאות חיפוש */}
  911 |       <div>

Parsing ecmascript source code failed

Import trace:
  Server Component:
    ./app/admin/AdminDashboard.tsx
    ./app/admin/page.tsx @ http://localhost:3000/_next/static/chunks/node_modules_next_dist_0u_w_5s._.js:1945
[ 3971291ms] [ERROR] ./app/admin/AdminDashboard.tsx:908:9
Expected corresponding JSX closing tag for <main>
  906 |           </div>
  907 |         </div>
> 908 |       </section>
      |         ^^^^^^^
  909 |
  910 |       {/* תוצאות חיפוש */}
  911 |       <div>

Parsing ecmascript source code failed

Import trace:
  Server Component:
    ./app/admin/AdminDashboard.tsx
    ./app/admin/page.tsx @ http://localhost:3000/_next/static/chunks/node_modules_next_dist_0u_w_5s._.js:1945
[ 3971358ms] [ERROR] ./app/admin/AdminDashboard.tsx:908:9
Expected corresponding JSX closing tag for <main>
  906 |           </div>
  907 |         </div>
> 908 |       </section>
      |         ^^^^^^^
  909 |
  910 |       {/* תוצאות חיפוש */}
  911 |       <div>

Parsing ecmascript source code failed

Import trace:
  Server Component:
    ./app/admin/AdminDashboard.tsx
    ./app/admin/page.tsx @ http://localhost:3000/_next/static/chunks/node_modules_next_dist_0u_w_5s._.js:1945
[ 3971433ms] [ERROR] ./app/admin/AdminDashboard.tsx:908:9
Expected corresponding JSX closing tag for <main>
  906 |           </div>
  907 |         </div>
> 908 |       </section>
      |         ^^^^^^^
  909 |
  910 |       {/* תוצאות חיפוש */}
  911 |       <div>

Parsing ecmascript source code failed

Import trace:
  Server Component:
    ./app/admin/AdminDashboard.tsx
    ./app/admin/page.tsx @ http://localhost:3000/_next/static/chunks/node_modules_next_dist_0u_w_5s._.js:1945
[ 3971509ms] [ERROR] ./app/admin/AdminDashboard.tsx:908:9
Expected corresponding JSX closing tag for <main>
  906 |           </div>
  907 |         </div>
> 908 |       </section>
      |         ^^^^^^^
  909 |
  910 |       {/* תוצאות חיפוש */}
  911 |       <div>

Parsing ecmascript source code failed

Import trace:
  Server Component:
    ./app/admin/AdminDashboard.tsx
    ./app/admin/page.tsx @ http://localhost:3000/_next/static/chunks/node_modules_next_dist_0u_w_5s._.js:1945
[ 3971582ms] [ERROR] ./app/admin/AdminDashboard.tsx:908:9
Expected corresponding JSX closing tag for <main>
  906 |           </div>
  907 |         </div>
> 908 |       </section>
      |         ^^^^^^^
  909 |
  910 |       {/* תוצאות חיפוש */}
  911 |       <div>

Parsing ecmascript source code failed

Import trace:
  Server Component:
    ./app/admin/AdminDashboard.tsx
    ./app/admin/page.tsx @ http://localhost:3000/_next/static/chunks/node_modules_next_dist_0u_w_5s._.js:1945
[ 3971657ms] [ERROR] ./app/admin/AdminDashboard.tsx:908:9
Expected corresponding JSX closing tag for <main>
  906 |           </div>
  907 |         </div>
> 908 |       </section>
      |         ^^^^^^^
  909 |
  910 |       {/* תוצאות חיפוש */}
  911 |       <div>

Parsing ecmascript source code failed

Import trace:
  Server Component:
    ./app/admin/AdminDashboard.tsx
    ./app/admin/page.tsx @ http://localhost:3000/_next/static/chunks/node_modules_next_dist_0u_w_5s._.js:1945
[ 3971725ms] [ERROR] ./app/admin/AdminDashboard.tsx:908:9
Expected corresponding JSX closing tag for <main>
  906 |           </div>
  907 |         </div>
> 908 |       </section>
      |         ^^^^^^^
  909 |
  910 |       {/* תוצאות חיפוש */}
  911 |       <div>

Parsing ecmascript source code failed

Import trace:
  Server Component:
    ./app/admin/AdminDashboard.tsx
    ./app/admin/page.tsx @ http://localhost:3000/_next/static/chunks/node_modules_next_dist_0u_w_5s._.js:1945
[ 3971792ms] [ERROR] ./app/admin/AdminDashboard.tsx:908:9
Expected corresponding JSX closing tag for <main>
  906 |           </div>
  907 |         </div>
> 908 |       </section>
      |         ^^^^^^^
  909 |
  910 |       {/* תוצאות חיפוש */}
  911 |       <div>

Parsing ecmascript source code failed

Import trace:
  Server Component:
    ./app/admin/AdminDashboard.tsx
    ./app/admin/page.tsx @ http://localhost:3000/_next/static/chunks/node_modules_next_dist_0u_w_5s._.js:1945
[ 3971857ms] [ERROR] ./app/admin/AdminDashboard.tsx:908:9
Expected corresponding JSX closing tag for <main>
  906 |           </div>
  907 |         </div>
> 908 |       </section>
      |         ^^^^^^^
  909 |
  910 |       {/* תוצאות חיפוש */}
  911 |       <div>

Parsing ecmascript source code failed

Import trace:
  Server Component:
    ./app/admin/AdminDashboard.tsx
    ./app/admin/page.tsx @ http://localhost:3000/_next/static/chunks/node_modules_next_dist_0u_w_5s._.js:1945
[ 3971919ms] [ERROR] ./app/admin/AdminDashboard.tsx:908:9
Expected corresponding JSX closing tag for <main>
  906 |           </div>
  907 |         </div>
> 908 |       </section>
      |         ^^^^^^^
  909 |
  910 |       {/* תוצאות חיפוש */}
  911 |       <div>

Parsing ecmascript source code failed

Import trace:
  Server Component:
    ./app/admin/AdminDashboard.tsx
    ./app/admin/page.tsx @ http://localhost:3000/_next/static/chunks/node_modules_next_dist_0u_w_5s._.js:1945
[ 3971992ms] [ERROR] ./app/admin/AdminDashboard.tsx:908:9
Expected corresponding JSX closing tag for <main>
  906 |           </div>
  907 |         </div>
> 908 |       </section>
      |         ^^^^^^^
  909 |
  910 |       {/* תוצאות חיפוש */}
  911 |       <div>

Parsing ecmascript source code failed

Import trace:
  Server Component:
    ./app/admin/AdminDashboard.tsx
    ./app/admin/page.tsx @ http://localhost:3000/_next/static/chunks/node_modules_next_dist_0u_w_5s._.js:1945
[ 3972057ms] [ERROR] ./app/admin/AdminDashboard.tsx:908:9
Expected corresponding JSX closing tag for <main>
  906 |           </div>
  907 |         </div>
> 908 |       </section>
      |         ^^^^^^^
  909 |
  910 |       {/* תוצאות חיפוש */}
  911 |       <div>

Parsing ecmascript source code failed

Import trace:
  Server Component:
    ./app/admin/AdminDashboard.tsx
    ./app/admin/page.tsx @ http://localhost:3000/_next/static/chunks/node_modules_next_dist_0u_w_5s._.js:1945
[ 3972122ms] [ERROR] ./app/admin/AdminDashboard.tsx:908:9
Expected corresponding JSX closing tag for <main>
  906 |           </div>
  907 |         </div>
> 908 |       </section>
      |         ^^^^^^^
  909 |
  910 |       {/* תוצאות חיפוש */}
  911 |       <div>

Parsing ecmascript source code failed

Import trace:
  Server Component:
    ./app/admin/AdminDashboard.tsx
    ./app/admin/page.tsx @ http://localhost:3000/_next/static/chunks/node_modules_next_dist_0u_w_5s._.js:1945
[ 3972191ms] [ERROR] ./app/admin/AdminDashboard.tsx:908:9
Expected corresponding JSX closing tag for <main>
  906 |           </div>
  907 |         </div>
> 908 |       </section>
      |         ^^^^^^^
  909 |
  910 |       {/* תוצאות חיפוש */}
  911 |       <div>

Parsing ecmascript source code failed

Import trace:
  Server Component:
    ./app/admin/AdminDashboard.tsx
    ./app/admin/page.tsx @ http://localhost:3000/_next/static/chunks/node_modules_next_dist_0u_w_5s._.js:1945
[ 3972277ms] [ERROR] ./app/admin/AdminDashboard.tsx:908:9
Expected corresponding JSX closing tag for <main>
  906 |           </div>
  907 |         </div>
> 908 |       </section>
      |         ^^^^^^^
  909 |
  910 |       {/* תוצאות חיפוש */}
  911 |       <div>

Parsing ecmascript source code failed

Import trace:
  Server Component:
    ./app/admin/AdminDashboard.tsx
    ./app/admin/page.tsx @ http://localhost:3000/_next/static/chunks/node_modules_next_dist_0u_w_5s._.js:1945
[ 3972341ms] [ERROR] ./app/admin/AdminDashboard.tsx:908:9
Expected corresponding JSX closing tag for <main>
  906 |           </div>
  907 |         </div>
> 908 |       </section>
      |         ^^^^^^^
  909 |
  910 |       {/* תוצאות חיפוש */}
  911 |       <div>

Parsing ecmascript source code failed

Import trace:
  Server Component:
    ./app/admin/AdminDashboard.tsx
    ./app/admin/page.tsx @ http://localhost:3000/_next/static/chunks/node_modules_next_dist_0u_w_5s._.js:1945
[ 3972427ms] [ERROR] ./app/admin/AdminDashboard.tsx:908:9
Expected corresponding JSX closing tag for <main>
  906 |           </div>
  907 |         </div>
> 908 |       </section>
      |         ^^^^^^^
  909 |
  910 |       {/* תוצאות חיפוש */}
  911 |       <div>

Parsing ecmascript source code failed

Import trace:
  Server Component:
    ./app/admin/AdminDashboard.tsx
    ./app/admin/page.tsx @ http://localhost:3000/_next/static/chunks/node_modules_next_dist_0u_w_5s._.js:1945
[ 3972492ms] [ERROR] ./app/admin/AdminDashboard.tsx:908:9
Expected corresponding JSX closing tag for <main>
  906 |           </div>
  907 |         </div>
> 908 |       </section>
      |         ^^^^^^^
  909 |
  910 |       {/* תוצאות חיפוש */}
  911 |       <div>

Parsing ecmascript source code failed

Import trace:
  Server Component:
    ./app/admin/AdminDashboard.tsx
    ./app/admin/page.tsx @ http://localhost:3000/_next/static/chunks/node_modules_next_dist_0u_w_5s._.js:1945
[ 3972560ms] [ERROR] ./app/admin/AdminDashboard.tsx:908:9
Expected corresponding JSX closing tag for <main>
  906 |           </div>
  907 |         </div>
> 908 |       </section>
      |         ^^^^^^^
  909 |
  910 |       {/* תוצאות חיפוש */}
  911 |       <div>

Parsing ecmascript source code failed

Import trace:
  Server Component:
    ./app/admin/AdminDashboard.tsx
    ./app/admin/page.tsx @ http://localhost:3000/_next/static/chunks/node_modules_next_dist_0u_w_5s._.js:1945
[ 3972643ms] [ERROR] ./app/admin/AdminDashboard.tsx:908:9
Expected corresponding JSX closing tag for <main>
  906 |           </div>
  907 |         </div>
> 908 |       </section>
      |         ^^^^^^^
  909 |
  910 |       {/* תוצאות חיפוש */}
  911 |       <div>

Parsing ecmascript source code failed

Import trace:
  Server Component:
    ./app/admin/AdminDashboard.tsx
    ./app/admin/page.tsx @ http://localhost:3000/_next/static/chunks/node_modules_next_dist_0u_w_5s._.js:1945
[ 3972708ms] [ERROR] ./app/admin/AdminDashboard.tsx:908:9
Expected corresponding JSX closing tag for <main>
  906 |           </div>
  907 |         </div>
> 908 |       </section>
      |         ^^^^^^^
  909 |
  910 |       {/* תוצאות חיפוש */}
  911 |       <div>

Parsing ecmascript source code failed

Import trace:
  Server Component:
    ./app/admin/AdminDashboard.tsx
    ./app/admin/page.tsx @ http://localhost:3000/_next/static/chunks/node_modules_next_dist_0u_w_5s._.js:1945
[ 3972790ms] [ERROR] ./app/admin/AdminDashboard.tsx:908:9
Expected corresponding JSX closing tag for <main>
  906 |           </div>
  907 |         </div>
> 908 |       </section>
      |         ^^^^^^^
  909 |
  910 |       {/* תוצאות חיפוש */}
  911 |       <div>

Parsing ecmascript source code failed

Import trace:
  Server Component:
    ./app/admin/AdminDashboard.tsx
    ./app/admin/page.tsx @ http://localhost:3000/_next/static/chunks/node_modules_next_dist_0u_w_5s._.js:1945
[ 3972858ms] [ERROR] ./app/admin/AdminDashboard.tsx:908:9
Expected corresponding JSX closing tag for <main>
  906 |           </div>
  907 |         </div>
> 908 |       </section>
      |         ^^^^^^^
  909 |
  910 |       {/* תוצאות חיפוש */}
  911 |       <div>

Parsing ecmascript source code failed

Import trace:
  Server Component:
    ./app/admin/AdminDashboard.tsx
    ./app/admin/page.tsx @ http://localhost:3000/_next/static/chunks/node_modules_next_dist_0u_w_5s._.js:1945
[ 3972921ms] [ERROR] ./app/admin/AdminDashboard.tsx:908:9
Expected corresponding JSX closing tag for <main>
  906 |           </div>
  907 |         </div>
> 908 |       </section>
      |         ^^^^^^^
  909 |
  910 |       {/* תוצאות חיפוש */}
  911 |       <div>

Parsing ecmascript source code failed

Import trace:
  Server Component:
    ./app/admin/AdminDashboard.tsx
    ./app/admin/page.tsx @ http://localhost:3000/_next/static/chunks/node_modules_next_dist_0u_w_5s._.js:1945
[ 3972983ms] [ERROR] ./app/admin/AdminDashboard.tsx:908:9
Expected corresponding JSX closing tag for <main>
  906 |           </div>
  907 |         </div>
> 908 |       </section>
      |         ^^^^^^^
  909 |
  910 |       {/* תוצאות חיפוש */}
  911 |       <div>

Parsing ecmascript source code failed

Import trace:
  Server Component:
    ./app/admin/AdminDashboard.tsx
    ./app/admin/page.tsx @ http://localhost:3000/_next/static/chunks/node_modules_next_dist_0u_w_5s._.js:1945
[ 3973045ms] [ERROR] ./app/admin/AdminDashboard.tsx:908:9
Expected corresponding JSX closing tag for <main>
  906 |           </div>
  907 |         </div>
> 908 |       </section>
      |         ^^^^^^^
  909 |
  910 |       {/* תוצאות חיפוש */}
  911 |       <div>

Parsing ecmascript source code failed

Import trace:
  Server Component:
    ./app/admin/AdminDashboard.tsx
    ./app/admin/page.tsx @ http://localhost:3000/_next/static/chunks/node_modules_next_dist_0u_w_5s._.js:1945
[ 3973108ms] [ERROR] ./app/admin/AdminDashboard.tsx:908:9
Expected corresponding JSX closing tag for <main>
  906 |           </div>
  907 |         </div>
> 908 |       </section>
      |         ^^^^^^^
  909 |
  910 |       {/* תוצאות חיפוש */}
  911 |       <div>

Parsing ecmascript source code failed

Import trace:
  Server Component:
    ./app/admin/AdminDashboard.tsx
    ./app/admin/page.tsx @ http://localhost:3000/_next/static/chunks/node_modules_next_dist_0u_w_5s._.js:1945
[ 3973173ms] [ERROR] ./app/admin/AdminDashboard.tsx:908:9
Expected corresponding JSX closing tag for <main>
  906 |           </div>
  907 |         </div>
> 908 |       </section>
      |         ^^^^^^^
  909 |
  910 |       {/* תוצאות חיפוש */}
  911 |       <div>

Parsing ecmascript source code failed

Import trace:
  Server Component:
    ./app/admin/AdminDashboard.tsx
    ./app/admin/page.tsx @ http://localhost:3000/_next/static/chunks/node_modules_next_dist_0u_w_5s._.js:1945
[ 3973236ms] [ERROR] ./app/admin/AdminDashboard.tsx:908:9
Expected corresponding JSX closing tag for <main>
  906 |           </div>
  907 |         </div>
> 908 |       </section>
      |         ^^^^^^^
  909 |
  910 |       {/* תוצאות חיפוש */}
  911 |       <div>

Parsing ecmascript source code failed

Import trace:
  Server Component:
    ./app/admin/AdminDashboard.tsx
    ./app/admin/page.tsx @ http://localhost:3000/_next/static/chunks/node_modules_next_dist_0u_w_5s._.js:1945
[ 3973294ms] [ERROR] ./app/admin/AdminDashboard.tsx:908:9
Expected corresponding JSX closing tag for <main>
  906 |           </div>
  907 |         </div>
> 908 |       </section>
      |         ^^^^^^^
  909 |
  910 |       {/* תוצאות חיפוש */}
  911 |       <div>

Parsing ecmascript source code failed

Import trace:
  Server Component:
    ./app/admin/AdminDashboard.tsx
    ./app/admin/page.tsx @ http://localhost:3000/_next/static/chunks/node_modules_next_dist_0u_w_5s._.js:1945
[ 3973360ms] [ERROR] ./app/admin/AdminDashboard.tsx:908:9
Expected corresponding JSX closing tag for <main>
  906 |           </div>
  907 |         </div>
> 908 |       </section>
      |         ^^^^^^^
  909 |
  910 |       {/* תוצאות חיפוש */}
  911 |       <div>

Parsing ecmascript source code failed

Import trace:
  Server Component:
    ./app/admin/AdminDashboard.tsx
    ./app/admin/page.tsx @ http://localhost:3000/_next/static/chunks/node_modules_next_dist_0u_w_5s._.js:1945
[ 3973423ms] [ERROR] ./app/admin/AdminDashboard.tsx:908:9
Expected corresponding JSX closing tag for <main>
  906 |           </div>
  907 |         </div>
> 908 |       </section>
      |         ^^^^^^^
  909 |
  910 |       {/* תוצאות חיפוש */}
  911 |       <div>

Parsing ecmascript source code failed

Import trace:
  Server Component:
    ./app/admin/AdminDashboard.tsx
    ./app/admin/page.tsx @ http://localhost:3000/_next/static/chunks/node_modules_next_dist_0u_w_5s._.js:1945
[ 3973479ms] [ERROR] ./app/admin/AdminDashboard.tsx:908:9
Expected corresponding JSX closing tag for <main>
  906 |           </div>
  907 |         </div>
> 908 |       </section>
      |         ^^^^^^^
  909 |
  910 |       {/* תוצאות חיפוש */}
  911 |       <div>

Parsing ecmascript source code failed

Import trace:
  Server Component:
    ./app/admin/AdminDashboard.tsx
    ./app/admin/page.tsx @ http://localhost:3000/_next/static/chunks/node_modules_next_dist_0u_w_5s._.js:1945
[ 3973545ms] [ERROR] ./app/admin/AdminDashboard.tsx:908:9
Expected corresponding JSX closing tag for <main>
  906 |           </div>
  907 |         </div>
> 908 |       </section>
      |         ^^^^^^^
  909 |
  910 |       {/* תוצאות חיפוש */}
  911 |       <div>

Parsing ecmascript source code failed

Import trace:
  Server Component:
    ./app/admin/AdminDashboard.tsx
    ./app/admin/page.tsx @ http://localhost:3000/_next/static/chunks/node_modules_next_dist_0u_w_5s._.js:1945
[ 3973612ms] [ERROR] ./app/admin/AdminDashboard.tsx:908:9
Expected corresponding JSX closing tag for <main>
  906 |           </div>
  907 |         </div>
> 908 |       </section>
      |         ^^^^^^^
  909 |
  910 |       {/* תוצאות חיפוש */}
  911 |       <div>

Parsing ecmascript source code failed

Import trace:
  Server Component:
    ./app/admin/AdminDashboard.tsx
    ./app/admin/page.tsx @ http://localhost:3000/_next/static/chunks/node_modules_next_dist_0u_w_5s._.js:1945
[ 3973672ms] [ERROR] ./app/admin/AdminDashboard.tsx:908:9
Expected corresponding JSX closing tag for <main>
  906 |           </div>
  907 |         </div>
> 908 |       </section>
      |         ^^^^^^^
  909 |
  910 |       {/* תוצאות חיפוש */}
  911 |       <div>

Parsing ecmascript source code failed

Import trace:
  Server Component:
    ./app/admin/AdminDashboard.tsx
    ./app/admin/page.tsx @ http://localhost:3000/_next/static/chunks/node_modules_next_dist_0u_w_5s._.js:1945
[ 3973728ms] [ERROR] ./app/admin/AdminDashboard.tsx:908:9
Expected corresponding JSX closing tag for <main>
  906 |           </div>
  907 |         </div>
> 908 |       </section>
      |         ^^^^^^^
  909 |
  910 |       {/* תוצאות חיפוש */}
  911 |       <div>

Parsing ecmascript source code failed

Import trace:
  Server Component:
    ./app/admin/AdminDashboard.tsx
    ./app/admin/page.tsx @ http://localhost:3000/_next/static/chunks/node_modules_next_dist_0u_w_5s._.js:1945
[ 3973800ms] [ERROR] ./app/admin/AdminDashboard.tsx:908:9
Expected corresponding JSX closing tag for <main>
  906 |           </div>
  907 |         </div>
> 908 |       </section>
      |         ^^^^^^^
  909 |
  910 |       {/* תוצאות חיפוש */}
  911 |       <div>

Parsing ecmascript source code failed

Import trace:
  Server Component:
    ./app/admin/AdminDashboard.tsx
    ./app/admin/page.tsx @ http://localhost:3000/_next/static/chunks/node_modules_next_dist_0u_w_5s._.js:1945
[ 3973877ms] [ERROR] ./app/admin/AdminDashboard.tsx:908:9
Expected corresponding JSX closing tag for <main>
  906 |           </div>
  907 |         </div>
> 908 |       </section>
      |         ^^^^^^^
  909 |
  910 |       {/* תוצאות חיפוש */}
  911 |       <div>

Parsing ecmascript source code failed

Import trace:
  Server Component:
    ./app/admin/AdminDashboard.tsx
    ./app/admin/page.tsx @ http://localhost:3000/_next/static/chunks/node_modules_next_dist_0u_w_5s._.js:1945
[ 3973949ms] [ERROR] ./app/admin/AdminDashboard.tsx:908:9
Expected corresponding JSX closing tag for <main>
  906 |           </div>
  907 |         </div>
> 908 |       </section>
      |         ^^^^^^^
  909 |
  910 |       {/* תוצאות חיפוש */}
  911 |       <div>

Parsing ecmascript source code failed

Import trace:
  Server Component:
    ./app/admin/AdminDashboard.tsx
    ./app/admin/page.tsx @ http://localhost:3000/_next/static/chunks/node_modules_next_dist_0u_w_5s._.js:1945
[ 3974029ms] [ERROR] ./app/admin/AdminDashboard.tsx:908:9
Expected corresponding JSX closing tag for <main>
  906 |           </div>
  907 |         </div>
> 908 |       </section>
      |         ^^^^^^^
  909 |
  910 |       {/* תוצאות חיפוש */}
  911 |       <div>

Parsing ecmascript source code failed

Import trace:
  Server Component:
    ./app/admin/AdminDashboard.tsx
    ./app/admin/page.tsx @ http://localhost:3000/_next/static/chunks/node_modules_next_dist_0u_w_5s._.js:1945
[ 3974126ms] [ERROR] ./app/admin/AdminDashboard.tsx:908:9
Expected corresponding JSX closing tag for <main>
  906 |           </div>
  907 |         </div>
> 908 |       </section>
      |         ^^^^^^^
  909 |
  910 |       {/* תוצאות חיפוש */}
  911 |       <div>

Parsing ecmascript source code failed

Import trace:
  Server Component:
    ./app/admin/AdminDashboard.tsx
    ./app/admin/page.tsx @ http://localhost:3000/_next/static/chunks/node_modules_next_dist_0u_w_5s._.js:1945
[ 3974194ms] [ERROR] ./app/admin/AdminDashboard.tsx:908:9
Expected corresponding JSX closing tag for <main>
  906 |           </div>
  907 |         </div>
> 908 |       </section>
      |         ^^^^^^^
  909 |
  910 |       {/* תוצאות חיפוש */}
  911 |       <div>

Parsing ecmascript source code failed

Import trace:
  Server Component:
    ./app/admin/AdminDashboard.tsx
    ./app/admin/page.tsx @ http://localhost:3000/_next/static/chunks/node_modules_next_dist_0u_w_5s._.js:1945
[ 3974260ms] [ERROR] ./app/admin/AdminDashboard.tsx:908:9
Expected corresponding JSX closing tag for <main>
  906 |           </div>
  907 |         </div>
> 908 |       </section>
      |         ^^^^^^^
  909 |
  910 |       {/* תוצאות חיפוש */}
  911 |       <div>

Parsing ecmascript source code failed

Import trace:
  Server Component:
    ./app/admin/AdminDashboard.tsx
    ./app/admin/page.tsx @ http://localhost:3000/_next/static/chunks/node_modules_next_dist_0u_w_5s._.js:1945
[ 3974342ms] [ERROR] ./app/admin/AdminDashboard.tsx:908:9
Expected corresponding JSX closing tag for <main>
  906 |           </div>
  907 |         </div>
> 908 |       </section>
      |         ^^^^^^^
  909 |
  910 |       {/* תוצאות חיפוש */}
  911 |       <div>

Parsing ecmascript source code failed

Import trace:
  Server Component:
    ./app/admin/AdminDashboard.tsx
    ./app/admin/page.tsx @ http://localhost:3000/_next/static/chunks/node_modules_next_dist_0u_w_5s._.js:1945
[ 3974408ms] [ERROR] ./app/admin/AdminDashboard.tsx:908:9
Expected corresponding JSX closing tag for <main>
  906 |           </div>
  907 |         </div>
> 908 |       </section>
      |         ^^^^^^^
  909 |
  910 |       {/* תוצאות חיפוש */}
  911 |       <div>

Parsing ecmascript source code failed

Import trace:
  Server Component:
    ./app/admin/AdminDashboard.tsx
    ./app/admin/page.tsx @ http://localhost:3000/_next/static/chunks/node_modules_next_dist_0u_w_5s._.js:1945
[ 3974475ms] [ERROR] ./app/admin/AdminDashboard.tsx:908:9
Expected corresponding JSX closing tag for <main>
  906 |           </div>
  907 |         </div>
> 908 |       </section>
      |         ^^^^^^^
  909 |
  910 |       {/* תוצאות חיפוש */}
  911 |       <div>

Parsing ecmascript source code failed

Import trace:
  Server Component:
    ./app/admin/AdminDashboard.tsx
    ./app/admin/page.tsx @ http://localhost:3000/_next/static/chunks/node_modules_next_dist_0u_w_5s._.js:1945
[ 3974547ms] [ERROR] ./app/admin/AdminDashboard.tsx:908:9
Expected corresponding JSX closing tag for <main>
  906 |           </div>
  907 |         </div>
> 908 |       </section>
      |         ^^^^^^^
  909 |
  910 |       {/* תוצאות חיפוש */}
  911 |       <div>

Parsing ecmascript source code failed

Import trace:
  Server Component:
    ./app/admin/AdminDashboard.tsx
    ./app/admin/page.tsx @ http://localhost:3000/_next/static/chunks/node_modules_next_dist_0u_w_5s._.js:1945
[ 3974611ms] [ERROR] ./app/admin/AdminDashboard.tsx:908:9
Expected corresponding JSX closing tag for <main>
  906 |           </div>
  907 |         </div>
> 908 |       </section>
      |         ^^^^^^^
  909 |
  910 |       {/* תוצאות חיפוש */}
  911 |       <div>

Parsing ecmascript source code failed

Import trace:
  Server Component:
    ./app/admin/AdminDashboard.tsx
    ./app/admin/page.tsx @ http://localhost:3000/_next/static/chunks/node_modules_next_dist_0u_w_5s._.js:1945
[ 3974678ms] [ERROR] ./app/admin/AdminDashboard.tsx:908:9
Expected corresponding JSX closing tag for <main>
  906 |           </div>
  907 |         </div>
> 908 |       </section>
      |         ^^^^^^^
  909 |
  910 |       {/* תוצאות חיפוש */}
  911 |       <div>

Parsing ecmascript source code failed

Import trace:
  Server Component:
    ./app/admin/AdminDashboard.tsx
    ./app/admin/page.tsx @ http://localhost:3000/_next/static/chunks/node_modules_next_dist_0u_w_5s._.js:1945
[ 3974761ms] [ERROR] ./app/admin/AdminDashboard.tsx:908:9
Expected corresponding JSX closing tag for <main>
  906 |           </div>
  907 |         </div>
> 908 |       </section>
      |         ^^^^^^^
  909 |
  910 |       {/* תוצאות חיפוש */}
  911 |       <div>

Parsing ecmascript source code failed

Import trace:
  Server Component:
    ./app/admin/AdminDashboard.tsx
    ./app/admin/page.tsx @ http://localhost:3000/_next/static/chunks/node_modules_next_dist_0u_w_5s._.js:1945
[ 3974825ms] [ERROR] ./app/admin/AdminDashboard.tsx:908:9
Expected corresponding JSX closing tag for <main>
  906 |           </div>
  907 |         </div>
> 908 |       </section>
      |         ^^^^^^^
  909 |
  910 |       {/* תוצאות חיפוש */}
  911 |       <div>

Parsing ecmascript source code failed

Import trace:
  Server Component:
    ./app/admin/AdminDashboard.tsx
    ./app/admin/page.tsx @ http://localhost:3000/_next/static/chunks/node_modules_next_dist_0u_w_5s._.js:1945
[ 3974909ms] [ERROR] ./app/admin/AdminDashboard.tsx:908:9
Expected corresponding JSX closing tag for <main>
  906 |           </div>
  907 |         </div>
> 908 |       </section>
      |         ^^^^^^^
  909 |
  910 |       {/* תוצאות חיפוש */}
  911 |       <div>

Parsing ecmascript source code failed

Import trace:
  Server Component:
    ./app/admin/AdminDashboard.tsx
    ./app/admin/page.tsx @ http://localhost:3000/_next/static/chunks/node_modules_next_dist_0u_w_5s._.js:1945
[ 3974991ms] [ERROR] ./app/admin/AdminDashboard.tsx:908:9
Expected corresponding JSX closing tag for <main>
  906 |           </div>
  907 |         </div>
> 908 |       </section>
      |         ^^^^^^^
  909 |
  910 |       {/* תוצאות חיפוש */}
  911 |       <div>

Parsing ecmascript source code failed

Import trace:
  Server Component:
    ./app/admin/AdminDashboard.tsx
    ./app/admin/page.tsx @ http://localhost:3000/_next/static/chunks/node_modules_next_dist_0u_w_5s._.js:1945
[ 3975077ms] [ERROR] ./app/admin/AdminDashboard.tsx:908:9
Expected corresponding JSX closing tag for <main>
  906 |           </div>
  907 |         </div>
> 908 |       </section>
      |         ^^^^^^^
  909 |
  910 |       {/* תוצאות חיפוש */}
  911 |       <div>

Parsing ecmascript source code failed

Import trace:
  Server Component:
    ./app/admin/AdminDashboard.tsx
    ./app/admin/page.tsx @ http://localhost:3000/_next/static/chunks/node_modules_next_dist_0u_w_5s._.js:1945
[ 3975158ms] [ERROR] ./app/admin/AdminDashboard.tsx:908:9
Expected corresponding JSX closing tag for <main>
  906 |           </div>
  907 |         </div>
> 908 |       </section>
      |         ^^^^^^^
  909 |
  910 |       {/* תוצאות חיפוש */}
  911 |       <div>

Parsing ecmascript source code failed

Import trace:
  Server Component:
    ./app/admin/AdminDashboard.tsx
    ./app/admin/page.tsx @ http://localhost:3000/_next/static/chunks/node_modules_next_dist_0u_w_5s._.js:1945
[ 3975226ms] [ERROR] ./app/admin/AdminDashboard.tsx:908:9
Expected corresponding JSX closing tag for <main>
  906 |           </div>
  907 |         </div>
> 908 |       </section>
      |         ^^^^^^^
  909 |
  910 |       {/* תוצאות חיפוש */}
  911 |       <div>

Parsing ecmascript source code failed

Import trace:
  Server Component:
    ./app/admin/AdminDashboard.tsx
    ./app/admin/page.tsx @ http://localhost:3000/_next/static/chunks/node_modules_next_dist_0u_w_5s._.js:1945
[ 3975308ms] [ERROR] ./app/admin/AdminDashboard.tsx:908:9
Expected corresponding JSX closing tag for <main>
  906 |           </div>
  907 |         </div>
> 908 |       </section>
      |         ^^^^^^^
  909 |
  910 |       {/* תוצאות חיפוש */}
  911 |       <div>

Parsing ecmascript source code failed

Import trace:
  Server Component:
    ./app/admin/AdminDashboard.tsx
    ./app/admin/page.tsx @ http://localhost:3000/_next/static/chunks/node_modules_next_dist_0u_w_5s._.js:1945
[ 3975383ms] [ERROR] ./app/admin/AdminDashboard.tsx:908:9
Expected corresponding JSX closing tag for <main>
  906 |           </div>
  907 |         </div>
> 908 |       </section>
      |         ^^^^^^^
  909 |
  910 |       {/* תוצאות חיפוש */}
  911 |       <div>

Parsing ecmascript source code failed

Import trace:
  Server Component:
    ./app/admin/AdminDashboard.tsx
    ./app/admin/page.tsx @ http://localhost:3000/_next/static/chunks/node_modules_next_dist_0u_w_5s._.js:1945
[ 3975440ms] [ERROR] ./app/admin/AdminDashboard.tsx:908:9
Expected corresponding JSX closing tag for <main>
  906 |           </div>
  907 |         </div>
> 908 |       </section>
      |         ^^^^^^^
  909 |
  910 |       {/* תוצאות חיפוש */}
  911 |       <div>

Parsing ecmascript source code failed

Import trace:
  Server Component:
    ./app/admin/AdminDashboard.tsx
    ./app/admin/page.tsx @ http://localhost:3000/_next/static/chunks/node_modules_next_dist_0u_w_5s._.js:1945
[ 3975508ms] [ERROR] ./app/admin/AdminDashboard.tsx:908:9
Expected corresponding JSX closing tag for <main>
  906 |           </div>
  907 |         </div>
> 908 |       </section>
      |         ^^^^^^^
  909 |
  910 |       {/* תוצאות חיפוש */}
  911 |       <div>

Parsing ecmascript source code failed

Import trace:
  Server Component:
    ./app/admin/AdminDashboard.tsx
    ./app/admin/page.tsx @ http://localhost:3000/_next/static/chunks/node_modules_next_dist_0u_w_5s._.js:1945
[ 3975576ms] [ERROR] ./app/admin/AdminDashboard.tsx:908:9
Expected corresponding JSX closing tag for <main>
  906 |           </div>
  907 |         </div>
> 908 |       </section>
      |         ^^^^^^^
  909 |
  910 |       {/* תוצאות חיפוש */}
  911 |       <div>

Parsing ecmascript source code failed

Import trace:
  Server Component:
    ./app/admin/AdminDashboard.tsx
    ./app/admin/page.tsx @ http://localhost:3000/_next/static/chunks/node_modules_next_dist_0u_w_5s._.js:1945
[ 3975659ms] [ERROR] ./app/admin/AdminDashboard.tsx:908:9
Expected corresponding JSX closing tag for <main>
  906 |           </div>
  907 |         </div>
> 908 |       </section>
      |         ^^^^^^^
  909 |
  910 |       {/* תוצאות חיפוש */}
  911 |       <div>

Parsing ecmascript source code failed

Import trace:
  Server Component:
    ./app/admin/AdminDashboard.tsx
    ./app/admin/page.tsx @ http://localhost:3000/_next/static/chunks/node_modules_next_dist_0u_w_5s._.js:1945
[ 3975742ms] [ERROR] ./app/admin/AdminDashboard.tsx:908:9
Expected corresponding JSX closing tag for <main>
  906 |           </div>
  907 |         </div>
> 908 |       </section>
      |         ^^^^^^^
  909 |
  910 |       {/* תוצאות חיפוש */}
  911 |       <div>

Parsing ecmascript source code failed

Import trace:
  Server Component:
    ./app/admin/AdminDashboard.tsx
    ./app/admin/page.tsx @ http://localhost:3000/_next/static/chunks/node_modules_next_dist_0u_w_5s._.js:1945
[ 3975827ms] [ERROR] ./app/admin/AdminDashboard.tsx:908:9
Expected corresponding JSX closing tag for <main>
  906 |           </div>
  907 |         </div>
> 908 |       </section>
      |         ^^^^^^^
  909 |
  910 |       {/* תוצאות חיפוש */}
  911 |       <div>

Parsing ecmascript source code failed

Import trace:
  Server Component:
    ./app/admin/AdminDashboard.tsx
    ./app/admin/page.tsx @ http://localhost:3000/_next/static/chunks/node_modules_next_dist_0u_w_5s._.js:1945
[ 3975908ms] [ERROR] ./app/admin/AdminDashboard.tsx:908:9
Expected corresponding JSX closing tag for <main>
  906 |           </div>
  907 |         </div>
> 908 |       </section>
      |         ^^^^^^^
  909 |
  910 |       {/* תוצאות חיפוש */}
  911 |       <div>

Parsing ecmascript source code failed

Import trace:
  Server Component:
    ./app/admin/AdminDashboard.tsx
    ./app/admin/page.tsx @ http://localhost:3000/_next/static/chunks/node_modules_next_dist_0u_w_5s._.js:1945
[ 3975994ms] [ERROR] ./app/admin/AdminDashboard.tsx:908:9
Expected corresponding JSX closing tag for <main>
  906 |           </div>
  907 |         </div>
> 908 |       </section>
      |         ^^^^^^^
  909 |
  910 |       {/* תוצאות חיפוש */}
  911 |       <div>

Parsing ecmascript source code failed

Import trace:
  Server Component:
    ./app/admin/AdminDashboard.tsx
    ./app/admin/page.tsx @ http://localhost:3000/_next/static/chunks/node_modules_next_dist_0u_w_5s._.js:1945
[ 3976058ms] [ERROR] ./app/admin/AdminDashboard.tsx:908:9
Expected corresponding JSX closing tag for <main>
  906 |           </div>
  907 |         </div>
> 908 |       </section>
      |         ^^^^^^^
  909 |
  910 |       {/* תוצאות חיפוש */}
  911 |       <div>

Parsing ecmascript source code failed

Import trace:
  Server Component:
    ./app/admin/AdminDashboard.tsx
    ./app/admin/page.tsx @ http://localhost:3000/_next/static/chunks/node_modules_next_dist_0u_w_5s._.js:1945
[ 3976121ms] [ERROR] ./app/admin/AdminDashboard.tsx:908:9
Expected corresponding JSX closing tag for <main>
  906 |           </div>
  907 |         </div>
> 908 |       </section>
      |         ^^^^^^^
  909 |
  910 |       {/* תוצאות חיפוש */}
  911 |       <div>

Parsing ecmascript source code failed

Import trace:
  Server Component:
    ./app/admin/AdminDashboard.tsx
    ./app/admin/page.tsx @ http://localhost:3000/_next/static/chunks/node_modules_next_dist_0u_w_5s._.js:1945
[ 3976194ms] [ERROR] ./app/admin/AdminDashboard.tsx:908:9
Expected corresponding JSX closing tag for <main>
  906 |           </div>
  907 |         </div>
> 908 |       </section>
      |         ^^^^^^^
  909 |
  910 |       {/* תוצאות חיפוש */}
  911 |       <div>

Parsing ecmascript source code failed

Import trace:
  Server Component:
    ./app/admin/AdminDashboard.tsx
    ./app/admin/page.tsx @ http://localhost:3000/_next/static/chunks/node_modules_next_dist_0u_w_5s._.js:1945
[ 3976276ms] [ERROR] ./app/admin/AdminDashboard.tsx:908:9
Expected corresponding JSX closing tag for <main>
  906 |           </div>
  907 |         </div>
> 908 |       </section>
      |         ^^^^^^^
  909 |
  910 |       {/* תוצאות חיפוש */}
  911 |       <div>

Parsing ecmascript source code failed

Import trace:
  Server Component:
    ./app/admin/AdminDashboard.tsx
    ./app/admin/page.tsx @ http://localhost:3000/_next/static/chunks/node_modules_next_dist_0u_w_5s._.js:1945
[ 3976344ms] [ERROR] ./app/admin/AdminDashboard.tsx:908:9
Expected corresponding JSX closing tag for <main>
  906 |           </div>
  907 |         </div>
> 908 |       </section>
      |         ^^^^^^^
  909 |
  910 |       {/* תוצאות חיפוש */}
  911 |       <div>

Parsing ecmascript source code failed

Import trace:
  Server Component:
    ./app/admin/AdminDashboard.tsx
    ./app/admin/page.tsx @ http://localhost:3000/_next/static/chunks/node_modules_next_dist_0u_w_5s._.js:1945
[ 3976427ms] [ERROR] ./app/admin/AdminDashboard.tsx:908:9
Expected corresponding JSX closing tag for <main>
  906 |           </div>
  907 |         </div>
> 908 |       </section>
      |         ^^^^^^^
  909 |
  910 |       {/* תוצאות חיפוש */}
  911 |       <div>

Parsing ecmascript source code failed

Import trace:
  Server Component:
    ./app/admin/AdminDashboard.tsx
    ./app/admin/page.tsx @ http://localhost:3000/_next/static/chunks/node_modules_next_dist_0u_w_5s._.js:1945
[ 3976497ms] [ERROR] ./app/admin/AdminDashboard.tsx:908:9
Expected corresponding JSX closing tag for <main>
  906 |           </div>
  907 |         </div>
> 908 |       </section>
      |         ^^^^^^^
  909 |
  910 |       {/* תוצאות חיפוש */}
  911 |       <div>

Parsing ecmascript source code failed

Import trace:
  Server Component:
    ./app/admin/AdminDashboard.tsx
    ./app/admin/page.tsx @ http://localhost:3000/_next/static/chunks/node_modules_next_dist_0u_w_5s._.js:1945
[ 3976577ms] [ERROR] ./app/admin/AdminDashboard.tsx:908:9
Expected corresponding JSX closing tag for <main>
  906 |           </div>
  907 |         </div>
> 908 |       </section>
      |         ^^^^^^^
  909 |
  910 |       {/* תוצאות חיפוש */}
  911 |       <div>

Parsing ecmascript source code failed

Import trace:
  Server Component:
    ./app/admin/AdminDashboard.tsx
    ./app/admin/page.tsx @ http://localhost:3000/_next/static/chunks/node_modules_next_dist_0u_w_5s._.js:1945
[ 3976657ms] [ERROR] ./app/admin/AdminDashboard.tsx:908:9
Expected corresponding JSX closing tag for <main>
  906 |           </div>
  907 |         </div>
> 908 |       </section>
      |         ^^^^^^^
  909 |
  910 |       {/* תוצאות חיפוש */}
  911 |       <div>

Parsing ecmascript source code failed

Import trace:
  Server Component:
    ./app/admin/AdminDashboard.tsx
    ./app/admin/page.tsx @ http://localhost:3000/_next/static/chunks/node_modules_next_dist_0u_w_5s._.js:1945
[ 3976724ms] [ERROR] ./app/admin/AdminDashboard.tsx:908:9
Expected corresponding JSX closing tag for <main>
  906 |           </div>
  907 |         </div>
> 908 |       </section>
      |         ^^^^^^^
  909 |
  910 |       {/* תוצאות חיפוש */}
  911 |       <div>

Parsing ecmascript source code failed

Import trace:
  Server Component:
    ./app/admin/AdminDashboard.tsx
    ./app/admin/page.tsx @ http://localhost:3000/_next/static/chunks/node_modules_next_dist_0u_w_5s._.js:1945
[ 3976792ms] [ERROR] ./app/admin/AdminDashboard.tsx:908:9
Expected corresponding JSX closing tag for <main>
  906 |           </div>
  907 |         </div>
> 908 |       </section>
      |         ^^^^^^^
  909 |
  910 |       {/* תוצאות חיפוש */}
  911 |       <div>

Parsing ecmascript source code failed

Import trace:
  Server Component:
    ./app/admin/AdminDashboard.tsx
    ./app/admin/page.tsx @ http://localhost:3000/_next/static/chunks/node_modules_next_dist_0u_w_5s._.js:1945
[ 3976857ms] [ERROR] ./app/admin/AdminDashboard.tsx:908:9
Expected corresponding JSX closing tag for <main>
  906 |           </div>
  907 |         </div>
> 908 |       </section>
      |         ^^^^^^^
  909 |
  910 |       {/* תוצאות חיפוש */}
  911 |       <div>

Parsing ecmascript source code failed

Import trace:
  Server Component:
    ./app/admin/AdminDashboard.tsx
    ./app/admin/page.tsx @ http://localhost:3000/_next/static/chunks/node_modules_next_dist_0u_w_5s._.js:1945
[ 3976923ms] [ERROR] ./app/admin/AdminDashboard.tsx:908:9
Expected corresponding JSX closing tag for <main>
  906 |           </div>
  907 |         </div>
> 908 |       </section>
      |         ^^^^^^^
  909 |
  910 |       {/* תוצאות חיפוש */}
  911 |       <div>

Parsing ecmascript source code failed

Import trace:
  Server Component:
    ./app/admin/AdminDashboard.tsx
    ./app/admin/page.tsx @ http://localhost:3000/_next/static/chunks/node_modules_next_dist_0u_w_5s._.js:1945
[ 3976990ms] [ERROR] ./app/admin/AdminDashboard.tsx:908:9
Expected corresponding JSX closing tag for <main>
  906 |           </div>
  907 |         </div>
> 908 |       </section>
      |         ^^^^^^^
  909 |
  910 |       {/* תוצאות חיפוש */}
  911 |       <div>

Parsing ecmascript source code failed

Import trace:
  Server Component:
    ./app/admin/AdminDashboard.tsx
    ./app/admin/page.tsx @ http://localhost:3000/_next/static/chunks/node_modules_next_dist_0u_w_5s._.js:1945
[ 3977055ms] [ERROR] ./app/admin/AdminDashboard.tsx:908:9
Expected corresponding JSX closing tag for <main>
  906 |           </div>
  907 |         </div>
> 908 |       </section>
      |         ^^^^^^^
  909 |
  910 |       {/* תוצאות חיפוש */}
  911 |       <div>

Parsing ecmascript source code failed

Import trace:
  Server Component:
    ./app/admin/AdminDashboard.tsx
    ./app/admin/page.tsx @ http://localhost:3000/_next/static/chunks/node_modules_next_dist_0u_w_5s._.js:1945
[ 3977123ms] [ERROR] ./app/admin/AdminDashboard.tsx:908:9
Expected corresponding JSX closing tag for <main>
  906 |           </div>
  907 |         </div>
> 908 |       </section>
      |         ^^^^^^^
  909 |
  910 |       {/* תוצאות חיפוש */}
  911 |       <div>

Parsing ecmascript source code failed

Import trace:
  Server Component:
    ./app/admin/AdminDashboard.tsx
    ./app/admin/page.tsx @ http://localhost:3000/_next/static/chunks/node_modules_next_dist_0u_w_5s._.js:1945
[ 3977186ms] [ERROR] ./app/admin/AdminDashboard.tsx:908:9
Expected corresponding JSX closing tag for <main>
  906 |           </div>
  907 |         </div>
> 908 |       </section>
      |         ^^^^^^^
  909 |
  910 |       {/* תוצאות חיפוש */}
  911 |       <div>

Parsing ecmascript source code failed

Import trace:
  Server Component:
    ./app/admin/AdminDashboard.tsx
    ./app/admin/page.tsx @ http://localhost:3000/_next/static/chunks/node_modules_next_dist_0u_w_5s._.js:1945
[ 3977256ms] [ERROR] ./app/admin/AdminDashboard.tsx:908:9
Expected corresponding JSX closing tag for <main>
  906 |           </div>
  907 |         </div>
> 908 |       </section>
      |         ^^^^^^^
  909 |
  910 |       {/* תוצאות חיפוש */}
  911 |       <div>

Parsing ecmascript source code failed

Import trace:
  Server Component:
    ./app/admin/AdminDashboard.tsx
    ./app/admin/page.tsx @ http://localhost:3000/_next/static/chunks/node_modules_next_dist_0u_w_5s._.js:1945
[ 3977323ms] [ERROR] ./app/admin/AdminDashboard.tsx:908:9
Expected corresponding JSX closing tag for <main>
  906 |           </div>
  907 |         </div>
> 908 |       </section>
      |         ^^^^^^^
  909 |
  910 |       {/* תוצאות חיפוש */}
  911 |       <div>

Parsing ecmascript source code failed

Import trace:
  Server Component:
    ./app/admin/AdminDashboard.tsx
    ./app/admin/page.tsx @ http://localhost:3000/_next/static/chunks/node_modules_next_dist_0u_w_5s._.js:1945
[ 3977391ms] [ERROR] ./app/admin/AdminDashboard.tsx:908:9
Expected corresponding JSX closing tag for <main>
  906 |           </div>
  907 |         </div>
> 908 |       </section>
      |         ^^^^^^^
  909 |
  910 |       {/* תוצאות חיפוש */}
  911 |       <div>

Parsing ecmascript source code failed

Import trace:
  Server Component:
    ./app/admin/AdminDashboard.tsx
    ./app/admin/page.tsx @ http://localhost:3000/_next/static/chunks/node_modules_next_dist_0u_w_5s._.js:1945
[ 3977456ms] [ERROR] ./app/admin/AdminDashboard.tsx:908:9
Expected corresponding JSX closing tag for <main>
  906 |           </div>
  907 |         </div>
> 908 |       </section>
      |         ^^^^^^^
  909 |
  910 |       {/* תוצאות חיפוש */}
  911 |       <div>

Parsing ecmascript source code failed

Import trace:
  Server Component:
    ./app/admin/AdminDashboard.tsx
    ./app/admin/page.tsx @ http://localhost:3000/_next/static/chunks/node_modules_next_dist_0u_w_5s._.js:1945
[ 3977523ms] [ERROR] ./app/admin/AdminDashboard.tsx:908:9
Expected corresponding JSX closing tag for <main>
  906 |           </div>
  907 |         </div>
> 908 |       </section>
      |         ^^^^^^^
  909 |
  910 |       {/* תוצאות חיפוש */}
  911 |       <div>

Parsing ecmascript source code failed

Import trace:
  Server Component:
    ./app/admin/AdminDashboard.tsx
    ./app/admin/page.tsx @ http://localhost:3000/_next/static/chunks/node_modules_next_dist_0u_w_5s._.js:1945
[ 3977594ms] [ERROR] ./app/admin/AdminDashboard.tsx:908:9
Expected corresponding JSX closing tag for <main>
  906 |           </div>
  907 |         </div>
> 908 |       </section>
      |         ^^^^^^^
  909 |
  910 |       {/* תוצאות חיפוש */}
  911 |       <div>

Parsing ecmascript source code failed

Import trace:
  Server Component:
    ./app/admin/AdminDashboard.tsx
    ./app/admin/page.tsx @ http://localhost:3000/_next/static/chunks/node_modules_next_dist_0u_w_5s._.js:1945
[ 3977662ms] [ERROR] ./app/admin/AdminDashboard.tsx:908:9
Expected corresponding JSX closing tag for <main>
  906 |           </div>
  907 |         </div>
> 908 |       </section>
      |         ^^^^^^^
  909 |
  910 |       {/* תוצאות חיפוש */}
  911 |       <div>

Parsing ecmascript source code failed

Import trace:
  Server Component:
    ./app/admin/AdminDashboard.tsx
    ./app/admin/page.tsx @ http://localhost:3000/_next/static/chunks/node_modules_next_dist_0u_w_5s._.js:1945
[ 3977725ms] [ERROR] ./app/admin/AdminDashboard.tsx:908:9
Expected corresponding JSX closing tag for <main>
  906 |           </div>
  907 |         </div>
> 908 |       </section>
      |         ^^^^^^^
  909 |
  910 |       {/* תוצאות חיפוש */}
  911 |       <div>

Parsing ecmascript source code failed

Import trace:
  Server Component:
    ./app/admin/AdminDashboard.tsx
    ./app/admin/page.tsx @ http://localhost:3000/_next/static/chunks/node_modules_next_dist_0u_w_5s._.js:1945
[ 3977795ms] [ERROR] ./app/admin/AdminDashboard.tsx:908:9
Expected corresponding JSX closing tag for <main>
  906 |           </div>
  907 |         </div>
> 908 |       </section>
      |         ^^^^^^^
  909 |
  910 |       {/* תוצאות חיפוש */}
  911 |       <div>

Parsing ecmascript source code failed

Import trace:
  Server Component:
    ./app/admin/AdminDashboard.tsx
    ./app/admin/page.tsx @ http://localhost:3000/_next/static/chunks/node_modules_next_dist_0u_w_5s._.js:1945
[ 3977874ms] [ERROR] ./app/admin/AdminDashboard.tsx:908:9
Expected corresponding JSX closing tag for <main>
  906 |           </div>
  907 |         </div>
> 908 |       </section>
      |         ^^^^^^^
  909 |
  910 |       {/* תוצאות חיפוש */}
  911 |       <div>

Parsing ecmascript source code failed

Import trace:
  Server Component:
    ./app/admin/AdminDashboard.tsx
    ./app/admin/page.tsx @ http://localhost:3000/_next/static/chunks/node_modules_next_dist_0u_w_5s._.js:1945
[ 3977944ms] [ERROR] ./app/admin/AdminDashboard.tsx:908:9
Expected corresponding JSX closing tag for <main>
  906 |           </div>
  907 |         </div>
> 908 |       </section>
      |         ^^^^^^^
  909 |
  910 |       {/* תוצאות חיפוש */}
  911 |       <div>

Parsing ecmascript source code failed

Import trace:
  Server Component:
    ./app/admin/AdminDashboard.tsx
    ./app/admin/page.tsx @ http://localhost:3000/_next/static/chunks/node_modules_next_dist_0u_w_5s._.js:1945
[ 3978009ms] [ERROR] ./app/admin/AdminDashboard.tsx:908:9
Expected corresponding JSX closing tag for <main>
  906 |           </div>
  907 |         </div>
> 908 |       </section>
      |         ^^^^^^^
  909 |
  910 |       {/* תוצאות חיפוש */}
  911 |       <div>

Parsing ecmascript source code failed

Import trace:
  Server Component:
    ./app/admin/AdminDashboard.tsx
    ./app/admin/page.tsx @ http://localhost:3000/_next/static/chunks/node_modules_next_dist_0u_w_5s._.js:1945
[ 3978074ms] [ERROR] ./app/admin/AdminDashboard.tsx:908:9
Expected corresponding JSX closing tag for <main>
  906 |           </div>
  907 |         </div>
> 908 |       </section>
      |         ^^^^^^^
  909 |
  910 |       {/* תוצאות חיפוש */}
  911 |       <div>

Parsing ecmascript source code failed

Import trace:
  Server Component:
    ./app/admin/AdminDashboard.tsx
    ./app/admin/page.tsx @ http://localhost:3000/_next/static/chunks/node_modules_next_dist_0u_w_5s._.js:1945
[ 3978134ms] [ERROR] ./app/admin/AdminDashboard.tsx:908:9
Expected corresponding JSX closing tag for <main>
  906 |           </div>
  907 |         </div>
> 908 |       </section>
      |         ^^^^^^^
  909 |
  910 |       {/* תוצאות חיפוש */}
  911 |       <div>

Parsing ecmascript source code failed

Import trace:
  Server Component:
    ./app/admin/AdminDashboard.tsx
    ./app/admin/page.tsx @ http://localhost:3000/_next/static/chunks/node_modules_next_dist_0u_w_5s._.js:1945
[ 3978198ms] [ERROR] ./app/admin/AdminDashboard.tsx:908:9
Expected corresponding JSX closing tag for <main>
  906 |           </div>
  907 |         </div>
> 908 |       </section>
      |         ^^^^^^^
  909 |
  910 |       {/* תוצאות חיפוש */}
  911 |       <div>

Parsing ecmascript source code failed

Import trace:
  Server Component:
    ./app/admin/AdminDashboard.tsx
    ./app/admin/page.tsx @ http://localhost:3000/_next/static/chunks/node_modules_next_dist_0u_w_5s._.js:1945
[ 3978280ms] [ERROR] ./app/admin/AdminDashboard.tsx:908:9
Expected corresponding JSX closing tag for <main>
  906 |           </div>
  907 |         </div>
> 908 |       </section>
      |         ^^^^^^^
  909 |
  910 |       {/* תוצאות חיפוש */}
  911 |       <div>

Parsing ecmascript source code failed

Import trace:
  Server Component:
    ./app/admin/AdminDashboard.tsx
    ./app/admin/page.tsx @ http://localhost:3000/_next/static/chunks/node_modules_next_dist_0u_w_5s._.js:1945
[ 3978357ms] [ERROR] ./app/admin/AdminDashboard.tsx:908:9
Expected corresponding JSX closing tag for <main>
  906 |           </div>
  907 |         </div>
> 908 |       </section>
      |         ^^^^^^^
  909 |
  910 |       {/* תוצאות חיפוש */}
  911 |       <div>

Parsing ecmascript source code failed

Import trace:
  Server Component:
    ./app/admin/AdminDashboard.tsx
    ./app/admin/page.tsx @ http://localhost:3000/_next/static/chunks/node_modules_next_dist_0u_w_5s._.js:1945
[ 3978420ms] [ERROR] ./app/admin/AdminDashboard.tsx:908:9
Expected corresponding JSX closing tag for <main>
  906 |           </div>
  907 |         </div>
> 908 |       </section>
      |         ^^^^^^^
  909 |
  910 |       {/* תוצאות חיפוש */}
  911 |       <div>

Parsing ecmascript source code failed

Import trace:
  Server Component:
    ./app/admin/AdminDashboard.tsx
    ./app/admin/page.tsx @ http://localhost:3000/_next/static/chunks/node_modules_next_dist_0u_w_5s._.js:1945
[ 3978481ms] [ERROR] ./app/admin/AdminDashboard.tsx:908:9
Expected corresponding JSX closing tag for <main>
  906 |           </div>
  907 |         </div>
> 908 |       </section>
      |         ^^^^^^^
  909 |
  910 |       {/* תוצאות חיפוש */}
  911 |       <div>

Parsing ecmascript source code failed

Import trace:
  Server Component:
    ./app/admin/AdminDashboard.tsx
    ./app/admin/page.tsx @ http://localhost:3000/_next/static/chunks/node_modules_next_dist_0u_w_5s._.js:1945
[ 3978543ms] [ERROR] ./app/admin/AdminDashboard.tsx:908:9
Expected corresponding JSX closing tag for <main>
  906 |           </div>
  907 |         </div>
> 908 |       </section>
      |         ^^^^^^^
  909 |
  910 |       {/* תוצאות חיפוש */}
  911 |       <div>

Parsing ecmascript source code failed

Import trace:
  Server Component:
    ./app/admin/AdminDashboard.tsx
    ./app/admin/page.tsx @ http://localhost:3000/_next/static/chunks/node_modules_next_dist_0u_w_5s._.js:1945
[ 3978610ms] [ERROR] ./app/admin/AdminDashboard.tsx:908:9
Expected corresponding JSX closing tag for <main>
  906 |           </div>
  907 |         </div>
> 908 |       </section>
      |         ^^^^^^^
  909 |
  910 |       {/* תוצאות חיפוש */}
  911 |       <div>

Parsing ecmascript source code failed

Import trace:
  Server Component:
    ./app/admin/AdminDashboard.tsx
    ./app/admin/page.tsx @ http://localhost:3000/_next/static/chunks/node_modules_next_dist_0u_w_5s._.js:1945
[ 3978673ms] [ERROR] ./app/admin/AdminDashboard.tsx:908:9
Expected corresponding JSX closing tag for <main>
  906 |           </div>
  907 |         </div>
> 908 |       </section>
      |         ^^^^^^^
  909 |
  910 |       {/* תוצאות חיפוש */}
  911 |       <div>

Parsing ecmascript source code failed

Import trace:
  Server Component:
    ./app/admin/AdminDashboard.tsx
    ./app/admin/page.tsx @ http://localhost:3000/_next/static/chunks/node_modules_next_dist_0u_w_5s._.js:1945
[ 3978727ms] [ERROR] ./app/admin/AdminDashboard.tsx:908:9
Expected corresponding JSX closing tag for <main>
  906 |           </div>
  907 |         </div>
> 908 |       </section>
      |         ^^^^^^^
  909 |
  910 |       {/* תוצאות חיפוש */}
  911 |       <div>

Parsing ecmascript source code failed

Import trace:
  Server Component:
    ./app/admin/AdminDashboard.tsx
    ./app/admin/page.tsx @ http://localhost:3000/_next/static/chunks/node_modules_next_dist_0u_w_5s._.js:1945
[ 3978794ms] [ERROR] ./app/admin/AdminDashboard.tsx:908:9
Expected corresponding JSX closing tag for <main>
  906 |           </div>
  907 |         </div>
> 908 |       </section>
      |         ^^^^^^^
  909 |
  910 |       {/* תוצאות חיפוש */}
  911 |       <div>

Parsing ecmascript source code failed

Import trace:
  Server Component:
    ./app/admin/AdminDashboard.tsx
    ./app/admin/page.tsx @ http://localhost:3000/_next/static/chunks/node_modules_next_dist_0u_w_5s._.js:1945
[ 3978862ms] [ERROR] ./app/admin/AdminDashboard.tsx:908:9
Expected corresponding JSX closing tag for <main>
  906 |           </div>
  907 |         </div>
> 908 |       </section>
      |         ^^^^^^^
  909 |
  910 |       {/* תוצאות חיפוש */}
  911 |       <div>

Parsing ecmascript source code failed

Import trace:
  Server Component:
    ./app/admin/AdminDashboard.tsx
    ./app/admin/page.tsx @ http://localhost:3000/_next/static/chunks/node_modules_next_dist_0u_w_5s._.js:1945
[ 3978923ms] [ERROR] ./app/admin/AdminDashboard.tsx:908:9
Expected corresponding JSX closing tag for <main>
  906 |           </div>
  907 |         </div>
> 908 |       </section>
      |         ^^^^^^^
  909 |
  910 |       {/* תוצאות חיפוש */}
  911 |       <div>

Parsing ecmascript source code failed

Import trace:
  Server Component:
    ./app/admin/AdminDashboard.tsx
    ./app/admin/page.tsx @ http://localhost:3000/_next/static/chunks/node_modules_next_dist_0u_w_5s._.js:1945
[ 3978985ms] [ERROR] ./app/admin/AdminDashboard.tsx:908:9
Expected corresponding JSX closing tag for <main>
  906 |           </div>
  907 |         </div>
> 908 |       </section>
      |         ^^^^^^^
  909 |
  910 |       {/* תוצאות חיפוש */}
  911 |       <div>

Parsing ecmascript source code failed

Import trace:
  Server Component:
    ./app/admin/AdminDashboard.tsx
    ./app/admin/page.tsx @ http://localhost:3000/_next/static/chunks/node_modules_next_dist_0u_w_5s._.js:1945
[ 3979058ms] [ERROR] ./app/admin/AdminDashboard.tsx:908:9
Expected corresponding JSX closing tag for <main>
  906 |           </div>
  907 |         </div>
> 908 |       </section>
      |         ^^^^^^^
  909 |
  910 |       {/* תוצאות חיפוש */}
  911 |       <div>

Parsing ecmascript source code failed

Import trace:
  Server Component:
    ./app/admin/AdminDashboard.tsx
    ./app/admin/page.tsx @ http://localhost:3000/_next/static/chunks/node_modules_next_dist_0u_w_5s._.js:1945
[ 3979121ms] [ERROR] ./app/admin/AdminDashboard.tsx:908:9
Expected corresponding JSX closing tag for <main>
  906 |           </div>
  907 |         </div>
> 908 |       </section>
      |         ^^^^^^^
  909 |
  910 |       {/* תוצאות חיפוש */}
  911 |       <div>

Parsing ecmascript source code failed

Import trace:
  Server Component:
    ./app/admin/AdminDashboard.tsx
    ./app/admin/page.tsx @ http://localhost:3000/_next/static/chunks/node_modules_next_dist_0u_w_5s._.js:1945
[ 3979189ms] [ERROR] ./app/admin/AdminDashboard.tsx:908:9
Expected corresponding JSX closing tag for <main>
  906 |           </div>
  907 |         </div>
> 908 |       </section>
      |         ^^^^^^^
  909 |
  910 |       {/* תוצאות חיפוש */}
  911 |       <div>

Parsing ecmascript source code failed

Import trace:
  Server Component:
    ./app/admin/AdminDashboard.tsx
    ./app/admin/page.tsx @ http://localhost:3000/_next/static/chunks/node_modules_next_dist_0u_w_5s._.js:1945
[ 3979257ms] [ERROR] ./app/admin/AdminDashboard.tsx:908:9
Expected corresponding JSX closing tag for <main>
  906 |           </div>
  907 |         </div>
> 908 |       </section>
      |         ^^^^^^^
  909 |
  910 |       {/* תוצאות חיפוש */}
  911 |       <div>

Parsing ecmascript source code failed

Import trace:
  Server Component:
    ./app/admin/AdminDashboard.tsx
    ./app/admin/page.tsx @ http://localhost:3000/_next/static/chunks/node_modules_next_dist_0u_w_5s._.js:1945
[ 3979391ms] [LOG] [Fast Refresh] rebuilding @ http://localhost:3000/_next/static/chunks/node_modules_next_dist_0u_w_5s._.js:1226
[ 3979410ms] [ERROR] ./app/admin/AdminDashboard.tsx:908:9
Expected corresponding JSX closing tag for <main>
  906 |           </div>
  907 |         </div>
> 908 |       </section>
      |         ^^^^^^^
  909 |
  910 |       {/* תוצאות חיפוש */}
  911 |       <div>

Parsing ecmascript source code failed

Import trace:
  Server Component:
    ./app/admin/AdminDashboard.tsx
    ./app/admin/page.tsx @ http://localhost:3000/_next/static/chunks/node_modules_next_dist_0u_w_5s._.js:1945
[ 3979492ms] [ERROR] ./app/admin/AdminDashboard.tsx:908:9
Expected corresponding JSX closing tag for <main>
  906 |           </div>
  907 |         </div>
> 908 |       </section>
      |         ^^^^^^^
  909 |
  910 |       {/* תוצאות חיפוש */}
  911 |       <div>

Parsing ecmascript source code failed

Import trace:
  Server Component:
    ./app/admin/AdminDashboard.tsx
    ./app/admin/page.tsx @ http://localhost:3000/_next/static/chunks/node_modules_next_dist_0u_w_5s._.js:1945
[ 3979561ms] [ERROR] ./app/admin/AdminDashboard.tsx:908:9
Expected corresponding JSX closing tag for <main>
  906 |           </div>
  907 |         </div>
> 908 |       </section>
      |         ^^^^^^^
  909 |
  910 |       {/* תוצאות חיפוש */}
  911 |       <div>

Parsing ecmascript source code failed

Import trace:
  Server Component:
    ./app/admin/AdminDashboard.tsx
    ./app/admin/page.tsx @ http://localhost:3000/_next/static/chunks/node_modules_next_dist_0u_w_5s._.js:1945
[ 3979641ms] [ERROR] ./app/admin/AdminDashboard.tsx:908:9
Expected corresponding JSX closing tag for <main>
  906 |           </div>
  907 |         </div>
> 908 |       </section>
      |         ^^^^^^^
  909 |
  910 |       {/* תוצאות חיפוש */}
  911 |       <div>

Parsing ecmascript source code failed

Import trace:
  Server Component:
    ./app/admin/AdminDashboard.tsx
    ./app/admin/page.tsx @ http://localhost:3000/_next/static/chunks/node_modules_next_dist_0u_w_5s._.js:1945
[ 3979707ms] [ERROR] ./app/admin/AdminDashboard.tsx:908:9
Expected corresponding JSX closing tag for <main>
  906 |           </div>
  907 |         </div>
> 908 |       </section>
      |         ^^^^^^^
  909 |
  910 |       {/* תוצאות חיפוש */}
  911 |       <div>

Parsing ecmascript source code failed

Import trace:
  Server Component:
    ./app/admin/AdminDashboard.tsx
    ./app/admin/page.tsx @ http://localhost:3000/_next/static/chunks/node_modules_next_dist_0u_w_5s._.js:1945
[ 3979780ms] [ERROR] ./app/admin/AdminDashboard.tsx:908:9
Expected corresponding JSX closing tag for <main>
  906 |           </div>
  907 |         </div>
> 908 |       </section>
      |         ^^^^^^^
  909 |
  910 |       {/* תוצאות חיפוש */}
  911 |       <div>

Parsing ecmascript source code failed

Import trace:
  Server Component:
    ./app/admin/AdminDashboard.tsx
    ./app/admin/page.tsx @ http://localhost:3000/_next/static/chunks/node_modules_next_dist_0u_w_5s._.js:1945
[ 3979842ms] [ERROR] ./app/admin/AdminDashboard.tsx:908:9
Expected corresponding JSX closing tag for <main>
  906 |           </div>
  907 |         </div>
> 908 |       </section>
      |         ^^^^^^^
  909 |
  910 |       {/* תוצאות חיפוש */}
  911 |       <div>

Parsing ecmascript source code failed

Import trace:
  Server Component:
    ./app/admin/AdminDashboard.tsx
    ./app/admin/page.tsx @ http://localhost:3000/_next/static/chunks/node_modules_next_dist_0u_w_5s._.js:1945
[ 3979902ms] [ERROR] ./app/admin/AdminDashboard.tsx:908:9
Expected corresponding JSX closing tag for <main>
  906 |           </div>
  907 |         </div>
> 908 |       </section>
      |         ^^^^^^^
  909 |
  910 |       {/* תוצאות חיפוש */}
  911 |       <div>

Parsing ecmascript source code failed

Import trace:
  Server Component:
    ./app/admin/AdminDashboard.tsx
    ./app/admin/page.tsx @ http://localhost:3000/_next/static/chunks/node_modules_next_dist_0u_w_5s._.js:1945
[ 3979978ms] [ERROR] ./app/admin/AdminDashboard.tsx:908:9
Expected corresponding JSX closing tag for <main>
  906 |           </div>
  907 |         </div>
> 908 |       </section>
      |         ^^^^^^^
  909 |
  910 |       {/* תוצאות חיפוש */}
  911 |       <div>

Parsing ecmascript source code failed

Import trace:
  Server Component:
    ./app/admin/AdminDashboard.tsx
    ./app/admin/page.tsx @ http://localhost:3000/_next/static/chunks/node_modules_next_dist_0u_w_5s._.js:1945
[ 3980042ms] [ERROR] ./app/admin/AdminDashboard.tsx:908:9
Expected corresponding JSX closing tag for <main>
  906 |           </div>
  907 |         </div>
> 908 |       </section>
      |         ^^^^^^^
  909 |
  910 |       {/* תוצאות חיפוש */}
  911 |       <div>

Parsing ecmascript source code failed

Import trace:
  Server Component:
    ./app/admin/AdminDashboard.tsx
    ./app/admin/page.tsx @ http://localhost:3000/_next/static/chunks/node_modules_next_dist_0u_w_5s._.js:1945
[ 3980108ms] [ERROR] ./app/admin/AdminDashboard.tsx:908:9
Expected corresponding JSX closing tag for <main>
  906 |           </div>
  907 |         </div>
> 908 |       </section>
      |         ^^^^^^^
  909 |
  910 |       {/* תוצאות חיפוש */}
  911 |       <div>

Parsing ecmascript source code failed

Import trace:
  Server Component:
    ./app/admin/AdminDashboard.tsx
    ./app/admin/page.tsx @ http://localhost:3000/_next/static/chunks/node_modules_next_dist_0u_w_5s._.js:1945
[ 3980170ms] [ERROR] ./app/admin/AdminDashboard.tsx:908:9
Expected corresponding JSX closing tag for <main>
  906 |           </div>
  907 |         </div>
> 908 |       </section>
      |         ^^^^^^^
  909 |
  910 |       {/* תוצאות חיפוש */}
  911 |       <div>

Parsing ecmascript source code failed

Import trace:
  Server Component:
    ./app/admin/AdminDashboard.tsx
    ./app/admin/page.tsx @ http://localhost:3000/_next/static/chunks/node_modules_next_dist_0u_w_5s._.js:1945
[ 3980224ms] [ERROR] ./app/admin/AdminDashboard.tsx:908:9
Expected corresponding JSX closing tag for <main>
  906 |           </div>
  907 |         </div>
> 908 |       </section>
      |         ^^^^^^^
  909 |
  910 |       {/* תוצאות חיפוש */}
  911 |       <div>

Parsing ecmascript source code failed

Import trace:
  Server Component:
    ./app/admin/AdminDashboard.tsx
    ./app/admin/page.tsx @ http://localhost:3000/_next/static/chunks/node_modules_next_dist_0u_w_5s._.js:1945
[ 3980295ms] [ERROR] ./app/admin/AdminDashboard.tsx:908:9
Expected corresponding JSX closing tag for <main>
  906 |           </div>
  907 |         </div>
> 908 |       </section>
      |         ^^^^^^^
  909 |
  910 |       {/* תוצאות חיפוש */}
  911 |       <div>

Parsing ecmascript source code failed

Import trace:
  Server Component:
    ./app/admin/AdminDashboard.tsx
    ./app/admin/page.tsx @ http://localhost:3000/_next/static/chunks/node_modules_next_dist_0u_w_5s._.js:1945
[ 3980361ms] [ERROR] ./app/admin/AdminDashboard.tsx:908:9
Expected corresponding JSX closing tag for <main>
  906 |           </div>
  907 |         </div>
> 908 |       </section>
      |         ^^^^^^^
  909 |
  910 |       {/* תוצאות חיפוש */}
  911 |       <div>

Parsing ecmascript source code failed

Import trace:
  Server Component:
    ./app/admin/AdminDashboard.tsx
    ./app/admin/page.tsx @ http://localhost:3000/_next/static/chunks/node_modules_next_dist_0u_w_5s._.js:1945
[ 3980427ms] [ERROR] ./app/admin/AdminDashboard.tsx:908:9
Expected corresponding JSX closing tag for <main>
  906 |           </div>
  907 |         </div>
> 908 |       </section>
      |         ^^^^^^^
  909 |
  910 |       {/* תוצאות חיפוש */}
  911 |       <div>

Parsing ecmascript source code failed

Import trace:
  Server Component:
    ./app/admin/AdminDashboard.tsx
    ./app/admin/page.tsx @ http://localhost:3000/_next/static/chunks/node_modules_next_dist_0u_w_5s._.js:1945
[ 3980494ms] [ERROR] ./app/admin/AdminDashboard.tsx:908:9
Expected corresponding JSX closing tag for <main>
  906 |           </div>
  907 |         </div>
> 908 |       </section>
      |         ^^^^^^^
  909 |
  910 |       {/* תוצאות חיפוש */}
  911 |       <div>

Parsing ecmascript source code failed

Import trace:
  Server Component:
    ./app/admin/AdminDashboard.tsx
    ./app/admin/page.tsx @ http://localhost:3000/_next/static/chunks/node_modules_next_dist_0u_w_5s._.js:1945
[ 3980560ms] [ERROR] ./app/admin/AdminDashboard.tsx:908:9
Expected corresponding JSX closing tag for <main>
  906 |           </div>
  907 |         </div>
> 908 |       </section>
      |         ^^^^^^^
  909 |
  910 |       {/* תוצאות חיפוש */}
  911 |       <div>

Parsing ecmascript source code failed

Import trace:
  Server Component:
    ./app/admin/AdminDashboard.tsx
    ./app/admin/page.tsx @ http://localhost:3000/_next/static/chunks/node_modules_next_dist_0u_w_5s._.js:1945
[ 3980626ms] [ERROR] ./app/admin/AdminDashboard.tsx:908:9
Expected corresponding JSX closing tag for <main>
  906 |           </div>
  907 |         </div>
> 908 |       </section>
      |         ^^^^^^^
  909 |
  910 |       {/* תוצאות חיפוש */}
  911 |       <div>

Parsing ecmascript source code failed

Import trace:
  Server Component:
    ./app/admin/AdminDashboard.tsx
    ./app/admin/page.tsx @ http://localhost:3000/_next/static/chunks/node_modules_next_dist_0u_w_5s._.js:1945
[ 3980690ms] [ERROR] ./app/admin/AdminDashboard.tsx:908:9
Expected corresponding JSX closing tag for <main>
  906 |           </div>
  907 |         </div>
> 908 |       </section>
      |         ^^^^^^^
  909 |
  910 |       {/* תוצאות חיפוש */}
  911 |       <div>

Parsing ecmascript source code failed

Import trace:
  Server Component:
    ./app/admin/AdminDashboard.tsx
    ./app/admin/page.tsx @ http://localhost:3000/_next/static/chunks/node_modules_next_dist_0u_w_5s._.js:1945
[ 3980750ms] [ERROR] ./app/admin/AdminDashboard.tsx:908:9
Expected corresponding JSX closing tag for <main>
  906 |           </div>
  907 |         </div>
> 908 |       </section>
      |         ^^^^^^^
  909 |
  910 |       {/* תוצאות חיפוש */}
  911 |       <div>

Parsing ecmascript source code failed

Import trace:
  Server Component:
    ./app/admin/AdminDashboard.tsx
    ./app/admin/page.tsx @ http://localhost:3000/_next/static/chunks/node_modules_next_dist_0u_w_5s._.js:1945
[ 3980828ms] [ERROR] ./app/admin/AdminDashboard.tsx:908:9
Expected corresponding JSX closing tag for <main>
  906 |           </div>
  907 |         </div>
> 908 |       </section>
      |         ^^^^^^^
  909 |
  910 |       {/* תוצאות חיפוש */}
  911 |       <div>

Parsing ecmascript source code failed

Import trace:
  Server Component:
    ./app/admin/AdminDashboard.tsx
    ./app/admin/page.tsx @ http://localhost:3000/_next/static/chunks/node_modules_next_dist_0u_w_5s._.js:1945
[ 3980897ms] [ERROR] ./app/admin/AdminDashboard.tsx:908:9
Expected corresponding JSX closing tag for <main>
  906 |           </div>
  907 |         </div>
> 908 |       </section>
      |         ^^^^^^^
  909 |
  910 |       {/* תוצאות חיפוש */}
  911 |       <div>

Parsing ecmascript source code failed

Import trace:
  Server Component:
    ./app/admin/AdminDashboard.tsx
    ./app/admin/page.tsx @ http://localhost:3000/_next/static/chunks/node_modules_next_dist_0u_w_5s._.js:1945
[ 3980966ms] [ERROR] ./app/admin/AdminDashboard.tsx:908:9
Expected corresponding JSX closing tag for <main>
  906 |           </div>
  907 |         </div>
> 908 |       </section>
      |         ^^^^^^^
  909 |
  910 |       {/* תוצאות חיפוש */}
  911 |       <div>

Parsing ecmascript source code failed

Import trace:
  Server Component:
    ./app/admin/AdminDashboard.tsx
    ./app/admin/page.tsx @ http://localhost:3000/_next/static/chunks/node_modules_next_dist_0u_w_5s._.js:1945
[ 3981045ms] [ERROR] ./app/admin/AdminDashboard.tsx:908:9
Expected corresponding JSX closing tag for <main>
  906 |           </div>
  907 |         </div>
> 908 |       </section>
      |         ^^^^^^^
  909 |
  910 |       {/* תוצאות חיפוש */}
  911 |       <div>

Parsing ecmascript source code failed

Import trace:
  Server Component:
    ./app/admin/AdminDashboard.tsx
    ./app/admin/page.tsx @ http://localhost:3000/_next/static/chunks/node_modules_next_dist_0u_w_5s._.js:1945
[ 3981126ms] [ERROR] ./app/admin/AdminDashboard.tsx:908:9
Expected corresponding JSX closing tag for <main>
  906 |           </div>
  907 |         </div>
> 908 |       </section>
      |         ^^^^^^^
  909 |
  910 |       {/* תוצאות חיפוש */}
  911 |       <div>

Parsing ecmascript source code failed

Import trace:
  Server Component:
    ./app/admin/AdminDashboard.tsx
    ./app/admin/page.tsx @ http://localhost:3000/_next/static/chunks/node_modules_next_dist_0u_w_5s._.js:1945
[ 3981192ms] [ERROR] ./app/admin/AdminDashboard.tsx:908:9
Expected corresponding JSX closing tag for <main>
  906 |           </div>
  907 |         </div>
> 908 |       </section>
      |         ^^^^^^^
  909 |
  910 |       {/* תוצאות חיפוש */}
  911 |       <div>

Parsing ecmascript source code failed

Import trace:
  Server Component:
    ./app/admin/AdminDashboard.tsx
    ./app/admin/page.tsx @ http://localhost:3000/_next/static/chunks/node_modules_next_dist_0u_w_5s._.js:1945
[ 3981261ms] [ERROR] ./app/admin/AdminDashboard.tsx:908:9
Expected corresponding JSX closing tag for <main>
  906 |           </div>
  907 |         </div>
> 908 |       </section>
      |         ^^^^^^^
  909 |
  910 |       {/* תוצאות חיפוש */}
  911 |       <div>

Parsing ecmascript source code failed

Import trace:
  Server Component:
    ./app/admin/AdminDashboard.tsx
    ./app/admin/page.tsx @ http://localhost:3000/_next/static/chunks/node_modules_next_dist_0u_w_5s._.js:1945
[ 3981325ms] [ERROR] ./app/admin/AdminDashboard.tsx:908:9
Expected corresponding JSX closing tag for <main>
  906 |           </div>
  907 |         </div>
> 908 |       </section>
      |         ^^^^^^^
  909 |
  910 |       {/* תוצאות חיפוש */}
  911 |       <div>

Parsing ecmascript source code failed

Import trace:
  Server Component:
    ./app/admin/AdminDashboard.tsx
    ./app/admin/page.tsx @ http://localhost:3000/_next/static/chunks/node_modules_next_dist_0u_w_5s._.js:1945
[ 3981410ms] [ERROR] ./app/admin/AdminDashboard.tsx:908:9
Expected corresponding JSX closing tag for <main>
  906 |           </div>
  907 |         </div>
> 908 |       </section>
      |         ^^^^^^^
  909 |
  910 |       {/* תוצאות חיפוש */}
  911 |       <div>

Parsing ecmascript source code failed

Import trace:
  Server Component:
    ./app/admin/AdminDashboard.tsx
    ./app/admin/page.tsx @ http://localhost:3000/_next/static/chunks/node_modules_next_dist_0u_w_5s._.js:1945
[ 3981492ms] [ERROR] ./app/admin/AdminDashboard.tsx:908:9
Expected corresponding JSX closing tag for <main>
  906 |           </div>
  907 |         </div>
> 908 |       </section>
      |         ^^^^^^^
  909 |
  910 |       {/* תוצאות חיפוש */}
  911 |       <div>

Parsing ecmascript source code failed

Import trace:
  Server Component:
    ./app/admin/AdminDashboard.tsx
    ./app/admin/page.tsx @ http://localhost:3000/_next/static/chunks/node_modules_next_dist_0u_w_5s._.js:1945
[ 3981578ms] [ERROR] ./app/admin/AdminDashboard.tsx:908:9
Expected corresponding JSX closing tag for <main>
  906 |           </div>
  907 |         </div>
> 908 |       </section>
      |         ^^^^^^^
  909 |
  910 |       {/* תוצאות חיפוש */}
  911 |       <div>

Parsing ecmascript source code failed

Import trace:
  Server Component:
    ./app/admin/AdminDashboard.tsx
    ./app/admin/page.tsx @ http://localhost:3000/_next/static/chunks/node_modules_next_dist_0u_w_5s._.js:1945
[ 3981642ms] [ERROR] ./app/admin/AdminDashboard.tsx:908:9
Expected corresponding JSX closing tag for <main>
  906 |           </div>
  907 |         </div>
> 908 |       </section>
      |         ^^^^^^^
  909 |
  910 |       {/* תוצאות חיפוש */}
  911 |       <div>

Parsing ecmascript source code failed

Import trace:
  Server Component:
    ./app/admin/AdminDashboard.tsx
    ./app/admin/page.tsx @ http://localhost:3000/_next/static/chunks/node_modules_next_dist_0u_w_5s._.js:1945
[ 3981708ms] [ERROR] ./app/admin/AdminDashboard.tsx:908:9
Expected corresponding JSX closing tag for <main>
  906 |           </div>
  907 |         </div>
> 908 |       </section>
      |         ^^^^^^^
  909 |
  910 |       {/* תוצאות חיפוש */}
  911 |       <div>

Parsing ecmascript source code failed

Import trace:
  Server Component:
    ./app/admin/AdminDashboard.tsx
    ./app/admin/page.tsx @ http://localhost:3000/_next/static/chunks/node_modules_next_dist_0u_w_5s._.js:1945
[ 3981776ms] [ERROR] ./app/admin/AdminDashboard.tsx:908:9
Expected corresponding JSX closing tag for <main>
  906 |           </div>
  907 |         </div>
> 908 |       </section>
      |         ^^^^^^^
  909 |
  910 |       {/* תוצאות חיפוש */}
  911 |       <div>

Parsing ecmascript source code failed

Import trace:
  Server Component:
    ./app/admin/AdminDashboard.tsx
    ./app/admin/page.tsx @ http://localhost:3000/_next/static/chunks/node_modules_next_dist_0u_w_5s._.js:1945
[ 3981844ms] [ERROR] ./app/admin/AdminDashboard.tsx:908:9
Expected corresponding JSX closing tag for <main>
  906 |           </div>
  907 |         </div>
> 908 |       </section>
      |         ^^^^^^^
  909 |
  910 |       {/* תוצאות חיפוש */}
  911 |       <div>

Parsing ecmascript source code failed

Import trace:
  Server Component:
    ./app/admin/AdminDashboard.tsx
    ./app/admin/page.tsx @ http://localhost:3000/_next/static/chunks/node_modules_next_dist_0u_w_5s._.js:1945
[ 3981908ms] [ERROR] ./app/admin/AdminDashboard.tsx:908:9
Expected corresponding JSX closing tag for <main>
  906 |           </div>
  907 |         </div>
> 908 |       </section>
      |         ^^^^^^^
  909 |
  910 |       {/* תוצאות חיפוש */}
  911 |       <div>

Parsing ecmascript source code failed

Import trace:
  Server Component:
    ./app/admin/AdminDashboard.tsx
    ./app/admin/page.tsx @ http://localhost:3000/_next/static/chunks/node_modules_next_dist_0u_w_5s._.js:1945
[ 3981977ms] [ERROR] ./app/admin/AdminDashboard.tsx:908:9
Expected corresponding JSX closing tag for <main>
  906 |           </div>
  907 |         </div>
> 908 |       </section>
      |         ^^^^^^^
  909 |
  910 |       {/* תוצאות חיפוש */}
  911 |       <div>

Parsing ecmascript source code failed

Import trace:
  Server Component:
    ./app/admin/AdminDashboard.tsx
    ./app/admin/page.tsx @ http://localhost:3000/_next/static/chunks/node_modules_next_dist_0u_w_5s._.js:1945
[ 3982041ms] [ERROR] ./app/admin/AdminDashboard.tsx:908:9
Expected corresponding JSX closing tag for <main>
  906 |           </div>
  907 |         </div>
> 908 |       </section>
      |         ^^^^^^^
  909 |
  910 |       {/* תוצאות חיפוש */}
  911 |       <div>

Parsing ecmascript source code failed

Import trace:
  Server Component:
    ./app/admin/AdminDashboard.tsx
    ./app/admin/page.tsx @ http://localhost:3000/_next/static/chunks/node_modules_next_dist_0u_w_5s._.js:1945
[ 3982106ms] [ERROR] ./app/admin/AdminDashboard.tsx:908:9
Expected corresponding JSX closing tag for <main>
  906 |           </div>
  907 |         </div>
> 908 |       </section>
      |         ^^^^^^^
  909 |
  910 |       {/* תוצאות חיפוש */}
  911 |       <div>

Parsing ecmascript source code failed

Import trace:
  Server Component:
    ./app/admin/AdminDashboard.tsx
    ./app/admin/page.tsx @ http://localhost:3000/_next/static/chunks/node_modules_next_dist_0u_w_5s._.js:1945
[ 3982172ms] [ERROR] ./app/admin/AdminDashboard.tsx:908:9
Expected corresponding JSX closing tag for <main>
  906 |           </div>
  907 |         </div>
> 908 |       </section>
      |         ^^^^^^^
  909 |
  910 |       {/* תוצאות חיפוש */}
  911 |       <div>

Parsing ecmascript source code failed

Import trace:
  Server Component:
    ./app/admin/AdminDashboard.tsx
    ./app/admin/page.tsx @ http://localhost:3000/_next/static/chunks/node_modules_next_dist_0u_w_5s._.js:1945
[ 3982241ms] [ERROR] ./app/admin/AdminDashboard.tsx:908:9
Expected corresponding JSX closing tag for <main>
  906 |           </div>
  907 |         </div>
> 908 |       </section>
      |         ^^^^^^^
  909 |
  910 |       {/* תוצאות חיפוש */}
  911 |       <div>

Parsing ecmascript source code failed

Import trace:
  Server Component:
    ./app/admin/AdminDashboard.tsx
    ./app/admin/page.tsx @ http://localhost:3000/_next/static/chunks/node_modules_next_dist_0u_w_5s._.js:1945
[ 3982307ms] [ERROR] ./app/admin/AdminDashboard.tsx:908:9
Expected corresponding JSX closing tag for <main>
  906 |           </div>
  907 |         </div>
> 908 |       </section>
      |         ^^^^^^^
  909 |
  910 |       {/* תוצאות חיפוש */}
  911 |       <div>

Parsing ecmascript source code failed

Import trace:
  Server Component:
    ./app/admin/AdminDashboard.tsx
    ./app/admin/page.tsx @ http://localhost:3000/_next/static/chunks/node_modules_next_dist_0u_w_5s._.js:1945
[ 3982365ms] [ERROR] ./app/admin/AdminDashboard.tsx:908:9
Expected corresponding JSX closing tag for <main>
  906 |           </div>
  907 |         </div>
> 908 |       </section>
      |         ^^^^^^^
  909 |
  910 |       {/* תוצאות חיפוש */}
  911 |       <div>

Parsing ecmascript source code failed

Import trace:
  Server Component:
    ./app/admin/AdminDashboard.tsx
    ./app/admin/page.tsx @ http://localhost:3000/_next/static/chunks/node_modules_next_dist_0u_w_5s._.js:1945
[ 3982428ms] [ERROR] ./app/admin/AdminDashboard.tsx:908:9
Expected corresponding JSX closing tag for <main>
  906 |           </div>
  907 |         </div>
> 908 |       </section>
      |         ^^^^^^^
  909 |
  910 |       {/* תוצאות חיפוש */}
  911 |       <div>

Parsing ecmascript source code failed

Import trace:
  Server Component:
    ./app/admin/AdminDashboard.tsx
    ./app/admin/page.tsx @ http://localhost:3000/_next/static/chunks/node_modules_next_dist_0u_w_5s._.js:1945
[ 3982489ms] [ERROR] ./app/admin/AdminDashboard.tsx:908:9
Expected corresponding JSX closing tag for <main>
  906 |           </div>
  907 |         </div>
> 908 |       </section>
      |         ^^^^^^^
  909 |
  910 |       {/* תוצאות חיפוש */}
  911 |       <div>

Parsing ecmascript source code failed

Import trace:
  Server Component:
    ./app/admin/AdminDashboard.tsx
    ./app/admin/page.tsx @ http://localhost:3000/_next/static/chunks/node_modules_next_dist_0u_w_5s._.js:1945
[ 3982554ms] [ERROR] ./app/admin/AdminDashboard.tsx:908:9
Expected corresponding JSX closing tag for <main>
  906 |           </div>
  907 |         </div>
> 908 |       </section>
      |         ^^^^^^^
  909 |
  910 |       {/* תוצאות חיפוש */}
  911 |       <div>

Parsing ecmascript source code failed

Import trace:
  Server Component:
    ./app/admin/AdminDashboard.tsx
    ./app/admin/page.tsx @ http://localhost:3000/_next/static/chunks/node_modules_next_dist_0u_w_5s._.js:1945
[ 3982610ms] [ERROR] ./app/admin/AdminDashboard.tsx:908:9
Expected corresponding JSX closing tag for <main>
  906 |           </div>
  907 |         </div>
> 908 |       </section>
      |         ^^^^^^^
  909 |
  910 |       {/* תוצאות חיפוש */}
  911 |       <div>

Parsing ecmascript source code failed

Import trace:
  Server Component:
    ./app/admin/AdminDashboard.tsx
    ./app/admin/page.tsx @ http://localhost:3000/_next/static/chunks/node_modules_next_dist_0u_w_5s._.js:1945
[ 3982671ms] [ERROR] ./app/admin/AdminDashboard.tsx:908:9
Expected corresponding JSX closing tag for <main>
  906 |           </div>
  907 |         </div>
> 908 |       </section>
      |         ^^^^^^^
  909 |
  910 |       {/* תוצאות חיפוש */}
  911 |       <div>

Parsing ecmascript source code failed

Import trace:
  Server Component:
    ./app/admin/AdminDashboard.tsx
    ./app/admin/page.tsx @ http://localhost:3000/_next/static/chunks/node_modules_next_dist_0u_w_5s._.js:1945
[ 3982741ms] [ERROR] ./app/admin/AdminDashboard.tsx:908:9
Expected corresponding JSX closing tag for <main>
  906 |           </div>
  907 |         </div>
> 908 |       </section>
      |         ^^^^^^^
  909 |
  910 |       {/* תוצאות חיפוש */}
  911 |       <div>

Parsing ecmascript source code failed

Import trace:
  Server Component:
    ./app/admin/AdminDashboard.tsx
    ./app/admin/page.tsx @ http://localhost:3000/_next/static/chunks/node_modules_next_dist_0u_w_5s._.js:1945
[ 3982802ms] [ERROR] ./app/admin/AdminDashboard.tsx:908:9
Expected corresponding JSX closing tag for <main>
  906 |           </div>
  907 |         </div>
> 908 |       </section>
      |         ^^^^^^^
  909 |
  910 |       {/* תוצאות חיפוש */}
  911 |       <div>

Parsing ecmascript source code failed

Import trace:
  Server Component:
    ./app/admin/AdminDashboard.tsx
    ./app/admin/page.tsx @ http://localhost:3000/_next/static/chunks/node_modules_next_dist_0u_w_5s._.js:1945
[ 3982856ms] [ERROR] ./app/admin/AdminDashboard.tsx:908:9
Expected corresponding JSX closing tag for <main>
  906 |           </div>
  907 |         </div>
> 908 |       </section>
      |         ^^^^^^^
  909 |
  910 |       {/* תוצאות חיפוש */}
  911 |       <div>

Parsing ecmascript source code failed

Import trace:
  Server Component:
    ./app/admin/AdminDashboard.tsx
    ./app/admin/page.tsx @ http://localhost:3000/_next/static/chunks/node_modules_next_dist_0u_w_5s._.js:1945
[ 3982919ms] [ERROR] ./app/admin/AdminDashboard.tsx:908:9
Expected corresponding JSX closing tag for <main>
  906 |           </div>
  907 |         </div>
> 908 |       </section>
      |         ^^^^^^^
  909 |
  910 |       {/* תוצאות חיפוש */}
  911 |       <div>

Parsing ecmascript source code failed

Import trace:
  Server Component:
    ./app/admin/AdminDashboard.tsx
    ./app/admin/page.tsx @ http://localhost:3000/_next/static/chunks/node_modules_next_dist_0u_w_5s._.js:1945
[ 3982981ms] [ERROR] ./app/admin/AdminDashboard.tsx:908:9
Expected corresponding JSX closing tag for <main>
  906 |           </div>
  907 |         </div>
> 908 |       </section>
      |         ^^^^^^^
  909 |
  910 |       {/* תוצאות חיפוש */}
  911 |       <div>

Parsing ecmascript source code failed

Import trace:
  Server Component:
    ./app/admin/AdminDashboard.tsx
    ./app/admin/page.tsx @ http://localhost:3000/_next/static/chunks/node_modules_next_dist_0u_w_5s._.js:1945
[ 3983060ms] [ERROR] ./app/admin/AdminDashboard.tsx:908:9
Expected corresponding JSX closing tag for <main>
  906 |           </div>
  907 |         </div>
> 908 |       </section>
      |         ^^^^^^^
  909 |
  910 |       {/* תוצאות חיפוש */}
  911 |       <div>

Parsing ecmascript source code failed

Import trace:
  Server Component:
    ./app/admin/AdminDashboard.tsx
    ./app/admin/page.tsx @ http://localhost:3000/_next/static/chunks/node_modules_next_dist_0u_w_5s._.js:1945
[ 3983132ms] [ERROR] ./app/admin/AdminDashboard.tsx:908:9
Expected corresponding JSX closing tag for <main>
  906 |           </div>
  907 |         </div>
> 908 |       </section>
      |         ^^^^^^^
  909 |
  910 |       {/* תוצאות חיפוש */}
  911 |       <div>

Parsing ecmascript source code failed

Import trace:
  Server Component:
    ./app/admin/AdminDashboard.tsx
    ./app/admin/page.tsx @ http://localhost:3000/_next/static/chunks/node_modules_next_dist_0u_w_5s._.js:1945
[ 3983194ms] [LOG] [Fast Refresh] rebuilding @ http://localhost:3000/_next/static/chunks/node_modules_next_dist_0u_w_5s._.js:1226
[ 3983387ms] [LOG] [Fast Refresh] done in 105ms @ http://localhost:3000/_next/static/chunks/node_modules_next_dist_0u_w_5s._.js:1226
[ 3983906ms] [LOG] [Fast Refresh] rebuilding @ http://localhost:3000/_next/static/chunks/node_modules_next_dist_0u_w_5s._.js:1226
[ 3984407ms] [LOG] [Fast Refresh] done in 608ms @ http://localhost:3000/_next/static/chunks/node_modules_next_dist_0u_w_5s._.js:1226
[ 3985379ms] [INFO] %cDownload the React DevTools for a better development experience: https://react.dev/link/react-devtools font-weight:bold @ http://localhost:3000/_next/static/chunks/node_modules_next_dist_115brz8._.js:2477
[ 3985409ms] [LOG] [HMR] connected @ http://localhost:3000/_next/static/chunks/node_modules_next_dist_115brz8._.js:2477
[ 4092471ms] [LOG] [Fast Refresh] rebuilding @ http://localhost:3000/_next/static/chunks/node_modules_next_dist_115brz8._.js:2477
[ 4094196ms] [LOG] [Fast Refresh] done in 1828ms @ http://localhost:3000/_next/static/chunks/node_modules_next_dist_115brz8._.js:2477
[ 4094257ms] [LOG] [Fast Refresh] rebuilding @ http://localhost:3000/_next/static/chunks/node_modules_next_dist_115brz8._.js:2477
[ 4094314ms] [LOG] [Fast Refresh] done in 90ms @ http://localhost:3000/_next/static/chunks/node_modules_next_dist_115brz8._.js:2477
[ 4094811ms] [LOG] [Fast Refresh] rebuilding @ http://localhost:3000/_next/static/chunks/node_modules_next_dist_115brz8._.js:2477
[ 4095254ms] [LOG] [Fast Refresh] done in 542ms @ http://localhost:3000/_next/static/chunks/node_modules_next_dist_115brz8._.js:2477
[ 4103768ms] [LOG] [Fast Refresh] rebuilding @ http://localhost:3000/_next/static/chunks/node_modules_next_dist_115brz8._.js:2477
[ 4103846ms] [LOG] [Fast Refresh] done in 81ms @ http://localhost:3000/_next/static/chunks/node_modules_next_dist_115brz8._.js:2477
[ 4104094ms] [LOG] [Fast Refresh] rebuilding @ http://localhost:3000/_next/static/chunks/node_modules_next_dist_115brz8._.js:2477
[ 4104241ms] [LOG] [Fast Refresh] done in 253ms @ http://localhost:3000/_next/static/chunks/node_modules_next_dist_115brz8._.js:2477
[ 4104358ms] [LOG] [Fast Refresh] rebuilding @ http://localhost:3000/_next/static/chunks/node_modules_next_dist_115brz8._.js:2477
[ 4104581ms] [LOG] [Fast Refresh] done in 327ms @ http://localhost:3000/_next/static/chunks/node_modules_next_dist_115brz8._.js:2477
[ 4383115ms] [LOG] [Fast Refresh] rebuilding @ http://localhost:3000/_next/static/chunks/node_modules_next_dist_115brz8._.js:2477
[ 4383115ms] [LOG] [Fast Refresh] done in 101ms @ http://localhost:3000/_next/static/chunks/node_modules_next_dist_115brz8._.js:2477
[ 4383319ms] [LOG] [Fast Refresh] rebuilding @ http://localhost:3000/_next/static/chunks/node_modules_next_dist_115brz8._.js:2477
[ 4383376ms] [LOG] [Fast Refresh] done in 121ms @ http://localhost:3000/_next/static/chunks/node_modules_next_dist_115brz8._.js:2477
[ 4383693ms] [LOG] [Fast Refresh] rebuilding @ http://localhost:3000/_next/static/chunks/node_modules_next_dist_115brz8._.js:2477
[ 4384278ms] [LOG] [Fast Refresh] done in 692ms @ http://localhost:3000/_next/static/chunks/node_modules_next_dist_115brz8._.js:2477
[ 4384412ms] [LOG] [Fast Refresh] rebuilding @ http://localhost:3000/_next/static/chunks/node_modules_next_dist_115brz8._.js:2477
[ 4384465ms] [LOG] [Fast Refresh] done in 159ms @ http://localhost:3000/_next/static/chunks/node_modules_next_dist_115brz8._.js:2477
[ 4384577ms] [LOG] [Fast Refresh] rebuilding @ http://localhost:3000/_next/static/chunks/node_modules_next_dist_115brz8._.js:2477
[ 4384595ms] [LOG] [Fast Refresh] done in 128ms @ http://localhost:3000/_next/static/chunks/node_modules_next_dist_115brz8._.js:2477
[ 4392667ms] [LOG] [Fast Refresh] rebuilding @ http://localhost:3000/_next/static/chunks/node_modules_next_dist_115brz8._.js:2477
[ 4392752ms] [LOG] [Fast Refresh] done in 119ms @ http://localhost:3000/_next/static/chunks/node_modules_next_dist_115brz8._.js:2477
[ 4393015ms] [LOG] [Fast Refresh] rebuilding @ http://localhost:3000/_next/static/chunks/node_modules_next_dist_115brz8._.js:2477
[ 4393214ms] [LOG] [Fast Refresh] done in 309ms @ http://localhost:3000/_next/static/chunks/node_modules_next_dist_115brz8._.js:2477
[ 4393330ms] [LOG] [Fast Refresh] rebuilding @ http://localhost:3000/_next/static/chunks/node_modules_next_dist_115brz8._.js:2477
[ 4393345ms] [LOG] [Fast Refresh] done in 117ms @ http://localhost:3000/_next/static/chunks/node_modules_next_dist_115brz8._.js:2477
[ 4401713ms] [LOG] [Fast Refresh] rebuilding @ http://localhost:3000/_next/static/chunks/node_modules_next_dist_115brz8._.js:2477
[ 4401798ms] [LOG] [Fast Refresh] done in 99ms @ http://localhost:3000/_next/static/chunks/node_modules_next_dist_115brz8._.js:2477
[ 4402035ms] [LOG] [Fast Refresh] rebuilding @ http://localhost:3000/_next/static/chunks/node_modules_next_dist_115brz8._.js:2477
[ 4402250ms] [LOG] [Fast Refresh] done in 320ms @ http://localhost:3000/_next/static/chunks/node_modules_next_dist_115brz8._.js:2477
[ 4402365ms] [LOG] [Fast Refresh] rebuilding @ http://localhost:3000/_next/static/chunks/node_modules_next_dist_115brz8._.js:2477
[ 4402375ms] [LOG] [Fast Refresh] done in 116ms @ http://localhost:3000/_next/static/chunks/node_modules_next_dist_115brz8._.js:2477
[ 5280432ms] [LOG] [Fast Refresh] rebuilding @ http://localhost:3000/_next/static/chunks/node_modules_next_dist_115brz8._.js:2477
[ 5280471ms] [LOG] [Fast Refresh] done in 151ms @ http://localhost:3000/_next/static/chunks/node_modules_next_dist_115brz8._.js:2477
[ 5281777ms] [INFO] %cDownload the React DevTools for a better development experience: https://react.dev/link/react-devtools font-weight:bold @ http://localhost:3000/_next/static/chunks/node_modules_next_dist_115brz8._.js:2477
[ 5281814ms] [LOG] [HMR] connected @ http://localhost:3000/_next/static/chunks/node_modules_next_dist_115brz8._.js:2477
[ 5282355ms] [ERROR] Failed to load resource: the server responded with a status of 404 (Not Found) @ http://localhost:3000/favicon.ico:0
[ 5852566ms] [LOG] [Fast Refresh] rebuilding @ http://localhost:3000/_next/static/chunks/node_modules_next_dist_115brz8._.js:2477
[ 5854305ms] [LOG] [Fast Refresh] done in 1852ms @ http://localhost:3000/_next/static/chunks/node_modules_next_dist_115brz8._.js:2477
[ 5854317ms] [LOG] [Fast Refresh] rebuilding @ http://localhost:3000/_next/static/chunks/node_modules_next_dist_115brz8._.js:2477
[ 5854425ms] [LOG] [Fast Refresh] done in 30ms @ http://localhost:3000/_next/static/chunks/node_modules_next_dist_115brz8._.js:2477
[ 5855105ms] [LOG] [Fast Refresh] rebuilding @ http://localhost:3000/_next/static/chunks/node_modules_next_dist_115brz8._.js:2477
[ 5855455ms] [LOG] [Fast Refresh] done in 461ms @ http://localhost:3000/_next/static/chunks/node_modules_next_dist_115brz8._.js:2477
[ 5855723ms] [LOG] [Fast Refresh] rebuilding @ http://localhost:3000/_next/static/chunks/node_modules_next_dist_115brz8._.js:2477
[ 5855753ms] [LOG] [Fast Refresh] done in 132ms @ http://localhost:3000/_next/static/chunks/node_modules_next_dist_115brz8._.js:2477
[ 5855861ms] [LOG] [Fast Refresh] rebuilding @ http://localhost:3000/_next/static/chunks/node_modules_next_dist_115brz8._.js:2477
[ 5855875ms] [LOG] [Fast Refresh] done in 120ms @ http://localhost:3000/_next/static/chunks/node_modules_next_dist_115brz8._.js:2477
[ 5955023ms] [LOG] [Fast Refresh] rebuilding @ http://localhost:3000/_next/static/chunks/node_modules_next_dist_115brz8._.js:2477
[ 5955078ms] [LOG] [Fast Refresh] done in 170ms @ http://localhost:3000/_next/static/chunks/node_modules_next_dist_115brz8._.js:2477
[ 5956096ms] [INFO] %cDownload the React DevTools for a better development experience: https://react.dev/link/react-devtools font-weight:bold @ http://localhost:3000/_next/static/chunks/node_modules_next_dist_115brz8._.js:2477
[ 5956380ms] [LOG] [HMR] connected @ http://localhost:3000/_next/static/chunks/node_modules_next_dist_115brz8._.js:2477
[ 5956661ms] [ERROR] Failed to load resource: the server responded with a status of 404 (Not Found) @ http://localhost:3000/favicon.ico:0
[ 6040014ms] [LOG] [Fast Refresh] rebuilding @ http://localhost:3000/_next/static/chunks/node_modules_next_dist_115brz8._.js:2477
[ 6040107ms] [LOG] [Fast Refresh] done in 195ms @ http://localhost:3000/_next/static/chunks/node_modules_next_dist_115brz8._.js:2477
[ 6052176ms] [LOG] [Fast Refresh] rebuilding @ http://localhost:3000/_next/static/chunks/node_modules_next_dist_115brz8._.js:2477
[ 6052451ms] [LOG] [Fast Refresh] done in 380ms @ http://localhost:3000/_next/static/chunks/node_modules_next_dist_115brz8._.js:2477
[ 6052881ms] [LOG] [Fast Refresh] rebuilding @ http://localhost:3000/_next/static/chunks/node_modules_next_dist_115brz8._.js:2477
[ 6053304ms] [LOG] [Fast Refresh] done in 525ms @ http://localhost:3000/_next/static/chunks/node_modules_next_dist_115brz8._.js:2477
[ 6053628ms] [LOG] [Fast Refresh] rebuilding @ http://localhost:3000/_next/static/chunks/node_modules_next_dist_115brz8._.js:2477
[ 6053635ms] [LOG] [Fast Refresh] done in 114ms @ http://localhost:3000/_next/static/chunks/node_modules_next_dist_115brz8._.js:2477
[ 6053781ms] [LOG] [Fast Refresh] rebuilding @ http://localhost:3000/_next/static/chunks/node_modules_next_dist_115brz8._.js:2477
[ 6053812ms] [LOG] [Fast Refresh] done in 144ms @ http://localhost:3000/_next/static/chunks/node_modules_next_dist_115brz8._.js:2477
[ 6053947ms] [LOG] [Fast Refresh] rebuilding @ http://localhost:3000/_next/static/chunks/node_modules_next_dist_115brz8._.js:2477
[ 6053958ms] [LOG] [Fast Refresh] done in 118ms @ http://localhost:3000/_next/static/chunks/node_modules_next_dist_115brz8._.js:2477
[ 6054122ms] [LOG] [Fast Refresh] rebuilding @ http://localhost:3000/_next/static/chunks/node_modules_next_dist_115brz8._.js:2477
[ 6054152ms] [LOG] [Fast Refresh] done in 132ms @ http://localhost:3000/_next/static/chunks/node_modules_next_dist_115brz8._.js:2477
[ 6054262ms] [LOG] [Fast Refresh] rebuilding @ http://localhost:3000/_next/static/chunks/node_modules_next_dist_115brz8._.js:2477
[ 6054304ms] [LOG] [Fast Refresh] done in 152ms @ http://localhost:3000/_next/static/chunks/node_modules_next_dist_115brz8._.js:2477
[ 6054409ms] [LOG] [Fast Refresh] rebuilding @ http://localhost:3000/_next/static/chunks/node_modules_next_dist_115brz8._.js:2477
[ 6054869ms] [LOG] [Fast Refresh] done in 564ms @ http://localhost:3000/_next/static/chunks/node_modules_next_dist_115brz8._.js:2477
[ 6055002ms] [LOG] [Fast Refresh] rebuilding @ http://localhost:3000/_next/static/chunks/node_modules_next_dist_115brz8._.js:2477
[ 6055076ms] [LOG] [Fast Refresh] done in 175ms @ http://localhost:3000/_next/static/chunks/node_modules_next_dist_115brz8._.js:2477
[ 6055208ms] [LOG] [Fast Refresh] rebuilding @ http://localhost:3000/_next/static/chunks/node_modules_next_dist_115brz8._.js:2477
[ 6055218ms] [LOG] [Fast Refresh] done in 117ms @ http://localhost:3000/_next/static/chunks/node_modules_next_dist_115brz8._.js:2477
[ 6055394ms] [LOG] [Fast Refresh] rebuilding @ http://localhost:3000/_next/static/chunks/node_modules_next_dist_115brz8._.js:2477
[ 6055418ms] [LOG] [Fast Refresh] done in 135ms @ http://localhost:3000/_next/static/chunks/node_modules_next_dist_115brz8._.js:2477
[ 6055526ms] [LOG] [Fast Refresh] rebuilding @ http://localhost:3000/_next/static/chunks/node_modules_next_dist_115brz8._.js:2477
[ 6055552ms] [LOG] [Fast Refresh] done in 133ms @ http://localhost:3000/_next/static/chunks/node_modules_next_dist_115brz8._.js:2477
[ 6055729ms] [LOG] [Fast Refresh] rebuilding @ http://localhost:3000/_next/static/chunks/node_modules_next_dist_115brz8._.js:2477
[ 6055752ms] [LOG] [Fast Refresh] done in 138ms @ http://localhost:3000/_next/static/chunks/node_modules_next_dist_115brz8._.js:2477
[ 6055861ms] [LOG] [Fast Refresh] rebuilding @ http://localhost:3000/_next/static/chunks/node_modules_next_dist_115brz8._.js:2477
[ 6055903ms] [LOG] [Fast Refresh] done in 150ms @ http://localhost:3000/_next/static/chunks/node_modules_next_dist_115brz8._.js:2477
[ 6056036ms] [LOG] [Fast Refresh] rebuilding @ http://localhost:3000/_next/static/chunks/node_modules_next_dist_115brz8._.js:2477
[ 6056078ms] [LOG] [Fast Refresh] done in 143ms @ http://localhost:3000/_next/static/chunks/node_modules_next_dist_115brz8._.js:2477
[ 6056181ms] [LOG] [Fast Refresh] rebuilding @ http://localhost:3000/_next/static/chunks/node_modules_next_dist_115brz8._.js:2477
[ 6056222ms] [LOG] [Fast Refresh] done in 143ms @ http://localhost:3000/_next/static/chunks/node_modules_next_dist_115brz8._.js:2477
[ 6056390ms] [LOG] [Fast Refresh] rebuilding @ http://localhost:3000/_next/static/chunks/node_modules_next_dist_115brz8._.js:2477
[ 6056421ms] [LOG] [Fast Refresh] done in 136ms @ http://localhost:3000/_next/static/chunks/node_modules_next_dist_115brz8._.js:2477
[ 6056530ms] [LOG] [Fast Refresh] rebuilding @ http://localhost:3000/_next/static/chunks/node_modules_next_dist_115brz8._.js:2477
[ 6056581ms] [LOG] [Fast Refresh] done in 160ms @ http://localhost:3000/_next/static/chunks/node_modules_next_dist_115brz8._.js:2477
[ 6056746ms] [LOG] [Fast Refresh] rebuilding @ http://localhost:3000/_next/static/chunks/node_modules_next_dist_115brz8._.js:2477
[ 6056779ms] [LOG] [Fast Refresh] done in 135ms @ http://localhost:3000/_next/static/chunks/node_modules_next_dist_115brz8._.js:2477
[ 6056881ms] [LOG] [Fast Refresh] rebuilding @ http://localhost:3000/_next/static/chunks/node_modules_next_dist_115brz8._.js:2477
[ 6056921ms] [LOG] [Fast Refresh] done in 141ms @ http://localhost:3000/_next/static/chunks/node_modules_next_dist_115brz8._.js:2477
[ 6057140ms] [LOG] [Fast Refresh] rebuilding @ http://localhost:3000/_next/static/chunks/node_modules_next_dist_115brz8._.js:2477
[ 6057182ms] [LOG] [Fast Refresh] done in 146ms @ http://localhost:3000/_next/static/chunks/node_modules_next_dist_115brz8._.js:2477
[ 6057347ms] [LOG] [Fast Refresh] rebuilding @ http://localhost:3000/_next/static/chunks/node_modules_next_dist_115brz8._.js:2477
[ 6057522ms] [LOG] [Fast Refresh] done in 277ms @ http://localhost:3000/_next/static/chunks/node_modules_next_dist_115brz8._.js:2477
[ 6057816ms] [LOG] [Fast Refresh] rebuilding @ http://localhost:3000/_next/static/chunks/node_modules_next_dist_115brz8._.js:2477
[ 6057824ms] [LOG] [Fast Refresh] done in 109ms @ http://localhost:3000/_next/static/chunks/node_modules_next_dist_115brz8._.js:2477
[ 6057955ms] [LOG] [Fast Refresh] rebuilding @ http://localhost:3000/_next/static/chunks/node_modules_next_dist_115brz8._.js:2477
[ 6057973ms] [LOG] [Fast Refresh] done in 118ms @ http://localhost:3000/_next/static/chunks/node_modules_next_dist_115brz8._.js:2477
[ 6058197ms] [LOG] [Fast Refresh] rebuilding @ http://localhost:3000/_next/static/chunks/node_modules_next_dist_115brz8._.js:2477
[ 6058258ms] [LOG] [Fast Refresh] done in 173ms @ http://localhost:3000/_next/static/chunks/node_modules_next_dist_115brz8._.js:2477
[ 6058426ms] [LOG] [Fast Refresh] rebuilding @ http://localhost:3000/_next/static/chunks/node_modules_next_dist_115brz8._.js:2477
[ 6058596ms] [LOG] [Fast Refresh] done in 280ms @ http://localhost:3000/_next/static/chunks/node_modules_next_dist_115brz8._.js:2477
[ 6058964ms] [LOG] [Fast Refresh] rebuilding @ http://localhost:3000/_next/static/chunks/node_modules_next_dist_115brz8._.js:2477
[ 6059020ms] [LOG] [Fast Refresh] done in 159ms @ http://localhost:3000/_next/static/chunks/node_modules_next_dist_115brz8._.js:2477
[ 6059162ms] [LOG] [Fast Refresh] rebuilding @ http://localhost:3000/_next/static/chunks/node_modules_next_dist_115brz8._.js:2477
[ 6059220ms] [LOG] [Fast Refresh] done in 168ms @ http://localhost:3000/_next/static/chunks/node_modules_next_dist_115brz8._.js:2477
[ 6059337ms] [LOG] [Fast Refresh] rebuilding @ http://localhost:3000/_next/static/chunks/node_modules_next_dist_115brz8._.js:2477
[ 6059391ms] [LOG] [Fast Refresh] done in 155ms @ http://localhost:3000/_next/static/chunks/node_modules_next_dist_115brz8._.js:2477
[ 6096947ms] [LOG] [Fast Refresh] rebuilding @ http://localhost:3000/_next/static/chunks/node_modules_next_dist_115brz8._.js:2477
[ 6096999ms] [LOG] [Fast Refresh] done in 157ms @ http://localhost:3000/_next/static/chunks/node_modules_next_dist_115brz8._.js:2477
[ 6097362ms] [LOG] [Fast Refresh] rebuilding @ http://localhost:3000/_next/static/chunks/node_modules_next_dist_115brz8._.js:2477
[ 6097592ms] [LOG] [Fast Refresh] done in 332ms @ http://localhost:3000/_next/static/chunks/node_modules_next_dist_115brz8._.js:2477
[ 6124458ms] [LOG] [Fast Refresh] rebuilding @ http://localhost:3000/_next/static/chunks/node_modules_next_dist_115brz8._.js:2477
[ 6124459ms] [LOG] [Fast Refresh] done in 102ms @ http://localhost:3000/_next/static/chunks/node_modules_next_dist_115brz8._.js:2477
[ 6136236ms] [LOG] [Fast Refresh] rebuilding @ http://localhost:3000/_next/static/chunks/node_modules_next_dist_115brz8._.js:2477
[ 6136295ms] [LOG] [Fast Refresh] done in 74ms @ http://localhost:3000/_next/static/chunks/node_modules_next_dist_115brz8._.js:2477
[ 6136583ms] [LOG] [Fast Refresh] rebuilding @ http://localhost:3000/_next/static/chunks/node_modules_next_dist_115brz8._.js:2477
[ 6136980ms] [LOG] [Fast Refresh] done in 499ms @ http://localhost:3000/_next/static/chunks/node_modules_next_dist_115brz8._.js:2477
[ 6137313ms] [LOG] [Fast Refresh] rebuilding @ http://localhost:3000/_next/static/chunks/node_modules_next_dist_115brz8._.js:2477
[ 6137316ms] [LOG] [Fast Refresh] done in 108ms @ http://localhost:3000/_next/static/chunks/node_modules_next_dist_115brz8._.js:2477
[ 6137438ms] [LOG] [Fast Refresh] rebuilding @ http://localhost:3000/_next/static/chunks/node_modules_next_dist_115brz8._.js:2477
[ 6137475ms] [LOG] [Fast Refresh] done in 138ms @ http://localhost:3000/_next/static/chunks/node_modules_next_dist_115brz8._.js:2477
[ 6149557ms] [LOG] [Fast Refresh] rebuilding @ http://localhost:3000/_next/static/chunks/node_modules_next_dist_115brz8._.js:2477
[ 6149645ms] [LOG] [Fast Refresh] done in 63ms @ http://localhost:3000/_next/static/chunks/node_modules_next_dist_115brz8._.js:2477
[ 6149885ms] [LOG] [Fast Refresh] rebuilding @ http://localhost:3000/_next/static/chunks/node_modules_next_dist_115brz8._.js:2477
[ 6150057ms] [LOG] [Fast Refresh] done in 278ms @ http://localhost:3000/_next/static/chunks/node_modules_next_dist_115brz8._.js:2477
[ 6150600ms] [LOG] [Fast Refresh] rebuilding @ http://localhost:3000/_next/static/chunks/node_modules_next_dist_115brz8._.js:2477
[ 6150625ms] [LOG] [Fast Refresh] done in 126ms @ http://localhost:3000/_next/static/chunks/node_modules_next_dist_115brz8._.js:2477
[ 6150728ms] [LOG] [Fast Refresh] rebuilding @ http://localhost:3000/_next/static/chunks/node_modules_next_dist_115brz8._.js:2477
[ 6150775ms] [LOG] [Fast Refresh] done in 150ms @ http://localhost:3000/_next/static/chunks/node_modules_next_dist_115brz8._.js:2477
[ 6861747ms] [ERROR] WebSocket connection to 'ws://localhost:3000/_next/webpack-hmr?id=2drxPmHSxq9lfzcxbMZge' failed: Error in connection establishment: net::ERR_CONNECTION_REFUSED @ http://localhost:3000/_next/static/chunks/node_modules_next_dist_client_0fhqo1d._.js:13322
[ 6865830ms] [ERROR] WebSocket connection to 'ws://localhost:3000/_next/webpack-hmr?id=2drxPmHSxq9lfzcxbMZge' failed: Error in connection establishment: net::ERR_CONNECTION_REFUSED @ http://localhost:3000/_next/static/chunks/node_modules_next_dist_client_0fhqo1d._.js:13322
[ 6869914ms] [ERROR] WebSocket connection to 'ws://localhost:3000/_next/webpack-hmr?id=2drxPmHSxq9lfzcxbMZge' failed: Error in connection establishment: net::ERR_CONNECTION_REFUSED @ http://localhost:3000/_next/static/chunks/node_modules_next_dist_client_0fhqo1d._.js:13322
[ 6874011ms] [ERROR] WebSocket connection to 'ws://localhost:3000/_next/webpack-hmr?id=2drxPmHSxq9lfzcxbMZge' failed: Error in connection establishment: net::ERR_CONNECTION_REFUSED @ http://localhost:3000/_next/static/chunks/node_modules_next_dist_client_0fhqo1d._.js:13322
[ 6878079ms] [ERROR] WebSocket connection to 'ws://localhost:3000/_next/webpack-hmr?id=2drxPmHSxq9lfzcxbMZge' failed: Error in connection establishment: net::ERR_CONNECTION_REFUSED @ http://localhost:3000/_next/static/chunks/node_modules_next_dist_client_0fhqo1d._.js:13322
[ 6885534ms] [ERROR] WebSocket connection to 'ws://localhost:3000/_next/webpack-hmr?id=2drxPmHSxq9lfzcxbMZge' failed: Error in connection establishment: net::ERR_CONNECTION_REFUSED @ http://localhost:3000/_next/static/chunks/node_modules_next_dist_client_0fhqo1d._.js:13322
[ 6893442ms] [ERROR] WebSocket connection to 'ws://localhost:3000/_next/webpack-hmr?id=2drxPmHSxq9lfzcxbMZge' failed: Error in connection establishment: net::ERR_CONNECTION_REFUSED @ http://localhost:3000/_next/static/chunks/node_modules_next_dist_client_0fhqo1d._.js:13322
[ 6901516ms] [ERROR] WebSocket connection to 'ws://localhost:3000/_next/webpack-hmr?id=2drxPmHSxq9lfzcxbMZge' failed: Error in connection establishment: net::ERR_CONNECTION_REFUSED @ http://localhost:3000/_next/static/chunks/node_modules_next_dist_client_0fhqo1d._.js:13322
[ 6913447ms] [ERROR] WebSocket connection to 'ws://localhost:3000/_next/webpack-hmr?id=2drxPmHSxq9lfzcxbMZge' failed: Error in connection establishment: net::ERR_CONNECTION_REFUSED @ http://localhost:3000/_next/static/chunks/node_modules_next_dist_client_0fhqo1d._.js:13322
[ 6923116ms] [ERROR] WebSocket connection to 'ws://localhost:3000/_next/webpack-hmr?id=2drxPmHSxq9lfzcxbMZge' failed: Error in connection establishment: net::ERR_CONNECTION_REFUSED @ http://localhost:3000/_next/static/chunks/node_modules_next_dist_client_0fhqo1d._.js:13322
[ 6948412ms] [LOG] [HMR] connected @ http://localhost:3000/_next/static/chunks/node_modules_next_dist_115brz8._.js:2477
[ 6957536ms] [INFO] %cDownload the React DevTools for a better development experience: https://react.dev/link/react-devtools font-weight:bold @ http://localhost:3000/_next/static/chunks/node_modules_next_dist_115brz8._.js:2477
[ 6957558ms] [LOG] [HMR] connected @ http://localhost:3000/_next/static/chunks/node_modules_next_dist_115brz8._.js:2477
[ 6987623ms] [INFO] %cDownload the React DevTools for a better development experience: https://react.dev/link/react-devtools font-weight:bold @ http://localhost:3000/_next/static/chunks/node_modules_next_dist_115brz8._.js:2477
[ 6987640ms] [LOG] [HMR] connected @ http://localhost:3000/_next/static/chunks/node_modules_next_dist_115brz8._.js:2477
[ 6987683ms] [ERROR] Failed to load resource: the server responded with a status of 404 (Not Found) @ http://localhost:3000/favicon.ico:0
[ 7125446ms] [LOG] [Fast Refresh] rebuilding @ http://localhost:3000/_next/static/chunks/node_modules_next_dist_115brz8._.js:2477
[ 7130329ms] [LOG] [Fast Refresh] done in 4931ms @ http://localhost:3000/_next/static/chunks/node_modules_next_dist_115brz8._.js:2477
[ 7130869ms] [LOG] [Fast Refresh] rebuilding @ http://localhost:3000/_next/static/chunks/node_modules_next_dist_115brz8._.js:2477
[ 7131021ms] [LOG] [Fast Refresh] done in 259ms @ http://localhost:3000/_next/static/chunks/node_modules_next_dist_115brz8._.js:2477
[ 7132592ms] [LOG] [Fast Refresh] rebuilding @ http://localhost:3000/_next/static/chunks/node_modules_next_dist_115brz8._.js:2477
[ 7132646ms] [LOG] [Fast Refresh] done in 30ms @ http://localhost:3000/_next/static/chunks/node_modules_next_dist_115brz8._.js:2477
[ 7132860ms] [LOG] [Fast Refresh] rebuilding @ http://localhost:3000/_next/static/chunks/node_modules_next_dist_115brz8._.js:2477
[ 7132991ms] [LOG] [Fast Refresh] done in 236ms @ http://localhost:3000/_next/static/chunks/node_modules_next_dist_115brz8._.js:2477
[ 7813016ms] [LOG] [Fast Refresh] rebuilding @ http://localhost:3000/_next/static/chunks/node_modules_next_dist_115brz8._.js:2477
[ 7813043ms] [LOG] [Fast Refresh] done in 127ms @ http://localhost:3000/_next/static/chunks/node_modules_next_dist_115brz8._.js:2477
[ 7814215ms] [INFO] %cDownload the React DevTools for a better development experience: https://react.dev/link/react-devtools font-weight:bold @ http://localhost:3000/_next/static/chunks/node_modules_next_dist_115brz8._.js:2477
[ 7814230ms] [LOG] [HMR] connected @ http://localhost:3000/_next/static/chunks/node_modules_next_dist_115brz8._.js:2477
[ 7814278ms] [ERROR] Failed to load resource: the server responded with a status of 404 (Not Found) @ http://localhost:3000/favicon.ico:0
[ 7838698ms] [LOG] [Fast Refresh] rebuilding @ http://localhost:3000/_next/static/chunks/node_modules_next_dist_115brz8._.js:2477
[ 7838699ms] [LOG] [Fast Refresh] done in 111ms @ http://localhost:3000/_next/static/chunks/node_modules_next_dist_115brz8._.js:2477
[ 7838824ms] [LOG] [Fast Refresh] rebuilding @ http://localhost:3000/_next/static/chunks/node_modules_next_dist_115brz8._.js:2477
[ 7838860ms] [LOG] [Fast Refresh] done in 61ms @ http://localhost:3000/_next/static/chunks/node_modules_next_dist_115brz8._.js:2477
[ 7839092ms] [LOG] [Fast Refresh] rebuilding @ http://localhost:3000/_next/static/chunks/node_modules_next_dist_115brz8._.js:2477
[ 7839228ms] [LOG] [Fast Refresh] done in 238ms @ http://localhost:3000/_next/static/chunks/node_modules_next_dist_115brz8._.js:2477
[ 7839731ms] [LOG] %c%s%c DEBUG venues: background: #e6e6e6;background: light-dark(rgba(0,0,0,0.1), rgba(255,255,255,0.25));color: #000000;color: light-dark(#000000, #ffffff);border-radius: 2px  Server   null @ http://localhost:3000/_next/static/chunks/node_modules_next_dist_115brz8._.js:2477
[ 7839819ms] [LOG] %c%s%c DEBUG venues: background: #e6e6e6;background: light-dark(rgba(0,0,0,0.1), rgba(255,255,255,0.25));color: #000000;color: light-dark(#000000, #ffffff);border-radius: 2px  Server   null @ http://localhost:3000/_next/static/chunks/node_modules_next_dist_115brz8._.js:2477
[ 7881033ms] [LOG] [Fast Refresh] rebuilding @ http://localhost:3000/_next/static/chunks/node_modules_next_dist_115brz8._.js:2477
[ 7881037ms] [LOG] [Fast Refresh] done in 120ms @ http://localhost:3000/_next/static/chunks/node_modules_next_dist_115brz8._.js:2477
[ 7881966ms] [INFO] %cDownload the React DevTools for a better development experience: https://react.dev/link/react-devtools font-weight:bold @ http://localhost:3000/_next/static/chunks/node_modules_next_dist_115brz8._.js:2477
[ 7881990ms] [LOG] [HMR] connected @ http://localhost:3000/_next/static/chunks/node_modules_next_dist_115brz8._.js:2477
[ 7881994ms] [LOG] %c%s%c DEBUG venues: background: #e6e6e6;background: light-dark(rgba(0,0,0,0.1), rgba(255,255,255,0.25));color: #000000;color: light-dark(#000000, #ffffff);border-radius: 2px  Server   null @ http://localhost:3000/_next/static/chunks/node_modules_next_dist_115brz8._.js:2477
[ 7882038ms] [ERROR] Failed to load resource: the server responded with a status of 404 (Not Found) @ http://localhost:3000/favicon.ico:0
[ 7884992ms] [INFO] %cDownload the React DevTools for a better development experience: https://react.dev/link/react-devtools font-weight:bold @ http://localhost:3000/_next/static/chunks/node_modules_next_dist_115brz8._.js:2477
[ 7885722ms] [LOG] [HMR] connected @ http://localhost:3000/_next/static/chunks/node_modules_next_dist_115brz8._.js:2477
[ 7885726ms] [LOG] %c%s%c DEBUG venues: background: #e6e6e6;background: light-dark(rgba(0,0,0,0.1), rgba(255,255,255,0.25));color: #000000;color: light-dark(#000000, #ffffff);border-radius: 2px  Server   null @ http://localhost:3000/_next/static/chunks/node_modules_next_dist_115brz8._.js:2477
[ 7885782ms] [ERROR] Failed to load resource: the server responded with a status of 404 (Not Found) @ http://localhost:3000/favicon.ico:0
[ 8066991ms] [LOG] [Fast Refresh] rebuilding @ http://localhost:3000/_next/static/chunks/node_modules_next_dist_115brz8._.js:2477
[ 8068743ms] [LOG] [Fast Refresh] done in 1869ms @ http://localhost:3000/_next/static/chunks/node_modules_next_dist_115brz8._.js:2477
[ 8068782ms] [LOG] [Fast Refresh] rebuilding @ http://localhost:3000/_next/static/chunks/node_modules_next_dist_115brz8._.js:2477
[ 8068833ms] [LOG] [Fast Refresh] done in 50ms @ http://localhost:3000/_next/static/chunks/node_modules_next_dist_115brz8._.js:2477
[ 8069284ms] [LOG] [Fast Refresh] rebuilding @ http://localhost:3000/_next/static/chunks/node_modules_next_dist_115brz8._.js:2477
[ 8069484ms] [LOG] [Fast Refresh] done in 302ms @ http://localhost:3000/_next/static/chunks/node_modules_next_dist_115brz8._.js:2477
[ 8069925ms] [LOG] %c%s%c DEBUG venues: background: #e6e6e6;background: light-dark(rgba(0,0,0,0.1), rgba(255,255,255,0.25));color: #000000;color: light-dark(#000000, #ffffff);border-radius: 2px  Server   null @ http://localhost:3000/_next/static/chunks/node_modules_next_dist_115brz8._.js:2477
[ 8069935ms] [LOG] %c%s%c DEBUG venues: background: #e6e6e6;background: light-dark(rgba(0,0,0,0.1), rgba(255,255,255,0.25));color: #000000;color: light-dark(#000000, #ffffff);border-radius: 2px  Server   null @ http://localhost:3000/_next/static/chunks/node_modules_next_dist_115brz8._.js:2477
[ 8075973ms] [LOG] [Fast Refresh] rebuilding @ http://localhost:3000/_next/static/chunks/node_modules_next_dist_115brz8._.js:2477
[ 8076030ms] [LOG] [Fast Refresh] done in 64ms @ http://localhost:3000/_next/static/chunks/node_modules_next_dist_115brz8._.js:2477
[ 8076276ms] [LOG] [Fast Refresh] rebuilding @ http://localhost:3000/_next/static/chunks/node_modules_next_dist_115brz8._.js:2477
[ 8076465ms] [LOG] [Fast Refresh] done in 293ms @ http://localhost:3000/_next/static/chunks/node_modules_next_dist_115brz8._.js:2477
[ 8077053ms] [LOG] %c%s%c DEBUG venues: background: #e6e6e6;background: light-dark(rgba(0,0,0,0.1), rgba(255,255,255,0.25));color: #000000;color: light-dark(#000000, #ffffff);border-radius: 2px  Server   null @ http://localhost:3000/_next/static/chunks/node_modules_next_dist_115brz8._.js:2477
[ 8077053ms] [LOG] %c%s%c DEBUG venues error: background: #e6e6e6;background: light-dark(rgba(0,0,0,0.1), rgba(255,255,255,0.25));color: #000000;color: light-dark(#000000, #ffffff);border-radius: 2px  Server   {"code":"42703","details":null,"hint":null,"message":"column users_1.phone_primary does not exist"} @ http://localhost:3000/_next/static/chunks/node_modules_next_dist_115brz8._.js:2477
[ 8077055ms] [LOG] %c%s%c DEBUG venues: background: #e6e6e6;background: light-dark(rgba(0,0,0,0.1), rgba(255,255,255,0.25));color: #000000;color: light-dark(#000000, #ffffff);border-radius: 2px  Server   null @ http://localhost:3000/_next/static/chunks/node_modules_next_dist_115brz8._.js:2477
[ 8077056ms] [LOG] %c%s%c DEBUG venues error: background: #e6e6e6;background: light-dark(rgba(0,0,0,0.1), rgba(255,255,255,0.25));color: #000000;color: light-dark(#000000, #ffffff);border-radius: 2px  Server   {"code":"42703","details":null,"hint":null,"message":"column users_1.phone_primary does not exist"} @ http://localhost:3000/_next/static/chunks/node_modules_next_dist_115brz8._.js:2477
[ 8161048ms] [LOG] [Fast Refresh] rebuilding @ http://localhost:3000/_next/static/chunks/node_modules_next_dist_115brz8._.js:2477
[ 8161274ms] [LOG] [Fast Refresh] done in 340ms @ http://localhost:3000/_next/static/chunks/node_modules_next_dist_115brz8._.js:2477
[ 8161362ms] [LOG] [Fast Refresh] rebuilding @ http://localhost:3000/_next/static/chunks/node_modules_next_dist_115brz8._.js:2477
[ 8161426ms] [LOG] [Fast Refresh] done in 38ms @ http://localhost:3000/_next/static/chunks/node_modules_next_dist_115brz8._.js:2477
[ 8161716ms] [LOG] [Fast Refresh] rebuilding @ http://localhost:3000/_next/static/chunks/node_modules_next_dist_115brz8._.js:2477
[ 8161948ms] [LOG] [Fast Refresh] done in 344ms @ http://localhost:3000/_next/static/chunks/node_modules_next_dist_115brz8._.js:2477
[ 8162201ms] [LOG] %c%s%c DEBUG venues: background: #e6e6e6;background: light-dark(rgba(0,0,0,0.1), rgba(255,255,255,0.25));color: #000000;color: light-dark(#000000, #ffffff);border-radius: 2px  Server   [{"id":"0b96c3d5-0229-4728-be2e-1bc086281f38","name":"עתיקא","status":"active","created_at":"2026-05-19T11:43:01.49204+00:00","owner":{"id":"c747a68d-ccfa-4d39-8fb6-01398d2657de","email":"aderet20@gmail.com","status":"pending","full_name":"רבקי יעקובוביץ"}}] @ http://localhost:3000/_next/static/chunks/node_modules_next_dist_115brz8._.js:2477
[ 8162201ms] [LOG] %c%s%c DEBUG venues error: background: #e6e6e6;background: light-dark(rgba(0,0,0,0.1), rgba(255,255,255,0.25));color: #000000;color: light-dark(#000000, #ffffff);border-radius: 2px  Server   null @ http://localhost:3000/_next/static/chunks/node_modules_next_dist_115brz8._.js:2477
[ 8162308ms] [LOG] [Fast Refresh] rebuilding @ http://localhost:3000/_next/static/chunks/node_modules_next_dist_115brz8._.js:2477
[ 8162359ms] [LOG] [Fast Refresh] done in 156ms @ http://localhost:3000/_next/static/chunks/node_modules_next_dist_115brz8._.js:2477
[ 8162365ms] [LOG] %c%s%c DEBUG venues: background: #e6e6e6;background: light-dark(rgba(0,0,0,0.1), rgba(255,255,255,0.25));color: #000000;color: light-dark(#000000, #ffffff);border-radius: 2px  Server   [{"id":"0b96c3d5-0229-4728-be2e-1bc086281f38","name":"עתיקא","status":"active","created_at":"2026-05-19T11:43:01.49204+00:00","owner":{"id":"c747a68d-ccfa-4d39-8fb6-01398d2657de","email":"aderet20@gmail.com","status":"pending","full_name":"רבקי יעקובוביץ"}}] @ http://localhost:3000/_next/static/chunks/node_modules_next_dist_115brz8._.js:2477
[ 8162366ms] [LOG] %c%s%c DEBUG venues error: background: #e6e6e6;background: light-dark(rgba(0,0,0,0.1), rgba(255,255,255,0.25));color: #000000;color: light-dark(#000000, #ffffff);border-radius: 2px  Server   null @ http://localhost:3000/_next/static/chunks/node_modules_next_dist_115brz8._.js:2477
[ 8169287ms] [LOG] [Fast Refresh] rebuilding @ http://localhost:3000/_next/static/chunks/node_modules_next_dist_115brz8._.js:2477
[ 8169425ms] [LOG] [Fast Refresh] done in 147ms @ http://localhost:3000/_next/static/chunks/node_modules_next_dist_115brz8._.js:2477
[ 8169551ms] [LOG] [Fast Refresh] rebuilding @ http://localhost:3000/_next/static/chunks/node_modules_next_dist_115brz8._.js:2477
[ 8169756ms] [LOG] [Fast Refresh] done in 311ms @ http://localhost:3000/_next/static/chunks/node_modules_next_dist_115brz8._.js:2477
[ 8169773ms] [LOG] %c%s%c DEBUG venues: background: #e6e6e6;background: light-dark(rgba(0,0,0,0.1), rgba(255,255,255,0.25));color: #000000;color: light-dark(#000000, #ffffff);border-radius: 2px  Server   [{"id":"0b96c3d5-0229-4728-be2e-1bc086281f38","name":"עתיקא","status":"active","created_at":"2026-05-19T11:43:01.49204+00:00","owner":{"id":"c747a68d-ccfa-4d39-8fb6-01398d2657de","email":"aderet20@gmail.com","status":"pending","full_name":"רבקי יעקובוביץ"}}] @ http://localhost:3000/_next/static/chunks/node_modules_next_dist_115brz8._.js:2477
[ 8169773ms] [LOG] %c%s%c DEBUG venues error: background: #e6e6e6;background: light-dark(rgba(0,0,0,0.1), rgba(255,255,255,0.25));color: #000000;color: light-dark(#000000, #ffffff);border-radius: 2px  Server   null @ http://localhost:3000/_next/static/chunks/node_modules_next_dist_115brz8._.js:2477
[ 8181502ms] [LOG] [Fast Refresh] rebuilding @ http://localhost:3000/_next/static/chunks/node_modules_next_dist_115brz8._.js:2477
[ 8181635ms] [LOG] [Fast Refresh] done in 156ms @ http://localhost:3000/_next/static/chunks/node_modules_next_dist_115brz8._.js:2477
[ 8181806ms] [LOG] [Fast Refresh] rebuilding @ http://localhost:3000/_next/static/chunks/node_modules_next_dist_115brz8._.js:2477
[ 8182020ms] [LOG] [Fast Refresh] done in 316ms @ http://localhost:3000/_next/static/chunks/node_modules_next_dist_115brz8._.js:2477
[ 8182159ms] [LOG] %c%s%c DEBUG venues: background: #e6e6e6;background: light-dark(rgba(0,0,0,0.1), rgba(255,255,255,0.25));color: #000000;color: light-dark(#000000, #ffffff);border-radius: 2px  Server   [{"id":"0b96c3d5-0229-4728-be2e-1bc086281f38","name":"עתיקא","status":"active","created_at":"2026-05-19T11:43:01.49204+00:00","owner":{"id":"c747a68d-ccfa-4d39-8fb6-01398d2657de","email":"aderet20@gmail.com","status":"pending","full_name":"רבקי יעקובוביץ"}}] @ http://localhost:3000/_next/static/chunks/node_modules_next_dist_115brz8._.js:2477
[ 8182159ms] [LOG] %c%s%c DEBUG venues error: background: #e6e6e6;background: light-dark(rgba(0,0,0,0.1), rgba(255,255,255,0.25));color: #000000;color: light-dark(#000000, #ffffff);border-radius: 2px  Server   null @ http://localhost:3000/_next/static/chunks/node_modules_next_dist_115brz8._.js:2477
[ 8241117ms] [LOG] [Fast Refresh] rebuilding @ http://localhost:3000/_next/static/chunks/node_modules_next_dist_115brz8._.js:2477
[ 8242692ms] [LOG] [Fast Refresh] done in 1677ms @ http://localhost:3000/_next/static/chunks/node_modules_next_dist_115brz8._.js:2477
[ 8242831ms] [LOG] [Fast Refresh] rebuilding @ http://localhost:3000/_next/static/chunks/node_modules_next_dist_115brz8._.js:2477
[ 8242889ms] [LOG] [Fast Refresh] done in 58ms @ http://localhost:3000/_next/static/chunks/node_modules_next_dist_115brz8._.js:2477
[ 8243143ms] [LOG] [Fast Refresh] rebuilding @ http://localhost:3000/_next/static/chunks/node_modules_next_dist_115brz8._.js:2477
[ 8243321ms] [LOG] [Fast Refresh] done in 285ms @ http://localhost:3000/_next/static/chunks/node_modules_next_dist_115brz8._.js:2477
[ 8254810ms] [LOG] [Fast Refresh] rebuilding @ http://localhost:3000/_next/static/chunks/node_modules_next_dist_115brz8._.js:2477
[ 8254864ms] [LOG] [Fast Refresh] done in 59ms @ http://localhost:3000/_next/static/chunks/node_modules_next_dist_115brz8._.js:2477
[ 8255110ms] [LOG] [Fast Refresh] rebuilding @ http://localhost:3000/_next/static/chunks/node_modules_next_dist_115brz8._.js:2477
[ 8255284ms] [LOG] [Fast Refresh] done in 286ms @ http://localhost:3000/_next/static/chunks/node_modules_next_dist_115brz8._.js:2477
[ 8307254ms] [LOG] [Fast Refresh] rebuilding @ http://localhost:3000/_next/static/chunks/node_modules_next_dist_115brz8._.js:2477
[ 8308857ms] [LOG] [Fast Refresh] done in 1711ms @ http://localhost:3000/_next/static/chunks/node_modules_next_dist_115brz8._.js:2477
[ 9098109ms] [LOG] [Fast Refresh] rebuilding @ http://localhost:3000/_next/static/chunks/node_modules_next_dist_115brz8._.js:2477
[ 9098276ms] [LOG] [Fast Refresh] done in 166ms @ http://localhost:3000/_next/static/chunks/node_modules_next_dist_115brz8._.js:2477
[ 9098645ms] [LOG] [Fast Refresh] rebuilding @ http://localhost:3000/_next/static/chunks/node_modules_next_dist_115brz8._.js:2477
[ 9098840ms] [LOG] [Fast Refresh] done in 296ms @ http://localhost:3000/_next/static/chunks/node_modules_next_dist_115brz8._.js:2477
[ 9098971ms] [LOG] [Fast Refresh] rebuilding @ http://localhost:3000/_next/static/chunks/node_modules_next_dist_115brz8._.js:2477
[ 9099135ms] [LOG] [Fast Refresh] done in 272ms @ http://localhost:3000/_next/static/chunks/node_modules_next_dist_115brz8._.js:2477
[ 9099394ms] [LOG] [Fast Refresh] rebuilding @ http://localhost:3000/_next/static/chunks/node_modules_next_dist_115brz8._.js:2477
[ 9099438ms] [LOG] [Fast Refresh] done in 145ms @ http://localhost:3000/_next/static/chunks/node_modules_next_dist_115brz8._.js:2477
[ 9099644ms] [LOG] [Fast Refresh] rebuilding @ http://localhost:3000/_next/static/chunks/node_modules_next_dist_115brz8._.js:2477
[ 9099684ms] [LOG] [Fast Refresh] done in 140ms @ http://localhost:3000/_next/static/chunks/node_modules_next_dist_115brz8._.js:2477
[ 9100007ms] [LOG] [Fast Refresh] rebuilding @ http://localhost:3000/_next/static/chunks/node_modules_next_dist_115brz8._.js:2477
[ 9100074ms] [LOG] [Fast Refresh] done in 176ms @ http://localhost:3000/_next/static/chunks/node_modules_next_dist_115brz8._.js:2477
[ 9100262ms] [INFO] %cDownload the React DevTools for a better development experience: https://react.dev/link/react-devtools font-weight:bold @ http://localhost:3000/_next/static/chunks/node_modules_next_dist_115brz8._.js:2477
[ 9100350ms] [LOG] [HMR] connected @ http://localhost:3000/_next/static/chunks/node_modules_next_dist_115brz8._.js:2477
[ 9173410ms] [LOG] [Fast Refresh] rebuilding @ http://localhost:3000/_next/static/chunks/node_modules_next_dist_115brz8._.js:2477
[ 9175015ms] [LOG] [Fast Refresh] done in 1705ms @ http://localhost:3000/_next/static/chunks/node_modules_next_dist_115brz8._.js:2477
[ 9175182ms] [LOG] [Fast Refresh] rebuilding @ http://localhost:3000/_next/static/chunks/node_modules_next_dist_115brz8._.js:2477
[ 9175280ms] [LOG] [Fast Refresh] done in 189ms @ http://localhost:3000/_next/static/chunks/node_modules_next_dist_115brz8._.js:2477
[ 9175977ms] [LOG] [Fast Refresh] rebuilding @ http://localhost:3000/_next/static/chunks/node_modules_next_dist_115brz8._.js:2477
[ 9176188ms] [LOG] [Fast Refresh] done in 324ms @ http://localhost:3000/_next/static/chunks/node_modules_next_dist_115brz8._.js:2477
[ 9373948ms] [LOG] [Fast Refresh] rebuilding @ http://localhost:3000/_next/static/chunks/node_modules_next_dist_115brz8._.js:2477
[ 9375783ms] [LOG] [Fast Refresh] done in 1888ms @ http://localhost:3000/_next/static/chunks/node_modules_next_dist_115brz8._.js:2477
[ 9376115ms] [LOG] [Fast Refresh] rebuilding @ http://localhost:3000/_next/static/chunks/node_modules_next_dist_115brz8._.js:2477
[ 9376292ms] [LOG] [Fast Refresh] done in 288ms @ http://localhost:3000/_next/static/chunks/node_modules_next_dist_115brz8._.js:2477
[10028594ms] [LOG] [Fast Refresh] rebuilding @ http://localhost:3000/_next/static/chunks/node_modules_next_dist_115brz8._.js:2477
[10030229ms] [LOG] [Fast Refresh] done in 1738ms @ http://localhost:3000/_next/static/chunks/node_modules_next_dist_115brz8._.js:2477
[10030328ms] [LOG] [Fast Refresh] rebuilding @ http://localhost:3000/_next/static/chunks/node_modules_next_dist_115brz8._.js:2477
[10030463ms] [LOG] [Fast Refresh] done in 58ms @ http://localhost:3000/_next/static/chunks/node_modules_next_dist_115brz8._.js:2477
[10031761ms] [LOG] [Fast Refresh] rebuilding @ http://localhost:3000/_next/static/chunks/node_modules_next_dist_115brz8._.js:2477
[10031918ms] [LOG] [Fast Refresh] done in 266ms @ http://localhost:3000/_next/static/chunks/node_modules_next_dist_115brz8._.js:2477
[10032044ms] [LOG] [Fast Refresh] rebuilding @ http://localhost:3000/_next/static/chunks/node_modules_next_dist_115brz8._.js:2477
[10032207ms] [LOG] [Fast Refresh] done in 264ms @ http://localhost:3000/_next/static/chunks/node_modules_next_dist_115brz8._.js:2477
[10032761ms] [LOG] [Fast Refresh] rebuilding @ http://localhost:3000/_next/static/chunks/node_modules_next_dist_115brz8._.js:2477
[10032793ms] [LOG] [Fast Refresh] done in 141ms @ http://localhost:3000/_next/static/chunks/node_modules_next_dist_115brz8._.js:2477
[10256518ms] [LOG] [Fast Refresh] rebuilding @ http://localhost:3000/_next/static/chunks/node_modules_next_dist_115brz8._.js:2477
[10256522ms] [LOG] [Fast Refresh] done in 119ms @ http://localhost:3000/_next/static/chunks/node_modules_next_dist_115brz8._.js:2477
[10915983ms] [LOG] [Fast Refresh] rebuilding @ http://localhost:3000/_next/static/chunks/node_modules_next_dist_115brz8._.js:2477
[10917792ms] [LOG] [Fast Refresh] done in 1813ms @ http://localhost:3000/_next/static/chunks/node_modules_next_dist_115brz8._.js:2477
[10918070ms] [LOG] [Fast Refresh] rebuilding @ http://localhost:3000/_next/static/chunks/node_modules_next_dist_115brz8._.js:2477
[10918281ms] [LOG] [Fast Refresh] done in 315ms @ http://localhost:3000/_next/static/chunks/node_modules_next_dist_115brz8._.js:2477
[10973154ms] [LOG] [Fast Refresh] rebuilding @ http://localhost:3000/_next/static/chunks/node_modules_next_dist_115brz8._.js:2477
[10973178ms] [LOG] [Fast Refresh] done in 129ms @ http://localhost:3000/_next/static/chunks/node_modules_next_dist_115brz8._.js:2477
[11097419ms] [LOG] [Fast Refresh] rebuilding @ http://localhost:3000/_next/static/chunks/node_modules_next_dist_115brz8._.js:2477
[11099106ms] [LOG] [Fast Refresh] done in 1787ms @ http://localhost:3000/_next/static/chunks/node_modules_next_dist_115brz8._.js:2477
[11099157ms] [LOG] [Fast Refresh] rebuilding @ http://localhost:3000/_next/static/chunks/node_modules_next_dist_115brz8._.js:2477
[11099231ms] [LOG] [Fast Refresh] done in 69ms @ http://localhost:3000/_next/static/chunks/node_modules_next_dist_115brz8._.js:2477
[11099616ms] [LOG] [Fast Refresh] rebuilding @ http://localhost:3000/_next/static/chunks/node_modules_next_dist_115brz8._.js:2477
[11099871ms] [LOG] [Fast Refresh] done in 361ms @ http://localhost:3000/_next/static/chunks/node_modules_next_dist_115brz8._.js:2477
[11218289ms] [LOG] [Fast Refresh] rebuilding @ http://localhost:3000/_next/static/chunks/node_modules_next_dist_115brz8._.js:2477
[11220094ms] [LOG] [Fast Refresh] done in 1865ms @ http://localhost:3000/_next/static/chunks/node_modules_next_dist_115brz8._.js:2477
[11220487ms] [LOG] [Fast Refresh] rebuilding @ http://localhost:3000/_next/static/chunks/node_modules_next_dist_115brz8._.js:2477
[11220760ms] [LOG] [Fast Refresh] done in 373ms @ http://localhost:3000/_next/static/chunks/node_modules_next_dist_115brz8._.js:2477
[11297262ms] [LOG] [Fast Refresh] rebuilding @ http://localhost:3000/_next/static/chunks/node_modules_next_dist_115brz8._.js:2477
[11298950ms] [LOG] [Fast Refresh] done in 1799ms @ http://localhost:3000/_next/static/chunks/node_modules_next_dist_115brz8._.js:2477
[11298994ms] [LOG] [Fast Refresh] rebuilding @ http://localhost:3000/_next/static/chunks/node_modules_next_dist_115brz8._.js:2477
[11299059ms] [LOG] [Fast Refresh] done in 63ms @ http://localhost:3000/_next/static/chunks/node_modules_next_dist_115brz8._.js:2477
[11299362ms] [LOG] [Fast Refresh] rebuilding @ http://localhost:3000/_next/static/chunks/node_modules_next_dist_115brz8._.js:2477
[11299523ms] [LOG] [Fast Refresh] done in 266ms @ http://localhost:3000/_next/static/chunks/node_modules_next_dist_115brz8._.js:2477
[11299626ms] [LOG] [Fast Refresh] rebuilding @ http://localhost:3000/_next/static/chunks/node_modules_next_dist_115brz8._.js:2477
[11299867ms] [LOG] [Fast Refresh] done in 343ms @ http://localhost:3000/_next/static/chunks/node_modules_next_dist_115brz8._.js:2477
[11356655ms] [LOG] [Fast Refresh] rebuilding @ http://localhost:3000/_next/static/chunks/node_modules_next_dist_115brz8._.js:2477
[11356706ms] [LOG] [Fast Refresh] done in 152ms @ http://localhost:3000/_next/static/chunks/node_modules_next_dist_115brz8._.js:2477
[11403089ms] [LOG] [Fast Refresh] rebuilding @ http://localhost:3000/_next/static/chunks/node_modules_next_dist_115brz8._.js:2477
[11403339ms] [LOG] [Fast Refresh] done in 351ms @ http://localhost:3000/_next/static/chunks/node_modules_next_dist_115brz8._.js:2477
[11403425ms] [LOG] [Fast Refresh] rebuilding @ http://localhost:3000/_next/static/chunks/node_modules_next_dist_115brz8._.js:2477
[11403478ms] [LOG] [Fast Refresh] done in 34ms @ http://localhost:3000/_next/static/chunks/node_modules_next_dist_115brz8._.js:2477
[11403780ms] [LOG] [Fast Refresh] rebuilding @ http://localhost:3000/_next/static/chunks/node_modules_next_dist_115brz8._.js:2477
[11403915ms] [LOG] [Fast Refresh] done in 236ms @ http://localhost:3000/_next/static/chunks/node_modules_next_dist_115brz8._.js:2477
[11404039ms] [LOG] [Fast Refresh] rebuilding @ http://localhost:3000/_next/static/chunks/node_modules_next_dist_115brz8._.js:2477
[11404241ms] [LOG] [Fast Refresh] done in 304ms @ http://localhost:3000/_next/static/chunks/node_modules_next_dist_115brz8._.js:2477
[11629693ms] [LOG] [HMR] connected @ http://localhost:3000/_next/static/chunks/node_modules_next_dist_115brz8._.js:2477
[75705207ms] [LOG] [HMR] connected @ http://localhost:3000/_next/static/chunks/node_modules_next_dist_115brz8._.js:2477
[75706076ms] [LOG] [Fast Refresh] rebuilding @ http://localhost:3000/_next/static/chunks/node_modules_next_dist_115brz8._.js:2477
[75706485ms] [LOG] [Fast Refresh] done in 515ms @ http://localhost:3000/_next/static/chunks/node_modules_next_dist_115brz8._.js:2477
[75709455ms] [LOG] [Fast Refresh] rebuilding @ http://localhost:3000/_next/static/chunks/node_modules_next_dist_115brz8._.js:2477
[75710689ms] [LOG] [Fast Refresh] done in 1336ms @ http://localhost:3000/_next/static/chunks/node_modules_next_dist_115brz8._.js:2477
[86895082ms] [LOG] [Fast Refresh] rebuilding @ http://localhost:3000/_next/static/chunks/node_modules_next_dist_115brz8._.js:2477
[86934895ms] [LOG] [Fast Refresh] done in 39922ms @ http://localhost:3000/_next/static/chunks/node_modules_next_dist_115brz8._.js:2477
[86935188ms] [LOG] [Fast Refresh] rebuilding @ http://localhost:3000/_next/static/chunks/node_modules_next_dist_115brz8._.js:2477
[86935925ms] [LOG] [Fast Refresh] done in 851ms @ http://localhost:3000/_next/static/chunks/node_modules_next_dist_115brz8._.js:2477
[86937910ms] [LOG] [Fast Refresh] rebuilding @ http://localhost:3000/_next/static/chunks/node_modules_next_dist_115brz8._.js:2477
[86937971ms] [LOG] [Fast Refresh] done in 164ms @ http://localhost:3000/_next/static/chunks/node_modules_next_dist_115brz8._.js:2477
[87054669ms] [LOG] [Fast Refresh] rebuilding @ http://localhost:3000/_next/static/chunks/node_modules_next_dist_115brz8._.js:2477
[87056688ms] [LOG] [Fast Refresh] done in 2120ms @ http://localhost:3000/_next/static/chunks/node_modules_next_dist_115brz8._.js:2477
[87121329ms] [LOG] [Fast Refresh] rebuilding @ http://localhost:3000/_next/static/chunks/node_modules_next_dist_115brz8._.js:2477
[87121406ms] [LOG] [Fast Refresh] done in 178ms @ http://localhost:3000/_next/static/chunks/node_modules_next_dist_115brz8._.js:2477
[87197090ms] [LOG] [Fast Refresh] rebuilding @ http://localhost:3000/_next/static/chunks/node_modules_next_dist_115brz8._.js:2477
[87198739ms] [LOG] [Fast Refresh] done in 1749ms @ http://localhost:3000/_next/static/chunks/node_modules_next_dist_115brz8._.js:2477
